row,col,EVI_1,EVI_2,EVI_3,EVI_4,EVI_5,EVI_6,EVI_7,EVI_8,EVI_9,EVI_10,EVI_11,EVI_12,EVI_13,EVI_14,EVI_15,EVI_16,EVI_17,EVI_18,EVI_19,EVI_20,EVI_21,EVI_22,EVI_23,EVI_24,EVI_25,EVI_26,EVI_27,EVI_28,EVI_29,EVI_30,EVI_31,EVI_32,EVI_33,EVI_34,EVI_35,EVI_36,EVI_37,EVI_38,EVI_39,EVI_40,EVI_41,EVI_42,EVI_43,EVI_44,EVI_45,EVI_46
1,18,-0.002882,-0.017031,-0.031180,-0.020814,-0.010449,0.003353,-0.059957,-0.037250,-0.014542,-0.001778,0.010987,-0.053532,-0.033201,-0.015516,0.002168,-0.027833,-0.057834,-0.083979,-0.025945,0.029115,0.002094,-0.025458,-0.053010,-0.066803,-0.080597,-0.040493,-0.000390,-0.060168,0.015879,-0.003455,0.046346,0.017080,0.096823,0.061731,0.026640,-0.074232,0.014331,0.002521,-0.009289,-0.026698,-0.013565,-0.000432,0.001915,-0.031549,-0.014782,0.001812
2,19,0.018048,0.007948,0.014222,0.016205,0.018189,0.018800,0.019411,0.002434,-0.014542,0.016900,0.048343,0.051789,0.055234,0.068025,0.066826,0.062999,0.057177,0.054173,0.051169,0.058776,0.058287,0.035023,0.011759,0.031258,-0.013584,-0.006457,0.000670,0.013741,0.026812,0.090581,0.074509,0.077137,0.145140,0.042847,0.054061,0.065275,0.030947,0.070855,0.032525,0.022968,0.016133,0.009298,0.008599,0.042274,0.001376,0.003539
3,19,0.031543,0.027710,0.032624,0.029356,0.035594,0.024339,0.031209,0.039420,0.041556,0.042402,0.043249,0.040071,0.036893,0.068025,0.071022,0.077686,0.058440,0.073624,0.064531,0.078871,0.078529,0.058039,0.037549,0.052074,0.039670,0.039673,0.039676,0.055322,0.070968,0.087205,0.103442,0.076595,0.136528,0.072674,0.068974,0.065275,0.085911,0.070855,0.039898,0.015649,0.000323,-0.015003,0.000645,0.016292,0.002878,-0.019545
3,20,0.031543,0.027710,0.036198,0.030359,0.032869,0.024339,0.031209,0.036682,0.042156,0.048654,0.055151,0.032071,0.030005,0.071005,0.076898,0.049250,0.038612,0.073624,0.064531,0.046989,0.078529,0.044932,0.011335,0.046291,0.023707,0.031692,0.039676,0.055322,0.070968,0.076564,0.069036,0.043968,0.062165,0.080362,0.073159,0.065955,0.075097,0.084238,0.044598,0.004957,-0.003168,-0.011294,0.002499,0.016292,-0.015157,-0.006977
7,10,0.132761,0.132761,0.132761,0.115003,0.097245,0.107369,0.127039,0.163468,0.201781,0.256582,0.311383,0.405014,0.498645,0.404740,0.690478,0.534422,0.497538,0.427240,0.474142,0.239895,0.134926,0.141612,0.148298,0.194063,0.239828,0.336102,0.432377,0.593886,0.649776,0.663992,0.721648,0.546714,0.539248,0.531783,0.476163,0.420543,0.375759,0.246876,0.267907,0.230774,0.193641,0.156508,0.144629,0.174660,0.156265,0.137870
8,6,0.125488,0.125488,0.125488,0.110001,0.094514,0.091927,0.138370,0.157349,0.176329,0.238788,0.301248,0.447372,0.486276,0.417943,0.621798,0.504088,0.463766,0.469430,0.460267,0.228771,0.158810,0.144111,0.129412,0.147673,0.185895,0.321526,0.457157,0.526316,0.593206,0.640005,0.686805,0.669678,0.630219,0.590760,0.443991,0.408719,0.437592,0.226679,0.207879,0.189080,0.170281,0.151482,0.132682,0.119401,0.098411,0.137524
9,6,0.126330,0.126330,0.126330,0.113906,0.101482,0.117849,0.152158,0.187248,0.222339,0.291315,0.360290,0.447372,0.486276,0.452146,0.621798,0.515865,0.516399,0.469430,0.453655,0.235013,0.160715,0.151227,0.141738,0.179298,0.232413,0.326335,0.420257,0.551349,0.625412,0.669391,0.713371,0.676558,0.658505,0.640453,0.552948,0.400797,0.306550,0.197287,0.286619,0.239002,0.191385,0.143769,0.137586,0.132391,0.122236,0.102190
9,7,0.118106,0.118106,0.118106,0.108826,0.099546,0.117849,0.135845,0.172807,0.209769,0.285030,0.360290,0.445164,0.478167,0.453761,0.609601,0.611040,0.516399,0.513956,0.483793,0.235013,0.160715,0.118506,0.076298,0.122723,0.169149,0.291808,0.414466,0.526316,0.625412,0.703307,0.728774,0.687612,0.652269,0.616925,0.519145,0.421366,0.449006,0.299487,0.254760,0.210033,0.165306,0.120579,0.099454,0.132391,0.122236,0.102190
10,35,0.005977,0.007483,0.008989,0.018993,0.028997,-0.046176,-0.011503,-0.001407,0.008688,0.018784,0.011716,-0.010404,0.038213,0.058226,0.058017,0.016727,-0.023057,0.001165,-0.045793,-0.017397,0.014602,0.000170,-0.014261,-0.002834,0.008592,0.020019,0.031445,-0.005658,0.022694,0.076700,0.072243,0.064869,0.053104,0.041339,0.029574,0.022729,-0.001856,0.017627,0.009052,0.000477,0.008006,0.015535,0.004324,0.016132,0.027940,0.003206
11,35,-0.039687,-0.025715,-0.011743,-0.029634,-0.047526,-0.026672,-0.034729,-0.026131,-0.017532,-0.008934,0.011716,-0.033534,-0.043480,0.004738,-0.006812,0.046390,-0.022127,-0.017375,-0.012622,0.029917,0.035836,-0.022135,-0.080106,-0.054335,-0.028564,-0.002793,0.031445,-0.013020,0.009554,0.032128,0.023415,0.038900,0.054385,0.036655,0.018924,0.017495,0.011180,-0.016074,-0.009089,-0.002103,-0.012848,-0.023592,0.002568,0.002797,-0.008504,-0.042089
11,36,0.020387,0.024886,0.029385,0.012658,-0.004069,-0.026672,0.026388,0.026481,0.026573,0.026665,0.026757,-0.033534,-0.004846,0.049124,0.031436,0.046390,0.025187,0.003985,-0.012622,0.040632,0.035836,-0.022951,-0.081738,-0.078139,-0.074540,-0.034097,0.006346,-0.013020,0.019995,0.053010,0.016577,0.017844,-0.001505,0.008710,0.018924,0.003118,0.005434,0.023856,-0.022431,-0.002103,0.008328,0.018759,0.002568,0.038823,-0.008504,0.002155
11,37,0.020387,0.024886,0.029385,0.012658,-0.004069,-0.026672,0.026388,0.026481,0.026573,0.026665,0.026757,-0.033534,-0.004846,0.049124,0.031436,0.046390,0.025187,0.003985,-0.012622,0.040632,0.035836,-0.022951,-0.081738,-0.078139,-0.074540,-0.034097,0.006346,-0.013020,0.019995,0.053010,0.016577,0.017844,-0.001505,0.008710,0.018924,0.003118,0.005434,0.023856,-0.022431,-0.002103,0.008328,0.018759,0.002568,0.038823,-0.008504,0.002155
12,2,0.120910,0.120910,0.120910,0.114606,0.108302,0.110036,0.122557,0.164450,0.172210,0.220055,0.267901,0.359710,0.419049,0.371263,0.440615,0.443153,0.497223,0.496387,0.468936,0.207170,0.151355,0.133546,0.115737,0.158634,0.201532,0.349533,0.497534,0.534256,0.628632,0.637472,0.668979,0.571587,0.550393,0.529199,0.505697,0.387249,0.360703,0.301990,0.243278,0.220257,0.197237,0.174216,0.151195,0.128175,0.129966,0.132836
12,3,0.120910,0.120910,0.120910,0.114606,0.108302,0.110036,0.122557,0.164450,0.172210,0.220055,0.267901,0.359710,0.419049,0.371263,0.440615,0.443153,0.497223,0.496387,0.468936,0.207170,0.151355,0.133546,0.115737,0.158634,0.201532,0.349533,0.497534,0.534256,0.628632,0.637472,0.668979,0.571587,0.550393,0.529199,0.505697,0.387249,0.360703,0.301990,0.243278,0.220257,0.197237,0.174216,0.151195,0.128175,0.129966,0.132836
12,38,0.035961,-0.003920,0.029385,0.032865,0.036345,0.024525,-0.026689,-0.050216,-0.073744,-0.020330,0.033084,-0.012155,-0.007401,-0.000962,-0.075007,-0.026827,-0.064643,0.005018,-0.027492,-0.026660,-0.015412,-0.039923,-0.064434,-0.088338,-0.112242,-0.098435,-0.084627,0.016127,-0.055263,0.004723,-0.021112,-0.050899,-0.039100,-0.027300,-0.015501,0.010756,0.037013,0.063270,0.052753,0.042235,0.035614,0.028992,0.031390,0.037876,0.020237,0.029554
12,39,0.035961,-0.003920,0.029385,0.032865,0.036345,0.024525,-0.026689,-0.050216,-0.073744,-0.020330,0.033084,-0.012155,-0.007401,-0.000962,-0.075007,-0.026827,-0.064643,0.005018,-0.027492,-0.026660,-0.015412,-0.039923,-0.064434,-0.088338,-0.112242,-0.098435,-0.084627,0.016127,-0.055263,0.004723,-0.021112,-0.050899,-0.039100,-0.027300,-0.015501,0.010756,0.037013,0.063270,0.052753,0.042235,0.035614,0.028992,0.031390,0.037876,0.020237,0.029554
12,40,0.025192,0.017899,0.010605,0.003312,-0.003981,0.001154,-0.026689,-0.049450,-0.072212,-0.036993,-0.001774,-0.005583,-0.048616,-0.000962,0.034262,0.037777,0.011375,0.005018,-0.027492,0.017734,-0.027130,-0.045782,-0.064434,-0.041268,-0.018103,0.005062,0.028227,0.016127,0.052566,0.110349,0.062605,0.034391,0.039521,0.025834,0.012147,-0.021197,0.065470,0.063270,0.059676,0.056082,0.052487,0.048893,0.017477,0.045524,-0.018061,-0.002973
13,2,0.125234,0.125234,0.125234,0.121014,0.116795,0.119645,0.142523,0.181197,0.186132,0.246576,0.307020,0.389872,0.430510,0.432929,0.524057,0.549839,0.571824,0.497813,0.490898,0.220049,0.151215,0.167781,0.184348,0.200914,0.217480,0.307003,0.396526,0.485367,0.656919,0.605552,0.669945,0.670912,0.600055,0.529199,0.470071,0.394805,0.382730,0.261560,0.238078,0.221174,0.204270,0.187366,0.170462,0.153558,0.124395,0.103109
13,3,0.132957,0.132957,0.132957,0.128514,0.124071,0.151614,0.204918,0.215273,0.205928,0.280855,0.355783,0.434179,0.479762,0.421455,0.630398,0.521784,0.554202,0.524484,0.490898,0.232497,0.147202,0.134422,0.121641,0.169561,0.217480,0.331543,0.445606,0.598618,0.693112,0.683358,0.678868,0.595438,0.590530,0.585622,0.553030,0.395527,0.388153,0.261560,0.271472,0.241379,0.211285,0.181191,0.151097,0.121003,0.112578,0.095316
13,4,0.206963,0.206963,0.206963,0.192320,0.177677,0.151614,0.248121,0.215273,0.282082,0.318933,0.355783,0.510772,0.520815,0.426353,0.630398,0.521960,0.539950,0.512950,0.529356,0.192447,0.147202,0.137564,0.127926,0.175060,0.222194,0.348273,0.474352,0.558438,0.669831,0.685662,0.678868,0.674478,0.676073,0.677667,0.540712,0.411937,0.447375,0.276897,0.302800,0.270155,0.237511,0.204866,0.172222,0.139578,0.112578,0.095316
13,5,0.206963,0.206963,0.206963,0.192320,0.177677,0.151614,0.248121,0.215273,0.282082,0.318933,0.355783,0.510772,0.520815,0.426353,0.630398,0.521960,0.539950,0.512950,0.529356,0.192447,0.147202,0.137564,0.127926,0.175060,0.222194,0.348273,0.474352,0.558438,0.669831,0.685662,0.678868,0.674478,0.676073,0.677667,0.540712,0.411937,0.447375,0.276897,0.302800,0.270155,0.237511,0.204866,0.172222,0.139578,0.112578,0.095316
14,4,0.206963,0.206963,0.206963,0.211036,0.215108,0.141993,0.207680,0.273732,0.296970,0.374612,0.452253,0.409772,0.484311,0.450596,0.658274,0.521960,0.550050,0.529766,0.529356,0.186703,0.128675,0.133953,0.139231,0.184113,0.228994,0.365598,0.502202,0.589886,0.666354,0.654424,0.642494,0.715405,0.681054,0.646703,0.592412,0.419579,0.406321,0.282873,0.304272,0.241975,0.179679,0.117382,0.119921,0.129776,0.118332,0.119245
14,5,0.263167,0.263167,0.263167,0.255798,0.248428,0.167239,0.311484,0.273732,0.305663,0.378958,0.452253,0.461703,0.544457,0.461608,0.658274,0.495185,0.561653,0.529766,0.543156,0.180034,0.158138,0.139731,0.121324,0.175444,0.229564,0.365883,0.502202,0.668169,0.666354,0.837338,0.776371,0.715405,0.664384,0.613363,0.649348,0.468558,0.477810,0.340363,0.304272,0.238002,0.171731,0.105461,0.117618,0.129776,0.124553,0.119331
14,48,-0.007126,-0.054265,0.013135,-0.004815,-0.022766,-0.040716,-0.038455,-0.034683,-0.030912,0.056419,0.038694,0.035467,0.059910,0.027348,0.007676,-0.005860,-0.005795,0.044863,-0.025071,-0.014087,-0.003103,-0.004075,-0.005048,0.007800,0.020648,0.033496,0.046344,0.017215,0.027240,0.039966,0.003115,0.016164,0.054284,0.037875,0.021465,0.016322,0.011178,0.006034,-0.064118,-0.047175,-0.037973,-0.028772,-0.043615,-0.032872,-0.057441,-0.063664
14,49,-0.047851,-0.058177,-0.060673,-0.060221,-0.059768,-0.097820,-0.021868,-0.013631,-0.005394,0.002842,0.037954,0.035467,0.043208,-0.003966,-0.000295,0.003376,0.038978,0.047298,-0.025071,0.001592,0.028255,0.011604,-0.005048,-0.020377,0.001586,0.023550,0.045513,0.124392,0.001950,0.019848,0.088355,0.005149,0.041286,0.031376,0.021465,0.014681,0.007896,-0.013567,-0.064118,-0.057344,-0.059189,-0.061035,-0.078293,-0.032872,-0.068330,-0.028799
14,52,-0.070796,-0.070796,-0.049620,-0.024149,0.001321,0.021621,-0.017449,0.007267,0.031982,0.050624,0.069266,0.023552,0.018107,0.016212,0.015382,0.014553,0.013724,0.041772,0.023672,0.018760,0.003129,0.012100,-0.021783,0.014684,-0.022680,0.011067,0.044813,0.048885,0.052957,0.057028,0.093021,0.073463,0.053905,0.082895,0.010932,0.014248,0.017564,0.020881,-0.031410,-0.020735,-0.026821,-0.032907,-0.060188,-0.033070,-0.057265,-0.055878
15,2,0.095840,0.106146,0.116451,0.109197,0.101943,0.108765,0.140538,0.146087,0.116942,0.166073,0.215204,0.279503,0.255460,0.315963,0.438853,0.306737,0.337184,0.333183,0.363504,0.149830,0.111636,0.140502,0.169368,0.190101,0.210833,0.245320,0.279806,0.416499,0.515797,0.515258,0.514718,0.340515,0.353455,0.366396,0.330864,0.222334,0.264567,0.189365,0.169673,0.149981,0.130289,0.110597,0.106533,0.102470,0.115926,0.102052
15,3,0.150553,0.157252,0.163951,0.164836,0.165721,0.142241,0.170582,0.146087,0.214770,0.275894,0.337018,0.396584,0.435061,0.315963,0.438853,0.501026,0.480189,0.454782,0.363504,0.205231,0.137772,0.156037,0.174303,0.192568,0.210833,0.353852,0.496871,0.393599,0.515797,0.630701,0.651194,0.630576,0.524081,0.417585,0.559641,0.299356,0.364580,0.189365,0.180213,0.165676,0.151138,0.136601,0.143926,0.165555,0.156724,0.141811
15,4,0.150553,0.157252,0.163951,0.153943,0.143935,0.122785,0.207680,0.176120,0.212389,0.274704,0.337018,0.449757,0.485873,0.467318,0.709125,0.543369,0.550050,0.591586,0.538670,0.205231,0.153579,0.176286,0.198993,0.221700,0.244406,0.378104,0.511801,0.592244,0.666354,0.701990,0.737626,0.713624,0.646580,0.579535,0.559641,0.465806,0.364580,0.290896,0.269627,0.223875,0.178123,0.132371,0.150008,0.162790,0.156724,0.160101
15,8,0.093291,0.093291,0.093291,0.091109,0.088927,0.089569,0.107759,0.145692,0.162670,0.263879,0.264762,0.398667,0.516911,0.583644,0.650377,0.478453,0.468788,0.454895,0.494643,0.171647,0.117611,0.144572,0.171533,0.198493,0.225454,0.370433,0.515413,0.547265,0.648672,0.756399,0.733177,0.711629,0.655288,0.598948,0.592206,0.390933,0.390132,0.302625,0.216129,0.183265,0.150400,0.117536,0.118137,0.195864,0.168900,0.168900
15,9,0.095137,0.095137,0.095137,0.083837,0.072537,0.089569,0.127301,0.145692,0.159334,0.263879,0.264762,0.394464,0.506505,0.585807,0.665109,0.490001,0.485531,0.462149,0.489773,0.173141,0.122868,0.133036,0.143205,0.153373,0.217949,0.350456,0.482964,0.530300,0.633805,0.760831,0.747908,0.711629,0.659671,0.607714,0.592206,0.400225,0.334147,0.268068,0.201989,0.180605,0.159220,0.137836,0.120361,0.140449,0.151742,0.151742
15,10,0.095137,0.095137,0.095137,0.083837,0.072537,0.089569,0.127301,0.145692,0.159334,0.263879,0.264762,0.394464,0.506505,0.585807,0.665109,0.490001,0.485531,0.462149,0.489773,0.173141,0.122868,0.133036,0.143205,0.153373,0.217949,0.350456,0.482964,0.530300,0.633805,0.760831,0.747908,0.711629,0.659671,0.607714,0.592206,0.400225,0.334147,0.268068,0.201989,0.180605,0.159220,0.137836,0.120361,0.140449,0.151742,0.151742
15,11,0.115468,0.115468,0.115468,0.099680,0.083892,0.103548,0.138999,0.148991,0.181809,0.263879,0.287627,0.422482,0.457100,0.561105,0.665109,0.495717,0.500462,0.465035,0.483238,0.185045,0.132608,0.143304,0.154000,0.164696,0.235037,0.355535,0.476034,0.474762,0.657071,0.760831,0.747908,0.682888,0.614362,0.545835,0.572717,0.401166,0.334774,0.268381,0.201989,0.173204,0.144418,0.115633,0.120361,0.140449,0.151742,0.151742
15,12,0.093390,0.093390,0.093390,0.089153,0.084915,0.095364,0.138999,0.148991,0.161545,0.215617,0.269689,0.394392,0.426147,0.464212,0.675168,0.494610,0.496128,0.474508,0.489069,0.206313,0.130956,0.132082,0.133207,0.134332,0.235037,0.359653,0.484269,0.474762,0.657071,0.766015,0.704587,0.271323,0.408579,0.545835,0.572717,0.401166,0.355221,0.309276,0.263331,0.217386,0.171441,0.125496,0.144698,0.161847,0.142370,0.144502
15,13,0.093390,0.093390,0.093390,0.080652,0.067914,0.088910,0.119950,0.144088,0.174007,0.222581,0.271155,0.405396,0.473994,0.464212,0.675168,0.491307,0.543496,0.462574,0.489069,0.178646,0.130956,0.132082,0.133207,0.134332,0.223468,0.359756,0.496044,0.413357,0.658727,0.766015,0.905148,0.777439,0.649731,0.522022,0.607807,0.441899,0.412375,0.349816,0.287258,0.224699,0.162141,0.099582,0.108988,0.124314,0.127915,0.119202
15,49,-0.047851,-0.080332,-0.060673,-0.068742,-0.076810,-0.097820,-0.021868,-0.004220,0.013427,0.019530,0.025632,0.029352,0.033071,0.050276,0.051110,0.051945,0.038978,0.047319,0.024455,0.008624,0.027148,0.019949,0.012751,0.016107,0.019463,0.022820,0.026176,0.129835,0.028569,0.037217,0.088355,0.120557,0.152759,0.084355,0.015952,-0.006594,0.021139,0.019320,-0.017484,-0.054287,-0.057875,-0.061462,-0.051014,-0.022002,-0.040994,-0.062071
15,50,-0.047851,-0.090216,-0.060673,-0.077393,-0.094113,-0.057783,-0.021868,-0.011153,-0.000439,0.013610,0.027659,0.006598,-0.067651,0.027839,0.051403,0.074968,0.015467,0.047319,-0.014546,-0.007545,-0.005509,0.012100,-0.002966,-0.018032,-0.033098,-0.003461,0.026176,0.134951,0.141746,0.148542,0.080455,-0.011955,0.048361,0.023913,-0.000535,-0.006594,0.012348,0.014990,-0.101146,-0.054195,-0.056611,-0.059027,-0.051014,-0.022308,-0.045722,-0.058626
15,51,-0.078347,-0.099086,-0.060673,-0.072168,-0.083663,-0.056205,-0.000555,0.009821,0.020196,0.044731,0.069266,0.006598,-0.046210,0.027839,0.022230,0.016621,0.015467,0.066295,0.026481,0.009874,-0.001181,0.012100,-0.002966,-0.018032,-0.033098,-0.003461,0.026176,0.134951,0.141746,0.148542,0.080455,0.064392,0.048329,0.032266,0.016203,0.000930,-0.008768,-0.018467,-0.063399,-0.054195,-0.056611,-0.059027,-0.070078,-0.030991,-0.052346,-0.043300
15,52,-0.050915,-0.099542,-0.028679,-0.039812,-0.050945,-0.056205,0.012028,0.024006,0.035983,0.052625,0.069266,0.016787,-0.018615,0.003643,0.019072,0.034500,0.024672,0.066295,0.026481,0.033197,0.027122,0.012100,0.000506,-0.011087,-0.022680,-0.008229,0.006222,0.030317,0.054412,0.171639,0.117195,0.014573,0.100923,0.076584,0.035432,-0.005719,0.011166,0.028051,-0.063399,-0.063788,-0.061976,-0.060164,-0.070078,-0.033070,-0.052346,-0.058320
16,1,0.190833,0.178385,0.165937,0.163990,0.162044,0.141286,0.132206,0.154693,0.177180,0.225189,0.273199,0.300475,0.363765,0.368769,0.438853,0.412403,0.436337,0.393171,0.458543,0.200817,0.169739,0.189867,0.209995,0.230124,0.250252,0.343152,0.436052,0.546968,0.515797,0.620191,0.549360,0.478528,0.465603,0.452678,0.403144,0.277176,0.274419,0.194976,0.181128,0.167280,0.153431,0.139583,0.175701,0.164930,0.153793,0.153965
16,2,0.181833,0.176295,0.170756,0.168239,0.165721,0.172500,0.185538,0.209309,0.233080,0.284740,0.336401,0.396584,0.444046,0.368769,0.548205,0.463589,0.468649,0.483094,0.458543,0.210546,0.150160,0.148532,0.146903,0.198578,0.250252,0.383072,0.515893,0.393599,0.515797,0.682165,0.651194,0.635068,0.593726,0.552383,0.552234,0.296551,0.296583,0.194976,0.180382,0.165789,0.151195,0.136601,0.150842,0.153624,0.137915,0.147477
16,3,0.181833,0.171085,0.160337,0.145097,0.129858,0.122828,0.163179,0.179035,0.194891,0.265646,0.336401,0.427078,0.485873,0.441813,0.709125,0.552235,0.617313,0.552398,0.519605,0.266961,0.153925,0.177915,0.201905,0.225895,0.249884,0.382889,0.515893,0.607966,0.700038,0.698394,0.753737,0.701651,0.664196,0.626740,0.552234,0.433487,0.296583,0.283504,0.251772,0.220040,0.188308,0.156576,0.151135,0.153624,0.137915,0.150216
16,4,0.181833,0.171085,0.160337,0.145097,0.129858,0.122828,0.163179,0.179035,0.194891,0.265646,0.336401,0.427078,0.485873,0.441813,0.709125,0.552235,0.617313,0.552398,0.519605,0.266961,0.153925,0.177915,0.201905,0.225895,0.249884,0.382889,0.515893,0.607966,0.700038,0.698394,0.753737,0.701651,0.664196,0.626740,0.552234,0.433487,0.296583,0.283504,0.251772,0.220040,0.188308,0.156576,0.151135,0.153624,0.137915,0.150216
16,8,0.093291,0.093291,0.093291,0.086110,0.078930,0.087960,0.107759,0.141645,0.160831,0.263879,0.253385,0.385920,0.423323,0.428113,0.635757,0.487463,0.493324,0.541963,0.494643,0.206915,0.144252,0.164553,0.184853,0.205153,0.225454,0.347068,0.468682,0.616975,0.651428,0.772325,0.798215,0.715415,0.691830,0.668245,0.619588,0.460388,0.456256,0.302625,0.259839,0.217053,0.174268,0.131482,0.168022,0.183693,0.150815,0.120640
16,9,0.095135,0.095135,0.095135,0.083836,0.072537,0.087960,0.131256,0.141645,0.159334,0.263879,0.285227,0.394464,0.444341,0.454068,0.659027,0.506465,0.521208,0.448192,0.483238,0.194805,0.128681,0.142824,0.156967,0.171110,0.246888,0.380442,0.513995,0.616975,0.633805,0.750714,0.716795,0.715415,0.699377,0.683338,0.619588,0.464137,0.411529,0.358922,0.306314,0.253706,0.201098,0.148491,0.168022,0.169387,0.174993,0.174993
16,10,0.110303,0.110303,0.110303,0.098966,0.087630,0.112507,0.142881,0.145451,0.176778,0.270765,0.285227,0.415758,0.457100,0.473253,0.659027,0.515156,0.534570,0.452649,0.483238,0.164015,0.125522,0.146778,0.168034,0.189290,0.244625,0.367781,0.490938,0.474762,0.661525,0.750714,0.716795,0.705644,0.650676,0.595708,0.592128,0.464137,0.406053,0.347969,0.289885,0.231801,0.173717,0.115633,0.147397,0.169387,0.174993,0.174993
16,11,0.105995,0.105995,0.105995,0.097352,0.088709,0.109586,0.142881,0.157453,0.178571,0.270765,0.304398,0.424002,0.443316,0.473253,0.684587,0.480353,0.496128,0.469482,0.512366,0.196968,0.136186,0.153887,0.171588,0.189290,0.244625,0.371695,0.498765,0.506011,0.661525,0.758014,0.732234,0.715148,0.655428,0.595708,0.592128,0.421976,0.372796,0.323616,0.274435,0.225255,0.176074,0.126894,0.136921,0.145224,0.129122,0.107484
16,12,0.105995,0.105995,0.105995,0.097023,0.088051,0.111059,0.137874,0.149269,0.196620,0.270765,0.298704,0.424002,0.491689,0.475606,0.684587,0.491049,0.507679,0.474530,0.512366,0.184858,0.136186,0.140965,0.145744,0.150522,0.223468,0.368130,0.512793,0.492357,0.667961,0.758014,0.732234,0.723838,0.625630,0.527422,0.607807,0.455536,0.430478,0.364992,0.299506,0.234020,0.168535,0.103049,0.111590,0.123572,0.116733,0.116733
16,13,0.105995,0.105995,0.105995,0.097023,0.088051,0.111059,0.137874,0.149269,0.196620,0.270765,0.298704,0.424002,0.491689,0.475606,0.684587,0.491049,0.507679,0.474530,0.512366,0.184858,0.136186,0.140965,0.145744,0.150522,0.223468,0.368130,0.512793,0.492357,0.667961,0.758014,0.732234,0.723838,0.625630,0.527422,0.607807,0.455536,0.430478,0.364992,0.299506,0.234020,0.168535,0.103049,0.111590,0.123572,0.116733,0.116733
16,14,0.110361,0.110361,0.110361,0.102503,0.094646,0.111059,0.138237,0.149269,0.196620,0.251457,0.306293,0.413028,0.422661,0.465833,0.632666,0.491502,0.504102,0.474530,0.518856,0.183570,0.130037,0.147596,0.165155,0.182714,0.229901,0.371347,0.512793,0.505282,0.667961,0.778829,0.719630,0.723838,0.612054,0.500269,0.600944,0.425335,0.430478,0.365904,0.301330,0.236757,0.172183,0.107610,0.117001,0.124126,0.116733,0.116733
16,51,-0.057054,-0.082307,-0.013041,-0.020400,-0.027758,-0.019952,-0.007991,-0.000144,0.007704,0.021961,0.036219,0.006598,-0.029772,0.000684,0.031141,0.038697,0.046254,0.053811,0.026481,0.008994,-0.005509,-0.024901,-0.044293,-0.018748,-0.025011,0.033785,0.092581,0.111234,0.129888,0.148542,0.149100,-0.004684,0.048361,0.035134,0.016203,0.027891,0.018699,-0.014144,-0.046988,-0.040010,-0.057827,-0.075645,-0.070078,-0.048257,-0.081665,-0.091325
16,52,-0.057054,-0.049730,-0.042406,-0.035082,-0.027758,-0.019952,-0.003146,-0.005736,-0.008326,0.013947,0.036219,0.033216,-0.027554,0.038054,0.035428,0.011440,0.009000,0.053811,0.026481,0.026119,0.047769,0.008548,-0.030673,-0.018748,-0.025011,-0.009394,0.006222,0.027461,0.048699,0.211918,0.134890,-0.004684,0.136398,0.035134,0.016203,-0.026879,-0.023757,-0.020635,-0.046988,-0.076946,-0.079643,-0.082341,-0.070078,-0.045485,-0.081665,-0.081665
17,1,0.238864,0.250887,0.262911,0.210357,0.157803,0.215382,0.253730,0.260698,0.306802,0.354657,0.402512,0.423758,0.467306,0.445420,0.548205,0.525318,0.551573,0.573223,0.574837,0.206998,0.180867,0.186322,0.191778,0.222855,0.253932,0.410142,0.566352,0.533896,0.628033,0.624898,0.632318,0.639737,0.576377,0.513017,0.515158,0.346631,0.326997,0.251874,0.222668,0.193462,0.164256,0.135050,0.167171,0.171184,0.169359,0.151691
17,2,0.215300,0.239105,0.262911,0.253393,0.243876,0.227248,0.188093,0.254693,0.249332,0.325922,0.402512,0.459452,0.594576,0.477687,0.548205,0.550784,0.468649,0.601392,0.574837,0.228878,0.172280,0.172347,0.172414,0.213173,0.253932,0.397614,0.541297,0.562627,0.628033,0.644378,0.660723,0.677069,0.622032,0.566995,0.579399,0.288573,0.251972,0.137988,0.137012,0.136035,0.135059,0.134083,0.130462,0.137313,0.137915,0.127907
17,3,0.215300,0.184368,0.153436,0.140821,0.128205,0.227248,0.188093,0.185256,0.197072,0.268632,0.340192,0.493902,0.451942,0.558765,0.661878,0.500087,0.569665,0.576384,0.519605,0.227589,0.129093,0.163271,0.197450,0.231628,0.265807,0.403552,0.541297,0.616221,0.664869,0.645533,0.626197,0.606861,0.620016,0.633170,0.579399,0.417416,0.432129,0.211929,0.191262,0.170595,0.149928,0.129261,0.128132,0.137313,0.142868,0.127907
17,8,0.092309,0.092309,0.092309,0.082838,0.073367,0.089097,0.123571,0.158198,0.168857,0.245008,0.252573,0.369475,0.384012,0.413613,0.593118,0.425986,0.431420,0.518888,0.489804,0.191226,0.149289,0.168608,0.187927,0.207246,0.226565,0.366581,0.506597,0.579012,0.651428,0.721733,0.759343,0.702100,0.686947,0.671794,0.602245,0.445261,0.415973,0.324351,0.276687,0.229023,0.181359,0.133696,0.172929,0.185281,0.151319,0.115316
17,11,0.113404,0.113404,0.113404,0.101574,0.089744,0.112153,0.146675,0.162787,0.190854,0.266209,0.305276,0.427257,0.494642,0.475606,0.684587,0.531682,0.560220,0.517319,0.529475,0.182030,0.125587,0.154099,0.182611,0.211123,0.239635,0.396739,0.553842,0.618102,0.681581,0.693734,0.699335,0.661655,0.649570,0.637485,0.614955,0.456408,0.403573,0.350739,0.297904,0.245070,0.192235,0.139401,0.128305,0.130468,0.116646,0.107484
17,12,0.105714,0.105714,0.105714,0.097906,0.090099,0.112592,0.137613,0.161972,0.207256,0.266209,0.312900,0.443745,0.499205,0.475606,0.684587,0.516728,0.536577,0.489545,0.529475,0.204141,0.153283,0.149593,0.145902,0.142212,0.241980,0.397911,0.553842,0.597056,0.681780,0.758014,0.633388,0.689603,0.644576,0.599549,0.614955,0.456899,0.490982,0.413425,0.335868,0.258311,0.180753,0.103196,0.102488,0.113370,0.116646,0.103595
17,13,0.113224,0.113224,0.113224,0.103935,0.094646,0.118363,0.143475,0.161972,0.207256,0.262110,0.316965,0.383038,0.405252,0.465833,0.632666,0.484836,0.513219,0.489545,0.536114,0.191292,0.153283,0.158395,0.163506,0.168617,0.239187,0.392961,0.546735,0.597056,0.681780,0.758014,0.722591,0.663006,0.603422,0.543838,0.606916,0.456899,0.490982,0.411632,0.332281,0.252931,0.173580,0.094230,0.101601,0.113370,0.101889,0.092797
17,14,0.112827,0.112827,0.112827,0.101324,0.089821,0.111063,0.130212,0.145448,0.182677,0.218148,0.253618,0.383038,0.405252,0.445879,0.632666,0.441107,0.471249,0.465547,0.536114,0.190471,0.137141,0.162653,0.188164,0.213676,0.239187,0.361547,0.483906,0.565116,0.654603,0.776047,0.698633,0.640124,0.524174,0.408224,0.606916,0.441774,0.466561,0.395362,0.324163,0.252964,0.181766,0.110567,0.130591,0.106766,0.127873,0.129835
17,15,0.112827,0.112827,0.112827,0.101324,0.089821,0.111063,0.130212,0.145448,0.182677,0.218148,0.253618,0.383038,0.405252,0.445879,0.632666,0.441107,0.471249,0.465547,0.536114,0.190471,0.137141,0.162653,0.188164,0.213676,0.239187,0.361547,0.483906,0.565116,0.654603,0.776047,0.698633,0.640124,0.524174,0.408224,0.606916,0.441774,0.466561,0.395362,0.324163,0.252964,0.181766,0.110567,0.130591,0.106766,0.127873,0.129835
17,29,0.087964,0.095252,0.102539,0.092189,0.081839,0.091422,0.110446,0.130397,0.150348,0.198715,0.247083,0.339081,0.361338,0.409640,0.592024,0.505711,0.450153,0.347184,0.515493,0.197714,0.137719,0.139580,0.141440,0.143301,0.205889,0.313544,0.421199,0.523071,0.616308,0.731926,0.676025,0.590895,0.602666,0.614436,0.626207,0.439964,0.370612,0.301260,0.235144,0.169028,0.139922,0.110815,0.123196,0.133005,0.130315,0.130315
17,30,0.103020,0.110293,0.117567,0.099703,0.081839,0.091422,0.110446,0.151669,0.192893,0.219988,0.247083,0.339081,0.396333,0.409640,0.536277,0.485744,0.379094,0.347184,0.515493,0.185631,0.131659,0.128585,0.125511,0.157235,0.210238,0.314717,0.419195,0.512311,0.616308,0.731926,0.611928,0.521521,0.556416,0.591311,0.626207,0.376444,0.342109,0.307774,0.233961,0.160149,0.161341,0.162533,0.130881,0.133005,0.130315,0.130315
18,2,0.215300,0.248254,0.281209,0.275285,0.269361,0.214994,0.204883,0.242960,0.281036,0.340077,0.399117,0.444572,0.501761,0.434344,0.639684,0.572977,0.597634,0.565206,0.574837,0.228878,0.181241,0.176827,0.172414,0.213108,0.253802,0.415934,0.578065,0.639442,0.650000,0.672660,0.691607,0.687429,0.645635,0.603841,0.579399,0.324687,0.251972,0.224200,0.196429,0.168657,0.140885,0.113113,0.140544,0.147811,0.142868,0.159431
18,3,0.215300,0.190479,0.165657,0.154773,0.143889,0.214994,0.204883,0.205734,0.206585,0.282160,0.357734,0.493902,0.573844,0.467164,0.670512,0.572977,0.617365,0.576384,0.539373,0.226410,0.154322,0.170115,0.185908,0.225857,0.265807,0.574217,0.578065,0.646114,0.687591,0.741297,0.709781,0.606861,0.601220,0.595579,0.579399,0.404386,0.423536,0.362486,0.301437,0.240387,0.179338,0.118288,0.137004,0.147811,0.142868,0.136871
18,4,0.109127,0.109127,0.109127,0.099711,0.090294,0.111719,0.135027,0.170806,0.206585,0.258753,0.310920,0.460760,0.495972,0.467164,0.670512,0.546108,0.607583,0.594312,0.539373,0.260498,0.154322,0.170115,0.185908,0.209462,0.233017,0.518396,0.567922,0.632666,0.687591,0.849290,0.782960,0.716630,0.656104,0.595579,0.631883,0.456646,0.423536,0.272939,0.242070,0.211200,0.180330,0.149461,0.149319,0.145091,0.139900,0.134709
18,7,0.085987,0.085987,0.085987,0.085987,0.085987,0.108855,0.136218,0.158198,0.191311,0.236864,0.282417,0.430399,0.455223,0.431734,0.593118,0.476308,0.480175,0.468375,0.471665,0.170517,0.127909,0.151816,0.175723,0.199631,0.223538,0.381942,0.540347,0.590906,0.581475,0.724947,0.695074,0.749738,0.683500,0.617262,0.622968,0.458254,0.415973,0.225157,0.206398,0.187639,0.168881,0.150122,0.152184,0.164650,0.155242,0.139223
18,10,0.126478,0.126478,0.126478,0.127148,0.127818,0.161449,0.156302,0.182767,0.200472,0.266209,0.308154,0.415469,0.442731,0.450273,0.628096,0.474798,0.484419,0.436919,0.511711,0.174607,0.150672,0.172913,0.195153,0.217394,0.239635,0.353768,0.467900,0.581548,0.621517,0.743143,0.735997,0.702584,0.630016,0.557448,0.571546,0.432296,0.426192,0.366387,0.306582,0.246777,0.186972,0.127167,0.122115,0.123826,0.115168,0.115168
18,11,0.126478,0.126478,0.126478,0.114493,0.102507,0.110562,0.156302,0.182767,0.187769,0.266209,0.296645,0.431447,0.416480,0.450273,0.587965,0.460336,0.484198,0.420010,0.529475,0.172261,0.150339,0.152317,0.154294,0.156271,0.239635,0.344980,0.450325,0.572253,0.621517,0.734121,0.620887,0.507653,0.532551,0.557448,0.572222,0.464580,0.429273,0.369887,0.310501,0.251114,0.191728,0.132342,0.114406,0.109158,0.116646,0.099808
18,12,0.112268,0.112268,0.112268,0.109913,0.107557,0.121329,0.141564,0.192454,0.199158,0.266209,0.312900,0.431447,0.435358,0.445937,0.587965,0.438417,0.455254,0.410087,0.487363,0.175246,0.157574,0.178148,0.198722,0.219297,0.239871,0.345098,0.450325,0.554187,0.681780,0.734121,0.633388,0.326433,0.416395,0.506357,0.572222,0.475945,0.429273,0.363922,0.298570,0.233219,0.167868,0.102517,0.111308,0.115425,0.101889,0.098237
18,13,0.142545,0.142545,0.142545,0.119648,0.096752,0.121329,0.172080,0.161778,0.199158,0.257402,0.315645,0.407125,0.435358,0.432728,0.553440,0.423931,0.443185,0.410087,0.536114,0.163457,0.157574,0.178148,0.198722,0.219297,0.239871,0.361382,0.482894,0.578191,0.647768,0.744877,0.705150,0.326433,0.421415,0.516396,0.562560,0.475945,0.444638,0.375296,0.305954,0.236611,0.167269,0.097927,0.101601,0.115425,0.101889,0.088152
18,29,0.064381,0.080722,0.097063,0.077294,0.057526,0.075473,0.097880,0.135992,0.147920,0.197502,0.247083,0.370172,0.359592,0.524828,0.649121,0.576446,0.565328,0.436479,0.456330,0.243841,0.136959,0.134516,0.132073,0.129630,0.212974,0.328996,0.445018,0.590177,0.670108,0.731926,0.716346,0.636863,0.650955,0.665047,0.679139,0.481431,0.410059,0.338686,0.264114,0.189542,0.168978,0.148413,0.124678,0.127761,0.113088,0.132734
18,31,0.163957,0.188915,0.213874,0.181382,0.148890,0.189464,0.215742,0.245805,0.275868,0.320856,0.365845,0.411369,0.441572,0.422048,0.651779,0.585048,0.596295,0.443941,0.464682,0.170117,0.156911,0.167250,0.177590,0.187929,0.198268,0.334742,0.471217,0.556235,0.656261,0.733344,0.690021,0.644432,0.635125,0.625818,0.616511,0.416450,0.474158,0.317819,0.254007,0.190195,0.149597,0.108998,0.109971,0.098234,0.091305,0.091305
19,0,0.168305,0.160049,0.151793,0.145070,0.138346,0.131830,0.152270,0.194180,0.236090,0.259691,0.283292,0.434496,0.426573,0.436367,0.593551,0.519612,0.551616,0.542997,0.554086,0.240650,0.166993,0.181529,0.196065,0.222231,0.248396,0.375596,0.502796,0.634098,0.654457,0.697368,0.669870,0.642372,0.619617,0.596863,0.543660,0.444667,0.393973,0.349994,0.306016,0.262037,0.218058,0.174080,0.187355,0.184427,0.177264,0.165125
19,1,0.149684,0.150738,0.151793,0.144118,0.136442,0.131830,0.152270,0.177782,0.203295,0.243293,0.283292,0.383052,0.501761,0.436367,0.593551,0.574788,0.581871,0.565206,0.554086,0.230642,0.141761,0.161683,0.181605,0.224195,0.266786,0.384791,0.502796,0.634098,0.654457,0.780224,0.723250,0.636799,0.621450,0.606102,0.576883,0.457888,0.391378,0.341543,0.291708,0.241873,0.192038,0.142203,0.157001,0.184427,0.133846,0.165125
19,2,0.149684,0.150738,0.151793,0.144118,0.136442,0.131830,0.152270,0.177782,0.203295,0.243293,0.283292,0.383052,0.501761,0.436367,0.593551,0.574788,0.581871,0.565206,0.554086,0.230642,0.141761,0.161683,0.181605,0.224195,0.266786,0.384791,0.502796,0.634098,0.654457,0.780224,0.723250,0.636799,0.621450,0.606102,0.576883,0.457888,0.391378,0.341543,0.291708,0.241873,0.192038,0.142203,0.157001,0.184427,0.133846,0.165125
19,3,0.149684,0.131582,0.113481,0.103614,0.093746,0.111719,0.109135,0.174339,0.159661,0.192505,0.225348,0.383052,0.441987,0.520220,0.563508,0.564827,0.577213,0.537447,0.521923,0.243785,0.163616,0.173636,0.183656,0.225221,0.266786,0.530976,0.558168,0.632666,0.667955,0.734588,0.711881,0.689174,0.629439,0.569704,0.576883,0.475862,0.394654,0.338707,0.282759,0.226811,0.170864,0.114916,0.120288,0.150960,0.133846,0.136878
19,13,0.194807,0.194807,0.194807,0.175597,0.156386,0.183217,0.225583,0.220012,0.244920,0.293292,0.341665,0.447894,0.503726,0.436533,0.500645,0.443773,0.449004,0.332803,0.281435,0.146831,0.104844,0.117273,0.129703,0.176400,0.223097,0.316223,0.409349,0.515314,0.636236,0.721726,0.707472,0.616698,0.547896,0.479094,0.568515,0.459897,0.444638,0.376502,0.308365,0.240229,0.172092,0.103955,0.121736,0.129530,0.119005,0.122276
19,17,0.112845,0.112845,0.112845,0.098086,0.083327,0.101025,0.129679,0.150526,0.171099,0.204966,0.238832,0.385150,0.380963,0.433708,0.620832,0.404282,0.447507,0.400246,0.337787,0.164610,0.111614,0.145344,0.179073,0.216113,0.253152,0.385116,0.517079,0.597653,0.681398,0.745720,0.737748,0.609427,0.608393,0.607359,0.606325,0.466948,0.452067,0.388986,0.325906,0.262826,0.199746,0.136665,0.141570,0.148672,0.129485,0.130276
19,28,0.072770,0.079336,0.085902,0.080221,0.074541,0.099338,0.163099,0.198154,0.179703,0.229831,0.279958,0.370172,0.391664,0.524828,0.675075,0.639860,0.583258,0.424502,0.395077,0.243063,0.148740,0.143392,0.138043,0.132695,0.213992,0.325158,0.436325,0.587020,0.680252,0.776022,0.702433,0.557304,0.597916,0.638528,0.679139,0.488057,0.479429,0.414617,0.349804,0.284992,0.220180,0.155367,0.123512,0.132127,0.095007,0.132734
19,29,0.072770,0.079336,0.085902,0.080221,0.074541,0.099338,0.163099,0.198154,0.179703,0.229831,0.279958,0.370172,0.391664,0.524828,0.675075,0.639860,0.583258,0.424502,0.395077,0.243063,0.148740,0.143392,0.138043,0.132695,0.213992,0.325158,0.436325,0.587020,0.680252,0.776022,0.702433,0.557304,0.597916,0.638528,0.679139,0.488057,0.479429,0.414617,0.349804,0.284992,0.220180,0.155367,0.123512,0.132127,0.095007,0.132734
19,30,0.072770,0.117852,0.162933,0.118737,0.074541,0.099338,0.104916,0.170151,0.176784,0.228371,0.279958,0.406372,0.391664,0.521722,0.651779,0.639860,0.566966,0.411045,0.513448,0.225790,0.139183,0.140814,0.142446,0.144078,0.194502,0.304585,0.414667,0.559957,0.656261,0.776022,0.702433,0.625378,0.647866,0.670353,0.692841,0.472341,0.479429,0.367179,0.308793,0.250407,0.192021,0.133635,0.114493,0.132127,0.126963,0.105607
19,31,0.149365,0.211575,0.273785,0.204979,0.136173,0.133675,0.286893,0.318194,0.349495,0.366226,0.382958,0.487068,0.467521,0.572351,0.668357,0.635028,0.583746,0.466520,0.360140,0.196191,0.155774,0.165456,0.175138,0.184820,0.194502,0.323847,0.453193,0.620270,0.656261,0.780924,0.693691,0.625378,0.647866,0.670353,0.692841,0.490507,0.467687,0.370232,0.280214,0.190195,0.146643,0.103091,0.100962,0.098234,0.091305,0.098693
19,32,0.203800,0.238792,0.273785,0.233625,0.193464,0.238009,0.274219,0.244669,0.215119,0.299038,0.382958,0.500638,0.496281,0.463660,0.693540,0.635028,0.595994,0.466360,0.482440,0.196191,0.138058,0.151497,0.164936,0.203383,0.241831,0.388278,0.534725,0.736695,0.687284,0.780924,0.695148,0.633179,0.591188,0.549198,0.507207,0.465217,0.434958,0.262906,0.212815,0.162725,0.132908,0.103091,0.128375,0.135034,0.160829,0.174775
19,33,0.091573,0.108955,0.126337,0.114895,0.103453,0.119188,0.158650,0.186884,0.215119,0.262098,0.309078,0.482852,0.509835,0.612266,0.693540,0.659015,0.616507,0.486601,0.507381,0.167803,0.093836,0.129386,0.164936,0.211524,0.258112,0.396418,0.534725,0.653893,0.687284,0.735029,0.742155,0.655284,0.611729,0.568174,0.524619,0.481064,0.434958,0.344214,0.253469,0.162725,0.147522,0.132319,0.140739,0.170146,0.160829,0.174775
19,34,0.150464,0.153571,0.156679,0.159123,0.161568,0.119188,0.158650,0.182091,0.205532,0.257318,0.309104,0.482852,0.477565,0.462780,0.676061,0.659015,0.603836,0.453817,0.507381,0.194482,0.154210,0.149231,0.144252,0.201182,0.258112,0.397718,0.537324,0.653893,0.677210,0.735029,0.721870,0.655284,0.670005,0.684725,0.699446,0.521207,0.503407,0.423760,0.344113,0.264466,0.184820,0.105173,0.096709,0.096187,0.117556,0.089027
20,2,0.122582,0.122582,0.122582,0.119340,0.116099,0.128285,0.130979,0.158905,0.159641,0.210060,0.260478,0.275721,0.359208,0.360124,0.511938,0.467495,0.470984,0.407963,0.377264,0.197484,0.134143,0.154034,0.173926,0.206201,0.238476,0.345151,0.451826,0.525703,0.563388,0.653086,0.592582,0.532078,0.507225,0.482371,0.394803,0.299051,0.298868,0.267728,0.236589,0.205449,0.174310,0.143171,0.140733,0.150693,0.154484,0.138392
20,3,0.118400,0.118400,0.118400,0.111595,0.104790,0.117555,0.138230,0.158905,0.159641,0.172032,0.184423,0.275721,0.327415,0.360124,0.497730,0.432847,0.455956,0.464041,0.483956,0.221003,0.168745,0.171336,0.173926,0.206201,0.238476,0.276505,0.314534,0.544119,0.563388,0.653086,0.620026,0.586966,0.520558,0.454150,0.443856,0.416018,0.372468,0.310778,0.249087,0.211847,0.174607,0.137367,0.129414,0.120334,0.119791,0.121674
20,4,0.118400,0.118400,0.118400,0.111595,0.104790,0.117555,0.138230,0.158905,0.159641,0.172032,0.184423,0.275721,0.327415,0.360124,0.497730,0.432847,0.455956,0.464041,0.483956,0.221003,0.168745,0.171336,0.173926,0.206201,0.238476,0.276505,0.314534,0.544119,0.563388,0.653086,0.620026,0.586966,0.520558,0.454150,0.443856,0.416018,0.372468,0.310778,0.249087,0.211847,0.174607,0.137367,0.129414,0.120334,0.119791,0.121674
20,5,0.115688,0.115688,0.115688,0.106431,0.097174,0.117555,0.132601,0.147647,0.167114,0.198651,0.230188,0.405729,0.361927,0.390868,0.497730,0.523234,0.456211,0.464041,0.483956,0.196243,0.152957,0.167474,0.181991,0.213942,0.245892,0.386815,0.527737,0.544119,0.594955,0.647958,0.617462,0.586966,0.497681,0.408396,0.535437,0.362704,0.372468,0.283302,0.194136,0.178502,0.162868,0.147235,0.143237,0.151199,0.156755,0.152736
20,6,0.258341,0.258341,0.258341,0.259740,0.261140,0.175622,0.270355,0.231019,0.213011,0.298969,0.384928,0.405729,0.361927,0.409677,0.537225,0.533062,0.472486,0.469364,0.473705,0.173645,0.148346,0.153802,0.159259,0.202576,0.245892,0.353525,0.461158,0.607761,0.594955,0.729705,0.704062,0.678418,0.543407,0.408396,0.584076,0.396289,0.384209,0.289173,0.194136,0.178502,0.162868,0.147235,0.173012,0.181152,0.184304,0.152736
20,18,0.125561,0.125561,0.125561,0.119789,0.114017,0.110929,0.125628,0.160636,0.163320,0.214220,0.265121,0.419485,0.392646,0.439732,0.574809,0.459270,0.535547,0.451902,0.372481,0.219473,0.160474,0.166703,0.172933,0.205747,0.238561,0.371726,0.504892,0.572715,0.657758,0.730693,0.771253,0.632430,0.615306,0.598182,0.581059,0.500479,0.485432,0.418437,0.351441,0.284446,0.217450,0.150455,0.118971,0.147156,0.114276,0.132472
20,22,0.104473,0.104473,0.104473,0.098324,0.092175,0.100927,0.105179,0.142958,0.162233,0.219866,0.277498,0.413043,0.579304,0.434157,0.606342,0.614320,0.603305,0.588349,0.439098,0.266483,0.163900,0.181998,0.200097,0.218195,0.236294,0.374753,0.513211,0.530459,0.674557,0.731125,0.716706,0.734933,0.729365,0.723797,0.718229,0.528856,0.494309,0.373920,0.316882,0.259843,0.202805,0.145767,0.133203,0.134411,0.113761,0.113804
20,23,0.104473,0.104473,0.104473,0.098324,0.092175,0.100927,0.105179,0.142958,0.162233,0.219866,0.277498,0.413043,0.579304,0.434157,0.606342,0.614320,0.603305,0.588349,0.439098,0.266483,0.163900,0.181998,0.200097,0.218195,0.236294,0.374753,0.513211,0.530459,0.674557,0.731125,0.716706,0.734933,0.729365,0.723797,0.718229,0.528856,0.494309,0.373920,0.316882,0.259843,0.202805,0.145767,0.133203,0.134411,0.113761,0.113804
20,26,0.107189,0.107189,0.107189,0.102936,0.098682,0.093977,0.190101,0.127783,0.160122,0.209876,0.259630,0.371284,0.371837,0.414301,0.559494,0.592558,0.398650,0.560527,0.463415,0.189226,0.151250,0.171383,0.191515,0.211648,0.231781,0.378370,0.524960,0.530449,0.648155,0.710456,0.657057,0.575990,0.604588,0.633185,0.661783,0.443102,0.429896,0.320352,0.254049,0.187745,0.166103,0.144460,0.110528,0.100467,0.098492,0.098492
20,39,0.150585,0.144791,0.138996,0.164744,0.190492,0.212368,0.165797,0.196601,0.227405,0.270138,0.312872,0.471860,0.432804,0.549795,0.662260,0.574564,0.558964,0.436341,0.506976,0.216385,0.167819,0.119024,0.131862,0.176508,0.221155,0.328308,0.435461,0.606696,0.602495,0.725746,0.684526,0.651704,0.660004,0.668304,0.676604,0.459070,0.405616,0.352163,0.298709,0.256958,0.215208,0.173458,0.148458,0.118624,0.120560,0.108887
20,40,0.151963,0.145480,0.138996,0.124559,0.110122,0.128703,0.154282,0.185854,0.217426,0.265149,0.312872,0.445224,0.476495,0.549795,0.688063,0.640728,0.558964,0.554620,0.510780,0.188412,0.152620,0.094016,0.131862,0.176508,0.221155,0.338269,0.455383,0.546862,0.638342,0.748962,0.727520,0.662725,0.667351,0.671978,0.676604,0.493523,0.431466,0.369409,0.307352,0.248426,-0.119598,0.130804,0.112601,0.132014,0.120560,0.121955
20,41,0.151963,0.145480,0.138996,0.124559,0.110122,0.128703,0.154282,0.185854,0.217426,0.265149,0.312872,0.445224,0.476495,0.549795,0.688063,0.640728,0.558964,0.554620,0.510780,0.188412,0.152620,0.094016,0.131862,0.176508,0.221155,0.338269,0.455383,0.546862,0.638342,0.748962,0.727520,0.662725,0.667351,0.671978,0.676604,0.493523,0.431466,0.369409,0.307352,0.248426,-0.119598,0.130804,0.112601,0.132014,0.120560,0.121955
20,42,0.151963,0.146170,0.140378,0.136981,0.133584,0.163846,0.154282,0.211259,0.268237,0.288494,0.308751,0.468247,0.487576,0.575751,0.688063,0.559650,0.552809,0.554620,0.371516,0.188412,0.149849,0.115982,0.136212,0.177173,0.218133,0.384224,0.550315,0.621507,0.692698,0.748962,0.766045,0.661500,0.613203,0.564906,0.516610,0.468313,0.421891,0.358499,0.295106,0.197355,0.181993,0.166631,0.143443,0.132014,0.160716,0.121955
20,43,0.393488,0.324466,0.255444,0.287973,0.320501,0.391353,0.351493,0.309865,0.268237,0.394507,0.520776,0.519988,0.511291,0.575751,0.709562,0.539793,0.547268,0.543530,0.362210,0.180890,0.149849,0.112787,0.119992,0.169063,0.218133,0.361389,0.504645,0.626997,0.692698,0.729372,0.766045,0.707030,0.704560,0.702091,0.699622,0.468416,0.421891,0.343824,0.265757,0.249202,-0.100000,0.191089,0.127391,0.151273,0.121797,0.146653
20,44,0.393488,0.408903,0.424319,0.383357,0.342395,0.391353,0.418948,0.418803,0.418659,0.430948,0.443237,0.519988,0.523087,0.580831,0.709562,0.523681,0.572940,0.539024,0.362090,0.185156,0.179419,0.067936,0.119992,0.157916,0.195840,0.301163,0.406486,0.534583,0.662679,0.704894,0.747108,0.752869,0.735120,0.717371,0.699622,0.513516,0.491742,0.425547,0.359353,0.249202,-0.128304,0.162276,0.106722,0.112668,0.121797,0.113587
21,4,0.100367,0.100367,0.100367,0.098770,0.097174,0.103657,0.125652,0.147647,0.144832,0.178182,0.211532,0.303961,0.355434,0.398904,0.541752,0.554086,0.527637,0.497915,0.468193,0.216058,0.147682,0.165160,0.182638,0.214265,0.245892,0.386815,0.527737,0.544119,0.645374,0.651431,0.769934,0.573579,0.570248,0.566918,0.535437,0.468314,0.379129,0.293501,0.207872,0.186917,0.165961,0.145006,0.135168,0.146697,0.148678,0.134486
21,6,0.154342,0.154342,0.154342,0.146165,0.137989,0.159694,0.178479,0.176557,0.147952,0.196585,0.245218,0.358553,0.342382,0.414643,0.486904,0.413832,0.377270,0.347036,0.441396,0.160045,0.137220,0.157363,0.177505,0.197647,0.217790,0.324178,0.430567,0.530363,0.564550,0.678626,0.663436,0.641647,0.544042,0.446438,0.454911,0.272834,0.351692,0.294565,0.237438,0.192404,0.147369,0.102334,0.144935,0.143751,0.141027,0.121674
21,7,0.154342,0.154342,0.154342,0.146165,0.137989,0.159694,0.178479,0.176557,0.147952,0.196585,0.245218,0.358553,0.342382,0.414643,0.486904,0.413832,0.377270,0.347036,0.441396,0.160045,0.137220,0.157363,0.177505,0.197647,0.217790,0.324178,0.430567,0.530363,0.564550,0.678626,0.663436,0.641647,0.544042,0.446438,0.454911,0.272834,0.351692,0.294565,0.237438,0.192404,0.147369,0.102334,0.144935,0.143751,0.141027,0.121674
21,8,0.121963,0.121963,0.121963,0.129976,0.137989,0.129544,0.149985,0.168843,0.196256,0.254111,0.311965,0.358553,0.389903,0.431302,0.570459,0.464660,0.501043,0.518271,0.478734,0.203693,0.154296,0.173679,0.193062,0.212444,0.231827,0.359138,0.486450,0.589779,0.619864,0.700902,0.671274,0.641647,0.593238,0.544830,0.543467,0.459616,0.351692,0.294565,0.237438,0.203478,0.169518,0.135557,0.144935,0.119418,0.113960,0.082078
21,9,0.141455,0.141455,0.141455,0.120862,0.100268,0.129544,0.166523,0.168843,0.218847,0.275966,0.333086,0.395545,0.438870,0.431302,0.574444,0.410688,0.445197,0.441655,0.493277,0.191776,0.150331,0.170705,0.191079,0.211453,0.231827,0.377466,0.523104,0.589779,0.619864,0.689438,0.681600,0.632752,0.579646,0.526540,0.569841,0.374691,0.382444,0.335269,0.288093,0.237248,0.186403,0.135557,0.115674,0.119418,0.113960,0.113960
21,10,0.141455,0.141455,0.141455,0.129026,0.116597,0.157093,0.166523,0.176897,0.192563,0.210044,0.227524,0.395545,0.370377,0.365482,0.447723,0.410688,0.445197,0.380118,0.412515,0.191776,0.156360,0.166235,0.176110,0.207631,0.239153,0.355016,0.470878,0.596115,0.541657,0.689438,0.492591,0.632752,0.512065,0.391378,0.584565,0.267906,0.269733,0.246317,0.222901,0.199485,0.176070,0.152654,0.141518,0.142798,0.127203,0.127203
21,18,0.161445,0.167769,0.174094,0.144055,0.114017,0.131613,0.201479,0.180163,0.223557,0.271662,0.319766,0.430339,0.579589,0.439732,0.603764,0.458440,0.477199,0.483380,0.371004,0.213581,0.178112,0.163796,0.149479,0.194020,0.238561,0.389743,0.540925,0.572715,0.692801,0.697694,0.698180,0.622410,0.574669,0.526928,0.479187,0.389744,0.373946,0.325946,0.277946,0.229945,0.181945,0.133945,0.144620,0.147156,0.147310,0.141164
21,19,0.173443,0.173768,0.174094,0.170796,0.167498,0.213558,0.201479,0.191520,0.275539,0.297653,0.319766,0.430339,0.579589,0.436055,0.603764,0.458440,0.477199,0.447986,0.372481,0.213581,0.179719,0.168589,0.157459,0.200190,0.242922,0.362083,0.481244,0.505371,0.617086,0.697694,0.624916,0.568047,0.538427,0.508807,0.479187,0.271542,0.373946,0.325836,0.277726,0.229616,0.181506,0.133396,0.152028,0.183948,0.147310,0.145243
21,20,0.173443,0.145434,0.117425,0.143590,0.130529,0.121333,0.226026,0.191520,0.228586,0.284687,0.340787,0.415663,0.405988,0.438022,0.596070,0.579906,0.446348,0.445732,0.356020,0.186432,0.179719,0.195520,0.211321,0.227121,0.242922,0.330051,0.417180,0.456989,0.617086,0.736740,0.624916,0.609127,0.576541,0.543955,0.511370,0.363487,0.330729,0.297971,0.265213,0.232455,0.199697,0.166940,0.177454,0.183948,0.166468,0.158643
21,21,0.166215,0.147592,0.128969,0.104466,0.158070,0.142165,0.143060,0.191413,0.185926,0.268786,0.351646,0.447743,0.463921,0.454644,0.596070,0.581976,0.512940,0.521878,0.352629,0.230035,0.165655,0.178566,0.191477,0.204389,0.217300,0.334693,0.452086,0.449736,0.645222,0.736740,0.674146,0.640727,0.597608,0.554489,0.511370,0.420942,0.494309,0.422486,0.350663,0.278840,0.207017,0.135194,0.129843,0.134507,0.140997,0.125417
21,22,0.235240,0.182104,0.128969,0.143520,0.158070,0.142165,0.179794,0.249095,0.163656,0.257651,0.351646,0.479029,0.438065,0.448171,0.606342,0.567758,0.494573,0.472329,0.352629,0.246609,0.147038,0.164604,0.182169,0.199735,0.217300,0.346137,0.474974,0.492267,0.645222,0.748129,0.697995,0.640727,0.625694,0.610662,0.595630,0.503545,0.494309,0.423009,0.351708,0.280408,0.209107,0.137807,0.136268,0.153309,0.140997,0.157221
21,23,0.235240,0.180154,0.125068,0.177127,0.229185,0.146072,0.179794,0.223870,0.163612,0.259326,0.355040,0.393790,0.530420,0.428261,0.606342,0.578974,0.585779,0.470610,0.409660,0.224847,0.164848,0.145406,0.125963,0.164312,0.202661,0.338817,0.474974,0.503919,0.658397,0.748129,0.699084,0.625000,0.656076,0.687152,0.718229,0.490273,0.466406,0.252225,0.223334,0.194443,0.165552,0.136661,0.139166,0.143731,0.160405,0.157621
21,24,0.138408,0.127921,0.117434,0.102578,0.087722,0.112678,0.137028,0.133640,0.163612,0.259326,0.355040,0.340408,0.530420,0.391381,0.587231,0.592558,0.578448,0.418810,0.409660,0.211345,0.173580,0.149771,0.125963,0.176462,0.226960,0.354739,0.482519,0.587149,0.589569,0.710716,0.751162,0.479427,0.559027,0.638628,0.718229,0.480153,0.466406,0.283168,0.250030,0.216892,0.183754,0.150615,0.116271,0.143731,0.098492,0.122177
21,25,0.138408,0.127921,0.117434,0.102578,0.087722,0.112678,0.137028,0.133640,0.163612,0.259326,0.355040,0.340408,0.530420,0.391381,0.587231,0.592558,0.578448,0.418810,0.409660,0.211345,0.173580,0.149771,0.125963,0.176462,0.226960,0.354739,0.482519,0.587149,0.589569,0.710716,0.751162,0.479427,0.559027,0.638628,0.718229,0.480153,0.466406,0.283168,0.250030,0.216892,0.183754,0.150615,0.116271,0.143731,0.098492,0.122177
21,26,0.094546,0.094546,0.094546,0.084559,0.074571,0.112678,0.110903,0.127783,0.148125,0.202416,0.256707,0.340408,0.321104,0.391381,0.587231,0.592558,0.420810,0.371089,0.463415,0.180190,0.137618,0.134725,0.131833,0.179396,0.226960,0.334963,0.442966,0.530449,0.589569,0.710716,0.643423,0.446463,0.508977,0.571491,0.634005,0.480153,0.415855,0.251269,0.221196,0.191123,0.161050,0.130977,0.116271,0.119332,0.101277,0.101277
21,38,0.241663,0.243428,0.245193,0.217767,0.190341,0.235132,0.230859,0.250151,0.322800,0.335746,0.348691,0.432461,0.374748,0.502555,0.591594,0.574564,0.508544,0.399525,0.506976,0.191309,0.150044,0.120138,0.147641,0.175143,0.202645,0.306761,0.410876,0.529785,0.591199,0.710689,0.684526,0.552166,0.567587,0.583009,0.598430,0.423811,0.377173,0.330536,0.283898,0.237261,0.190624,0.143986,0.130462,0.161142,0.165371,0.148209
21,41,0.123500,0.123500,0.123500,0.117614,0.111728,0.183958,0.186307,0.240200,0.275292,0.354200,0.433107,0.480786,0.498573,0.582380,0.672301,0.493446,0.550242,0.434035,0.340809,0.157574,0.143251,0.056078,0.171630,0.210013,0.248397,0.394315,0.540233,0.608951,0.677668,0.748962,0.725745,0.607455,0.574952,0.542450,0.509948,0.477445,0.421891,0.338768,0.255645,0.172522,0.163342,0.154162,0.147347,0.135597,0.152493,0.125608
21,42,0.224922,0.224922,0.224922,0.253482,0.282042,0.337859,0.372321,0.240200,0.275292,0.354200,0.433107,0.519824,0.489955,0.569697,0.677620,0.493975,0.501466,0.397396,0.336789,0.181213,0.172011,0.135452,0.117274,0.182835,0.248397,0.375313,0.502229,0.589948,0.677668,0.771707,0.718453,0.728255,0.649674,0.571093,0.492512,0.413931,0.421891,0.344186,0.266481,0.188775,-0.172174,0.168701,0.130492,0.127406,0.157983,0.127291
21,43,0.224922,0.224922,0.224922,0.253482,0.282042,0.337859,0.372321,0.240200,0.275292,0.354200,0.433107,0.519824,0.489955,0.569697,0.677620,0.493975,0.501466,0.397396,0.336789,0.181213,0.172011,0.135452,0.117274,0.182835,0.248397,0.375313,0.502229,0.589948,0.677668,0.771707,0.718453,0.728255,0.649674,0.571093,0.492512,0.413931,0.421891,0.344186,0.266481,0.188775,-0.172174,0.168701,0.130492,0.127406,0.157983,0.127291
21,44,0.394815,0.394815,0.394815,0.365967,0.337119,0.343787,0.372321,0.326841,0.419629,0.467646,0.515663,0.542705,0.494603,0.569697,0.677620,0.496602,0.551675,0.466957,0.336789,0.197443,0.172011,0.076745,0.117274,0.163703,0.210132,0.360646,0.511161,0.593340,0.675520,0.771707,0.738953,0.521409,0.557705,0.594000,0.526293,0.458586,0.368843,0.308820,0.248798,0.188775,0.173131,0.157486,0.141023,0.157455,0.157983,0.145083
21,45,0.303712,0.278312,0.252912,0.197799,0.142686,0.281425,0.242277,0.326841,0.341162,0.387701,0.434241,0.485148,0.494603,0.580831,0.643758,0.496602,0.578733,0.486164,0.341803,0.197443,0.166387,0.139284,0.112181,0.161156,0.210132,0.358762,0.507392,0.591456,0.675520,0.771707,0.738953,0.653036,0.623518,0.594000,0.528234,0.462469,0.368843,0.301217,0.233592,0.165967,0.161726,0.157486,0.138539,0.142482,0.134680,0.123554
21,47,0.119735,0.119735,0.119735,0.113657,0.107578,0.092867,0.144402,0.158702,0.199801,0.276926,0.354052,0.399540,0.497405,0.546823,0.671863,0.499668,0.608942,0.573748,0.398325,0.222902,0.175078,0.156824,0.138569,0.180866,0.223164,0.377173,0.531182,0.645471,0.653297,0.676449,0.699602,0.525986,0.566437,0.606887,0.545285,0.483683,0.469508,0.402514,0.335519,0.223816,0.188449,0.153081,0.147564,0.158379,0.159470,0.131638
22,3,0.124636,0.124636,0.124636,0.126400,0.128165,0.103657,0.120820,0.137982,0.193368,0.203914,0.214460,0.368660,0.338638,0.440012,0.548929,0.491347,0.507697,0.600442,0.483830,0.227342,0.151313,0.166848,0.182383,0.206495,0.230607,0.374210,0.517812,0.547798,0.635674,0.641480,0.643583,0.645685,0.550313,0.454941,0.427750,0.320469,0.374417,0.287845,0.201274,0.176231,0.151188,0.126145,0.135952,0.143445,0.139722,0.122984
22,4,0.100367,0.100367,0.100367,0.093666,0.086965,0.103657,0.120820,0.137982,0.161555,0.208780,0.214460,0.337016,0.349876,0.415484,0.528588,0.537843,0.485076,0.493920,0.502764,0.218875,0.159718,0.178478,0.197239,0.224247,0.251254,0.386153,0.521051,0.547798,0.645374,0.651431,0.648558,0.645685,0.550313,0.454941,0.597129,0.434545,0.404716,0.302995,0.201274,0.176231,0.151188,0.126145,0.135168,0.143445,0.134583,0.119439
22,5,0.098526,0.098526,0.098526,0.090812,0.083097,0.101129,0.117907,0.132189,0.161757,0.183811,0.205865,0.337016,0.290224,0.345337,0.439083,0.482638,0.404092,0.453428,0.502764,0.218875,0.159718,0.152375,0.145032,0.198143,0.251254,0.376215,0.501175,0.485882,0.645374,0.740434,0.687738,0.635043,0.568533,0.502023,0.583012,0.396828,0.399957,0.324361,0.248765,0.205724,0.162683,0.119642,0.119570,0.137349,0.134583,0.119439
22,6,0.068564,0.068564,0.068564,0.077209,0.085854,0.112383,0.119191,0.132189,0.147952,0.149279,0.150606,0.358553,0.290224,0.363539,0.429952,0.468507,0.404092,0.262607,0.368263,0.153576,0.117367,0.111935,0.106504,0.145013,0.183521,0.217002,0.250482,0.485882,0.430369,0.648555,0.425528,0.641647,0.562941,0.484236,0.405531,0.220412,0.348688,0.242029,0.237438,0.188850,0.140261,0.091672,0.081398,0.082033,0.098886,0.092430
22,7,0.102322,0.102322,0.102322,0.094088,0.085854,0.108502,0.142497,0.168843,0.189296,0.234175,0.279054,0.358553,0.320106,0.363539,0.581657,0.468507,0.538707,0.431773,0.478734,0.201289,0.133953,0.120228,0.106504,0.173584,0.240664,0.366954,0.493244,0.594063,0.664067,0.709750,0.717094,0.724438,0.655140,0.585842,0.516544,0.430933,0.351692,0.277260,0.237438,0.188752,0.140066,0.091379,0.081398,0.082033,0.082059,0.082085
22,8,0.102322,0.102322,0.102322,0.097800,0.093277,0.108502,0.142497,0.168843,0.181468,0.228150,0.274832,0.410188,0.463370,0.470306,0.581657,0.575173,0.516957,0.497223,0.535935,0.201289,0.150331,0.162843,0.175355,0.208009,0.240664,0.412603,0.584543,0.594063,0.664067,0.765061,0.732853,0.724438,0.598791,0.473144,0.567512,0.464170,0.455297,0.374856,0.294414,0.244848,0.195281,0.145715,0.125938,0.125162,0.125162,0.125162
22,9,0.102322,0.102322,0.102322,0.097800,0.093277,0.108502,0.142497,0.168843,0.181468,0.228150,0.274832,0.410188,0.463370,0.470306,0.581657,0.575173,0.516957,0.497223,0.535935,0.201289,0.150331,0.162843,0.175355,0.208009,0.240664,0.412603,0.584543,0.594063,0.664067,0.765061,0.732853,0.724438,0.598791,0.473144,0.567512,0.464170,0.455297,0.374856,0.294414,0.244848,0.195281,0.145715,0.125938,0.125162,0.125162,0.125162
22,17,0.160822,0.155266,0.149711,0.126176,0.102641,0.110822,0.141746,0.195979,0.199771,0.265984,0.332197,0.406495,0.579589,0.446235,0.583926,0.410441,0.471561,0.429967,0.404668,0.204652,0.171614,0.161829,0.152045,0.196363,0.240680,0.361382,0.482083,0.601555,0.692801,0.746278,0.736485,0.673657,0.649435,0.625212,0.600990,0.437410,0.400882,0.351919,0.302955,0.242673,0.182391,0.122109,0.124597,0.148385,0.142947,0.127443
22,18,0.160822,0.155266,0.149711,0.126176,0.102641,0.110822,0.141746,0.195979,0.199771,0.265984,0.332197,0.406495,0.579589,0.446235,0.583926,0.410441,0.471561,0.429967,0.404668,0.204652,0.171614,0.161829,0.152045,0.196363,0.240680,0.361382,0.482083,0.601555,0.692801,0.746278,0.736485,0.673657,0.649435,0.625212,0.600990,0.437410,0.400882,0.351919,0.302955,0.242673,0.182391,0.122109,0.124597,0.148385,0.142947,0.127443
22,19,0.198138,0.173924,0.149711,0.174353,0.198995,0.170096,0.174175,0.220277,0.265145,0.298671,0.332197,0.406495,0.579589,0.425036,0.498339,0.410441,0.471561,0.384022,0.356020,0.204652,0.182368,0.174377,0.166385,0.207899,0.249413,0.362141,0.474869,0.438992,0.572017,0.643736,0.645383,0.673657,0.584971,0.496285,0.407599,0.256931,0.400882,0.351919,0.302955,0.246385,0.189815,0.133245,0.147955,0.152219,0.142947,0.140905
22,20,0.198138,0.178034,0.157929,0.149035,0.170034,0.180506,0.208549,0.220277,0.202632,0.260340,0.318048,0.447743,0.410932,0.394296,0.568412,0.460122,0.412904,0.397439,0.356020,0.184785,0.182368,0.199130,0.215891,0.232652,0.249413,0.341324,0.433235,0.438992,0.572017,0.643736,0.645383,0.562105,0.493451,0.424797,0.356143,0.260262,0.242829,0.225396,0.207963,0.190529,0.173096,0.155663,0.177454,0.188767,0.154911,0.161570
22,23,0.317865,0.314335,0.310805,0.240020,0.169236,0.315030,0.355983,0.207448,0.352120,0.353580,0.355040,0.503544,0.540536,0.451468,0.648650,0.578974,0.468788,0.447607,0.316051,0.177588,0.153953,0.139958,0.125963,0.164312,0.202661,0.389454,0.576247,0.503919,0.687756,0.748129,0.705110,0.662090,0.619150,0.576211,0.533271,0.314887,0.268132,0.221376,0.174621,0.127866,0.129995,0.132125,0.145352,0.174300,0.160405,0.151548
22,24,0.138408,0.131814,0.125219,0.147228,0.169236,0.115106,0.137028,0.207448,0.242511,0.249609,0.256707,0.378303,0.386084,0.391381,0.430805,0.464610,0.366945,0.244252,0.262111,0.148809,0.111336,0.121585,0.131833,0.175972,0.220110,0.365710,0.511310,0.465543,0.589569,0.703825,0.691785,0.652157,0.612528,0.572899,0.533271,0.294702,0.256804,0.218906,0.181009,0.143111,0.136901,0.130692,0.109557,0.139557,0.114657,0.104178
22,25,0.127557,0.140577,0.153597,0.124114,0.094631,0.101951,0.123815,0.159689,0.162702,0.209704,0.256707,0.353780,0.321104,0.451928,0.430805,0.464610,0.383488,0.337459,0.262111,0.156163,0.114946,0.123390,0.131833,0.175972,0.220110,0.327249,0.434387,0.424509,0.589569,0.680767,0.605938,0.382980,0.421092,0.459204,0.497316,0.294702,0.272985,0.251269,0.197190,0.143111,0.130465,0.117820,0.109557,0.119814,0.114657,0.114657
22,26,0.127557,0.109432,0.091306,0.109667,0.128027,0.101951,0.123815,0.167099,0.222508,0.246826,0.271145,0.335965,0.354510,0.451928,0.447157,0.458695,0.386124,0.395235,0.347438,0.152650,0.114946,0.120441,0.125935,0.174389,0.222844,0.312143,0.401442,0.418856,0.547239,0.680767,0.628813,0.590966,0.559749,0.528533,0.497316,0.322953,0.303069,0.283185,0.227802,0.172420,0.163030,0.153641,0.133648,0.114500,0.113180,0.113180
22,41,0.137199,0.137199,0.137199,0.132228,0.127257,0.155439,0.169535,0.198508,0.236982,0.329548,0.422114,0.480786,0.489346,0.582380,0.540438,0.511288,0.537956,0.484126,0.527692,0.182446,0.135734,0.056078,0.162236,0.205316,0.248397,0.399216,0.550036,0.581235,0.612434,0.754225,0.722634,0.563763,0.589513,0.615264,0.641014,0.445221,0.382251,0.338512,0.294773,0.251033,0.207294,0.163555,0.155333,0.146508,0.167044,0.141144
22,42,0.163304,0.163304,0.163304,0.222673,0.282042,0.303987,0.315434,0.198508,0.236982,0.329548,0.422114,0.519824,0.431177,0.537536,0.462890,0.467707,0.453202,0.411659,0.326546,0.174826,0.162044,0.162140,0.162236,0.205316,0.248397,0.388249,0.528101,0.570268,0.612434,0.742584,0.679441,0.441078,0.503198,0.565318,0.627438,0.351911,0.382251,0.310890,0.239529,0.168168,0.155251,0.142334,0.124382,0.144247,0.157983,0.145600
22,43,0.368605,0.368605,0.368605,0.358664,0.348724,0.303987,0.351801,0.326841,0.387066,0.455877,0.524688,0.540646,0.487391,0.581612,0.615709,0.469807,0.551675,0.482875,0.336789,0.174826,0.162044,0.055009,0.113560,0.170181,0.226803,0.410188,0.593573,0.634547,0.675520,0.742584,0.738953,0.737439,0.633817,0.530196,0.627438,0.222274,0.237487,0.214381,0.191275,0.168168,0.155846,0.143523,0.155123,0.157455,0.157983,0.145083
22,44,0.303712,0.297112,0.290511,0.228720,0.166928,0.313472,0.351801,0.369433,0.387066,0.417221,0.447377,0.468787,0.400624,0.581612,0.643758,0.469807,0.553374,0.497040,0.336789,0.184300,0.167016,0.056228,0.113087,0.169945,0.226803,0.410188,0.593573,0.636384,0.679195,0.760699,0.738953,0.737439,0.633817,0.530196,0.685042,0.374409,0.237487,0.208804,0.180121,0.151438,0.147481,0.143523,0.138041,0.139572,0.143746,0.148243
22,45,0.127305,0.123444,0.119584,0.143256,0.166928,0.107855,0.128681,0.170331,0.194494,0.247001,0.299508,0.416153,0.420924,0.433187,0.643758,0.485968,0.573746,0.505280,0.391891,0.264829,0.175461,0.056228,0.138569,0.175833,0.213097,0.364504,0.515911,0.597553,0.679195,0.760699,0.739848,0.756638,0.681762,0.606887,0.685042,0.504961,0.424908,0.341923,0.258938,0.186583,0.166914,0.147244,0.138041,0.142674,0.134622,0.131355
22,46,0.127305,0.123444,0.119584,0.143256,0.166928,0.107855,0.128681,0.170331,0.194494,0.247001,0.299508,0.416153,0.420924,0.433187,0.643758,0.485968,0.573746,0.505280,0.391891,0.264829,0.175461,0.056228,0.138569,0.175833,0.213097,0.364504,0.515911,0.597553,0.679195,0.760699,0.739848,0.756638,0.681762,0.606887,0.685042,0.504961,0.424908,0.341923,0.258938,0.186583,0.166914,0.147244,0.138041,0.142674,0.134622,0.131355
22,47,0.088889,0.088889,0.088889,0.088889,0.088889,0.111321,0.124481,0.170331,0.196127,0.275089,0.354052,0.388358,0.420924,0.433187,0.633670,0.525926,0.562182,0.505069,0.388056,0.242338,0.156790,0.056228,0.138569,0.182330,0.226091,0.385248,0.544405,0.609138,0.673871,0.760699,0.739848,0.756638,0.681762,0.606887,0.685042,0.492028,0.469508,0.389260,0.309012,0.198262,0.159749,0.121235,0.137749,0.142674,0.134622,0.139496
22,48,0.102480,0.102480,0.102480,0.102480,0.102480,0.107686,0.117571,0.137382,0.186209,0.244440,0.302671,0.386709,0.430914,0.443346,0.633670,0.501142,0.562182,0.510692,0.388056,0.235864,0.169467,0.068898,0.133572,0.179831,0.226091,0.372895,0.519698,0.596785,0.673871,0.673262,0.732460,0.746572,0.676729,0.606887,0.549457,0.492028,0.469508,0.352294,0.309012,0.255041,0.201070,0.147100,0.135058,0.126724,0.113969,0.107604
23,4,0.109461,0.109461,0.109461,0.107311,0.105161,0.131743,0.152822,0.173901,0.185661,0.287184,0.268078,0.337016,0.418566,0.415311,0.607382,0.563401,0.519067,0.497205,0.531862,0.213336,0.153014,0.163153,0.173293,0.192466,0.211639,0.362919,0.514200,0.582050,0.566110,0.662461,0.654073,0.645685,0.604919,0.564154,0.524460,0.391351,0.389035,0.299653,0.210270,0.183501,0.156732,0.129962,0.111971,0.138236,0.121752,0.145255
23,5,0.106040,0.106040,0.106040,0.099899,0.093758,0.101129,0.132001,0.158169,0.197122,0.236368,0.275614,0.337016,0.389982,0.384772,0.498217,0.520676,0.460374,0.447831,0.435288,0.213336,0.153014,0.153695,0.154377,0.183008,0.211639,0.322563,0.433488,0.469357,0.566110,0.662461,0.648752,0.635043,0.562166,0.489290,0.524460,0.435468,0.390344,0.319555,0.248765,0.202252,0.155738,0.109225,0.104363,0.113262,0.121752,0.109870
23,6,0.072595,0.072595,0.072595,0.072595,0.072595,0.085740,0.108996,0.132189,0.133736,0.177999,0.222261,0.336660,0.389982,0.373922,0.498217,0.520676,0.323753,0.334648,0.472546,0.145918,0.147500,0.150939,0.154377,0.173497,0.192617,0.284010,0.375403,0.469357,0.540878,0.671686,0.653365,0.635043,0.587066,0.539089,0.491113,0.333333,0.350375,0.268977,0.229077,0.181487,0.133896,0.086306,0.090639,0.100210,0.105647,0.090062
23,8,0.095609,0.095609,0.095609,0.095609,0.095609,0.109167,0.145959,0.158716,0.193665,0.236540,0.279415,0.416772,0.463370,0.461494,0.613570,0.575173,0.574477,0.492414,0.492055,0.229709,0.170598,0.176636,0.182674,0.211669,0.240664,0.393517,0.546370,0.594063,0.651436,0.715649,0.743243,0.717064,0.649064,0.581065,0.594650,0.450160,0.433768,0.282710,0.277984,0.234460,0.190937,0.147414,0.132818,0.146383,0.146383,0.146383
23,10,0.091380,0.091380,0.091380,0.091380,0.091380,0.111519,0.149130,0.165457,0.199334,0.245156,0.290977,0.419317,0.432962,0.526372,0.619781,0.618728,0.560115,0.499599,0.571275,0.226707,0.167674,0.153335,0.138996,0.201528,0.264059,0.393658,0.523258,0.645246,0.678616,0.710559,0.711933,0.742384,0.640641,0.538898,0.673038,0.458481,0.450977,0.327874,0.265104,0.223467,0.181830,0.140194,0.137292,0.130142,0.113666,0.113666
23,13,0.103916,0.103916,0.103916,0.099949,0.095982,0.104208,0.135901,0.162296,0.199627,0.236694,0.273761,0.433762,0.599059,0.604282,0.609506,0.583631,0.487930,0.483193,0.575824,0.221385,0.162935,0.153764,0.144594,0.204073,0.263552,0.387834,0.512117,0.631898,0.669462,0.746992,0.702990,0.703285,0.701532,0.699779,0.698026,0.450458,0.469261,0.344332,0.288780,0.233227,0.177675,0.122122,0.127200,0.124415,0.124271,0.119125
23,14,0.118459,0.118459,0.118459,0.116777,0.115095,0.115621,0.157800,0.176633,0.199627,0.274988,0.350348,0.433762,0.599059,0.635063,0.671067,0.583631,0.532367,0.553144,0.581582,0.233518,0.167719,0.169555,0.171392,0.217472,0.263552,0.383446,0.503341,0.624518,0.669462,0.733081,0.653982,0.703285,0.701532,0.699779,0.698026,0.445198,0.369385,0.296715,0.257326,0.217936,0.178546,0.139157,0.154563,0.163777,0.148476,0.152996
23,17,0.103151,0.103151,0.103151,0.097738,0.092324,0.098161,0.135228,0.153398,0.169588,0.217925,0.266263,0.406495,0.541140,0.464209,0.530568,0.612417,0.461678,0.528640,0.404668,0.240223,0.175439,0.162332,0.149225,0.188657,0.228089,0.355086,0.482083,0.618738,0.666164,0.767756,0.668087,0.726967,0.691659,0.656351,0.621043,0.454675,0.502682,0.402819,0.302955,0.235448,0.167941,0.100434,0.104835,0.142812,0.120410,0.087881
23,18,0.187711,0.187711,0.187711,0.157052,0.126393,0.170096,0.208635,0.243065,0.199072,0.232668,0.266263,0.406495,0.541140,0.425036,0.530568,0.612417,0.461678,0.384022,0.349047,0.240223,0.168459,0.171042,0.173624,0.210868,0.248112,0.350109,0.452106,0.547842,0.597105,0.700374,0.631568,0.562762,0.560657,0.558552,0.556447,0.386254,0.502682,0.347202,0.191722,0.164447,0.137173,0.109898,0.124039,0.142812,0.120410,0.119550
23,19,0.151882,0.151882,0.151882,0.176061,0.200241,0.181298,0.231864,0.243065,0.202632,0.255855,0.309077,0.379391,0.336061,0.394296,0.475655,0.460122,0.432699,0.312755,0.349047,0.266078,0.168459,0.178469,0.188480,0.218296,0.248112,0.313335,0.378559,0.547842,0.597105,0.700374,0.668143,0.562762,0.493889,0.425016,0.356143,0.378302,0.316108,0.253915,0.191722,0.171773,0.151824,0.131874,0.154721,0.159842,0.154911,0.140534
23,23,0.317865,0.310642,0.303419,0.269856,0.236294,0.286731,0.267188,0.287774,0.372289,0.400328,0.428367,0.497458,0.504830,0.439662,0.629971,0.575454,0.513331,0.441514,0.316051,0.184853,0.165799,0.151052,0.136305,0.174818,0.213332,0.358851,0.504371,0.412624,0.687756,0.695858,0.737266,0.637128,0.599854,0.562580,0.525306,0.288030,0.250409,0.212787,0.175166,0.137545,0.135434,0.133324,0.150701,0.162063,0.157993,0.143341
23,24,0.184480,0.203392,0.222304,0.229299,0.236294,0.115106,0.209309,0.287774,0.294281,0.298661,0.303041,0.353780,0.477022,0.439662,0.472437,0.492382,0.359180,0.244252,0.316051,0.169509,0.137733,0.150585,0.163438,0.199127,0.234816,0.372858,0.510899,0.412624,0.567451,0.703825,0.687680,0.613429,0.565805,0.518180,0.470556,0.233967,0.210764,0.187562,0.164359,0.141157,0.138757,0.136357,0.136343,0.162063,0.126094,0.111853
23,25,0.163303,0.161093,0.158884,0.144446,0.130008,0.168245,0.176008,0.192281,0.200384,0.251712,0.303041,0.353780,0.311008,0.389957,0.472437,0.492382,0.419421,0.388509,0.262111,0.168177,0.121798,0.134573,0.147348,0.191082,0.234816,0.334602,0.434387,0.412624,0.567451,0.684618,0.597807,0.639520,0.592118,0.544717,0.497316,0.233967,0.210764,0.187562,0.164359,0.141157,0.134849,0.128542,0.136343,0.143906,0.126094,0.126094
23,26,0.163303,0.162526,0.161749,0.153785,0.145821,0.168245,0.176008,0.192281,0.215873,0.246250,0.276627,0.351261,0.393746,0.450509,0.474283,0.458695,0.366080,0.225549,0.306107,0.152650,0.090504,0.110736,0.130967,0.176906,0.222844,0.362338,0.501832,0.382184,0.568328,0.639304,0.609791,0.615079,0.561706,0.508333,0.454960,0.373547,0.324997,0.276447,0.227898,0.179348,0.143963,0.108579,0.088453,0.129258,0.122459,0.122459
23,43,0.265743,0.258737,0.251730,0.250375,0.249019,0.090633,0.233079,0.247754,0.356570,0.346641,0.336713,0.374339,0.487391,0.514928,0.483402,0.441057,0.508174,0.447535,0.559930,0.206670,0.169030,0.055009,0.113560,0.166972,0.220384,0.360762,0.501141,0.560621,0.620102,0.742584,0.718444,0.651005,0.590600,0.530196,0.663851,0.254384,0.446747,0.357011,0.267276,0.177540,0.160539,0.143538,0.148181,0.153393,0.157870,0.140379
23,44,0.265743,0.249296,0.232848,0.199780,0.166712,0.265523,0.233079,0.294824,0.356570,0.340141,0.323713,0.355592,0.412417,0.520847,0.475632,0.441057,0.524922,0.431081,0.376504,0.213135,0.171527,0.055009,0.116097,0.168240,0.220384,0.360762,0.501141,0.563620,0.626099,0.715230,0.718444,0.541303,0.535749,0.530196,0.663851,0.349404,0.424908,0.333751,0.242595,0.151438,0.152129,0.152819,0.148446,0.153702,0.147542,0.155615
23,45,0.123165,0.124081,0.124996,0.145854,0.166712,0.106613,0.124553,0.157447,0.208673,0.244236,0.279799,0.416153,0.412417,0.427081,0.609931,0.432321,0.575101,0.563603,0.391891,0.241709,0.165903,0.068288,0.136154,0.173632,0.211109,0.323111,0.435113,0.530606,0.626099,0.715230,0.695737,0.756638,0.662078,0.567518,0.685042,0.463078,0.424908,0.341923,0.258938,0.224430,0.189923,0.155416,0.138350,0.152860,0.144086,0.144086
24,3,0.126347,0.126347,0.126347,0.124179,0.122012,0.129601,0.158126,0.186650,0.181737,0.287184,0.295324,0.404498,0.418790,0.454688,0.595141,0.541583,0.473243,0.404040,0.512696,0.212482,0.155531,0.170269,0.185007,0.199746,0.214484,0.370169,0.525854,0.502671,0.586139,0.654831,0.663883,0.672935,0.601042,0.529148,0.516126,0.405954,0.341420,0.290934,0.240448,0.201209,0.161970,0.122731,0.131290,0.161917,0.141905,0.147355
24,4,0.121509,0.121509,0.121509,0.072699,0.114417,0.129601,0.150342,0.158169,0.197122,0.287184,0.280525,0.404498,0.380107,0.420728,0.549423,0.524592,0.438611,0.462455,0.460323,0.201346,0.155531,0.170269,0.185007,0.199746,0.214484,0.324245,0.434007,0.469357,0.572660,0.640690,0.731314,0.618541,0.534360,0.450180,0.516126,0.378833,0.390344,0.315396,0.240448,0.203489,0.166530,0.129571,0.131047,0.143791,0.141905,0.131718
24,5,0.121509,0.121509,0.121509,0.072699,0.114417,0.129601,0.150342,0.158169,0.197122,0.287184,0.280525,0.404498,0.380107,0.420728,0.549423,0.524592,0.438611,0.462455,0.460323,0.201346,0.155531,0.170269,0.185007,0.199746,0.214484,0.324245,0.434007,0.469357,0.572660,0.640690,0.731314,0.618541,0.534360,0.450180,0.516126,0.378833,0.390344,0.315396,0.240448,0.203489,0.166530,0.129571,0.131047,0.143791,0.141905,0.131718
24,6,0.072699,0.072699,0.072699,0.072699,0.116995,0.111354,0.139584,0.158169,0.167720,0.208194,0.248667,0.364824,0.380107,0.401510,0.529990,0.517253,0.407048,0.384030,0.460323,0.177826,0.168528,0.174550,0.180573,0.186595,0.192617,0.236120,0.279622,0.469357,0.506594,0.558810,0.588676,0.618541,0.576065,0.533589,0.491113,0.264257,0.360237,0.268977,0.216886,0.183309,0.149732,0.116154,0.137546,0.163706,0.145218,0.135577
24,9,0.111352,0.111352,0.111352,0.111352,0.111352,0.118251,0.150595,0.161735,0.196128,0.254419,0.312710,0.416772,0.473634,0.473151,0.633696,0.621567,0.603330,0.517720,0.558849,0.222912,0.180952,0.175075,0.169197,0.210772,0.252346,0.378679,0.505012,0.606430,0.654459,0.744823,0.743243,0.717064,0.636300,0.555537,0.609176,0.467771,0.443942,0.325787,0.265104,0.231332,0.197560,0.163789,0.154395,0.167441,0.167441,0.167441
24,10,0.099458,0.099458,0.099458,0.099458,0.099458,0.111519,0.147799,0.161735,0.196128,0.254419,0.312710,0.414397,0.572671,0.473151,0.660337,0.618122,0.621506,0.496715,0.560578,0.254631,0.167849,0.164877,0.161905,0.207125,0.252346,0.388298,0.524250,0.606430,0.654459,0.710559,0.735333,0.754153,0.669344,0.584534,0.609176,0.454113,0.449963,0.325787,0.265104,0.223212,0.181320,0.139428,0.137292,0.155860,0.141518,0.141518
24,11,0.106572,0.106572,0.106572,0.103371,0.100170,0.131477,0.140220,0.173885,0.189316,0.240172,0.291028,0.414397,0.572671,0.605365,0.638060,0.618122,0.531016,0.460193,0.556648,0.237131,0.167849,0.158610,0.149371,0.197308,0.245245,0.377394,0.509544,0.631898,0.667610,0.691118,0.741636,0.754153,0.706117,0.658080,0.610044,0.454113,0.450410,0.297060,0.281115,0.229134,0.177154,0.125174,0.127533,0.131087,0.141518,0.147645
24,12,0.141235,0.141235,0.141235,0.153014,0.164792,0.131477,0.181485,0.173885,0.209592,0.276363,0.343134,0.444081,0.426630,0.528486,0.630343,0.612019,0.540443,0.485370,0.556648,0.218320,0.170770,0.168853,0.166936,0.211938,0.256940,0.383242,0.509544,0.631898,0.653816,0.777332,0.741636,0.737368,0.720424,0.703481,0.686538,0.457659,0.445761,0.344219,0.281115,0.229225,0.177336,0.125447,0.123079,0.131087,0.113320,0.093987
24,13,0.123028,0.123028,0.123028,0.112063,0.101097,0.138686,0.167791,0.174634,0.209592,0.279970,0.350348,0.444081,0.505296,0.589825,0.674355,0.612019,0.567537,0.485370,0.567179,0.239355,0.167719,0.167327,0.166936,0.211938,0.256940,0.377172,0.497404,0.629124,0.653816,0.777332,0.744615,0.737368,0.720424,0.703481,0.686538,0.443905,0.382189,0.296715,0.308344,0.251836,0.195328,0.138820,0.154591,0.142882,0.146051,0.158951
24,14,0.123028,0.123028,0.123028,0.112063,0.101097,0.138686,0.167791,0.174634,0.209592,0.279970,0.350348,0.444081,0.505296,0.589825,0.674355,0.612019,0.567537,0.485370,0.567179,0.239355,0.167719,0.167327,0.166936,0.211938,0.256940,0.377172,0.497404,0.629124,0.653816,0.777332,0.744615,0.737368,0.720424,0.703481,0.686538,0.443905,0.382189,0.296715,0.308344,0.251836,0.195328,0.138820,0.154591,0.142882,0.146051,0.158951
24,15,0.109290,0.109290,0.109290,0.099507,0.089724,0.111388,0.147293,0.174634,0.212755,0.275823,0.338890,0.467732,0.586595,0.487376,0.674355,0.632836,0.569440,0.540367,0.567179,0.255755,0.167476,0.171973,0.176471,0.213340,0.250210,0.389083,0.527956,0.629124,0.687642,0.742826,0.723055,0.703285,0.673301,0.643317,0.613333,0.487059,0.427051,0.385994,0.261110,0.211337,0.161563,0.111790,0.154591,0.156701,0.146051,0.083855
24,19,0.283599,0.283599,0.283599,0.256945,0.230291,0.270856,0.309624,0.243065,0.319205,0.325438,0.331672,0.513438,0.445404,0.464200,0.606777,0.606644,0.503850,0.448289,0.349047,0.165469,0.111122,0.145224,0.179327,0.213719,0.248112,0.378859,0.509606,0.547842,0.654605,0.754813,0.753541,0.721576,0.687942,0.654309,0.620675,0.465007,0.444471,0.347432,0.250393,0.210118,0.169842,0.129567,0.149173,0.164219,0.154586,0.143803
24,20,0.217073,0.250336,0.283599,0.251681,0.219764,0.202700,0.309624,0.274796,0.280266,0.329733,0.379200,0.513438,0.487761,0.486873,0.656452,0.606644,0.506472,0.442958,0.349047,0.228010,0.165475,0.168381,0.171287,0.217227,0.263168,0.399346,0.535524,0.542944,0.607029,0.668320,0.672359,0.676397,0.640184,0.603971,0.567757,0.517476,0.467195,0.350309,0.233423,0.198805,0.164186,0.129567,0.141118,0.158894,0.142123,0.129590
24,21,0.233694,0.200025,0.166355,0.183561,0.200768,0.202700,0.201500,0.274796,0.290502,0.329557,0.368612,0.497458,0.505305,0.489761,0.656452,0.668646,0.502704,0.567836,0.393366,0.228010,0.165475,0.168157,0.170839,0.208099,0.245360,0.390442,0.535524,0.542944,0.661218,0.788441,0.737912,0.687384,0.657959,0.628534,0.599109,0.533152,0.467195,0.350309,0.233423,0.198138,0.162852,0.127566,0.126331,0.137299,0.142123,0.133717
24,22,0.233694,0.235351,0.237008,0.252346,0.267684,0.247996,0.274993,0.323653,0.290502,0.354758,0.419014,0.497458,0.505305,0.489761,0.666492,0.668646,0.502343,0.523707,0.393366,0.217677,0.176922,0.165672,0.154422,0.199891,0.245360,0.371783,0.498206,0.512255,0.661218,0.737937,0.726324,0.637128,0.624725,0.612322,0.599919,0.382464,0.492639,0.345576,0.198512,0.176863,0.155213,0.133563,0.141414,0.137299,0.151682,0.146190
24,23,0.233694,0.235351,0.237008,0.252346,0.267684,0.247996,0.274993,0.323653,0.290502,0.354758,0.419014,0.497458,0.505305,0.489761,0.666492,0.668646,0.502343,0.523707,0.393366,0.217677,0.176922,0.165672,0.154422,0.199891,0.245360,0.371783,0.498206,0.512255,0.661218,0.737937,0.726324,0.637128,0.624725,0.612322,0.599919,0.382464,0.492639,0.345576,0.198512,0.176863,0.155213,0.133563,0.141414,0.137299,0.151682,0.146190
24,24,0.270334,0.282540,0.294746,0.281215,0.267684,0.242165,0.321394,0.323653,0.350990,0.370530,0.390071,0.450252,0.521855,0.483836,0.536033,0.605460,0.442940,0.568115,0.393366,0.197899,0.163873,0.159147,0.154422,0.202329,0.250235,0.377709,0.505183,0.512255,0.645341,0.737937,0.549605,0.530613,0.541670,0.552727,0.563783,0.382464,0.322137,0.261810,0.201484,0.141157,0.145279,0.149400,0.145007,0.167315,0.150338,0.148084
24,25,0.270334,0.214609,0.158884,0.188207,0.217531,0.144967,0.174234,0.192281,0.280593,0.335332,0.390071,0.450252,0.387269,0.454992,0.584616,0.663398,0.438475,0.373449,0.400967,0.206764,0.159662,0.161623,0.163583,0.206909,0.250235,0.351149,0.452063,0.382184,0.645341,0.684618,0.660145,0.637393,0.614640,0.591887,0.569134,0.268176,0.245969,0.223762,0.201555,0.179348,0.161885,0.144422,0.132644,0.159605,0.150338,0.117203
24,26,0.148944,0.149071,0.149197,0.134783,0.120368,0.144967,0.174234,0.192281,0.188796,0.235984,0.283172,0.406211,0.385101,0.560055,0.515101,0.517099,0.495298,0.370351,0.306107,0.183618,0.124001,0.141000,0.158000,0.200453,0.242906,0.362724,0.482543,0.382184,0.685443,0.684618,0.622338,0.623045,0.605075,0.587104,0.569134,0.399014,0.344097,0.289181,0.234264,0.179348,0.151912,0.124476,0.119150,0.138845,0.126425,0.117203
24,35,0.224112,0.224112,0.224112,0.148626,0.178813,0.237939,0.189817,0.261380,0.261331,0.308462,0.355592,0.494509,0.544468,0.520653,0.651176,0.595121,0.494425,0.505548,0.402503,0.209567,0.157255,0.088025,0.102534,0.117042,0.203417,0.360752,0.518087,0.626438,0.671116,0.758736,0.728707,0.698678,0.668650,0.638621,0.608593,0.388645,0.354149,0.319653,0.285158,0.240950,0.196742,0.152534,0.148733,0.133529,0.113112,0.167262
24,44,0.098590,0.098590,0.098590,0.091966,0.085342,0.088564,0.091731,0.122745,0.153758,0.200639,0.247520,0.355592,0.359107,0.514928,0.498425,0.485839,0.511067,0.435632,0.566523,0.275872,0.165579,0.054620,0.106345,0.158070,0.209795,0.365447,0.521098,0.610337,0.699576,0.719164,0.755397,0.678890,0.644207,0.609524,0.663851,0.474802,0.435276,0.348563,0.261849,0.175135,0.165687,0.156239,0.140258,0.146760,0.140975,0.158343
24,45,0.096781,0.096781,0.096781,0.091061,0.085342,0.072412,0.124178,0.157447,0.159832,0.200316,0.240800,0.331046,0.359107,0.401775,0.589575,0.475919,0.519262,0.482984,0.500897,0.276209,0.164135,0.068288,0.115895,0.163502,0.211109,0.362573,0.514036,0.575364,0.636692,0.719164,0.718683,0.678890,0.644207,0.609524,0.613605,0.465606,0.435276,0.362738,0.290200,0.244131,0.198063,0.151995,0.098866,0.146760,0.140975,0.140975
24,50,0.088328,0.088328,0.088328,0.095092,0.101856,0.106293,0.112120,0.143666,0.175213,0.208716,0.242219,0.299958,0.368861,0.333666,0.470233,0.566278,0.413362,0.368529,0.364469,0.260574,0.156260,0.153821,0.151381,0.183236,0.215091,0.297325,0.379560,0.440813,0.502065,0.647844,0.603957,0.528190,0.511480,0.494769,0.399627,0.276847,0.268912,0.232592,0.196271,0.117824,0.116421,0.115017,0.110808,0.141404,0.145861,0.150317
24,51,0.088328,0.088328,0.088328,0.095092,0.101856,0.106293,0.112120,0.143666,0.175213,0.208716,0.242219,0.299958,0.368861,0.333666,0.470233,0.566278,0.413362,0.368529,0.364469,0.260574,0.156260,0.153821,0.151381,0.183236,0.215091,0.297325,0.379560,0.440813,0.502065,0.647844,0.603957,0.528190,0.511480,0.494769,0.399627,0.276847,0.268912,0.232592,0.196271,0.117824,0.116421,0.115017,0.110808,0.141404,0.145861,0.150317
24,52,0.104915,0.104915,0.104915,0.103385,0.101856,0.114064,0.112120,0.149931,0.187742,0.234010,0.280278,0.333867,0.387602,0.437737,0.520482,0.451616,0.494868,0.450067,0.565223,0.232506,0.137342,0.143186,0.149029,0.176436,0.203842,0.322924,0.442005,0.524181,0.606357,0.647844,0.573269,0.528190,0.511480,0.494769,0.516410,0.408417,0.349480,0.269240,0.189001,0.136267,0.156768,0.177269,0.165829,0.141404,0.166376,0.191349
25,2,0.144485,0.144485,0.144485,0.140793,0.137100,0.145849,0.166249,0.186650,0.212383,0.317040,0.297002,0.429675,0.383710,0.446381,0.570096,0.533738,0.525824,0.460653,0.516960,0.219737,0.162805,0.184263,0.205722,0.224674,0.243625,0.325101,0.406576,0.502671,0.545071,0.654831,0.637020,0.619208,0.519816,0.420425,0.446413,0.277481,0.321678,0.286993,0.252308,0.217623,0.182938,0.148253,0.134889,0.166787,0.151010,0.137921
25,4,0.120616,0.120616,0.120616,0.067627,0.108731,0.124927,0.151742,0.164697,0.200086,0.268597,0.337108,0.437476,0.474891,0.487135,0.566183,0.624423,0.438611,0.463181,0.483446,0.210251,0.150292,0.167376,0.184459,0.201543,0.218627,0.339873,0.461120,0.544886,0.606330,0.654831,0.803978,0.678217,0.574843,0.471469,0.481614,0.447262,0.398484,0.343577,0.288669,0.233761,0.178853,0.123946,0.129764,0.137156,0.149221,0.121051
25,5,0.108685,0.108685,0.108685,0.067627,0.100621,0.109678,0.135815,0.164697,0.171009,0.227916,0.284823,0.423298,0.378162,0.430855,0.571573,0.532634,0.424573,0.422212,0.499709,0.224952,0.164403,0.177959,0.191515,0.205071,0.218627,0.346306,0.473986,0.544886,0.651857,0.700751,0.747047,0.618541,0.572899,0.527256,0.481614,0.437248,0.401517,0.315291,0.229066,0.200521,0.171976,0.143430,0.129764,0.163706,0.145218,0.125962
25,9,0.125237,0.125237,0.125237,0.118595,0.111953,0.118251,0.160757,0.161735,0.188399,0.228191,0.267984,0.410689,0.434486,0.473151,0.618056,0.590684,0.507827,0.449625,0.539703,0.225225,0.174106,0.170327,0.166549,0.210432,0.254315,0.360578,0.466841,0.606430,0.626628,0.725412,0.734435,0.697786,0.655673,0.613561,0.571448,0.405842,0.449531,0.288108,0.251576,0.215459,0.179342,0.143225,0.131063,0.157236,0.157236,0.157236
25,11,0.108072,0.108072,0.108072,0.106615,0.105157,0.151392,0.139119,0.204583,0.238602,0.257104,0.275607,0.399851,0.572671,0.473151,0.669855,0.584911,0.489450,0.518133,0.565854,0.226533,0.168611,0.160894,0.153178,0.199211,0.245245,0.383029,0.520814,0.621326,0.674803,0.753735,0.692428,0.712990,0.678675,0.644359,0.610044,0.422552,0.453970,0.281628,0.260883,0.215647,0.170410,0.125174,0.135270,0.127932,0.137788,0.147645
25,12,0.183559,0.183559,0.183559,0.186421,0.189283,0.151392,0.222245,0.204583,0.234506,0.287944,0.341382,0.432164,0.478015,0.480337,0.669855,0.614440,0.540443,0.527700,0.526863,0.231116,0.174395,0.166765,0.159136,0.210145,0.261155,0.390984,0.520814,0.621326,0.674803,0.750692,0.692141,0.737368,0.691307,0.645247,0.599186,0.451687,0.455610,0.319184,0.260883,0.212689,0.164495,0.116300,0.110801,0.127932,0.110959,0.093987
25,13,0.130172,0.130172,0.130172,0.115635,0.101097,0.168372,0.169860,0.181335,0.234506,0.281961,0.329416,0.444081,0.586595,0.480337,0.640884,0.614440,0.558065,0.527700,0.395786,0.221574,0.174395,0.174394,0.174392,0.217773,0.261155,0.379589,0.498024,0.574066,0.619725,0.733362,0.688118,0.737368,0.691307,0.645247,0.599186,0.393092,0.358945,0.291643,0.298322,0.240832,0.183342,0.125852,0.150854,0.141412,0.144996,0.148581
25,14,0.104250,0.104250,0.104250,0.093285,0.082320,0.110946,0.136248,0.181335,0.186643,0.228876,0.271110,0.415553,0.586595,0.608781,0.630967,0.584192,0.520575,0.518237,0.402767,0.215088,0.155715,0.163353,0.170991,0.207834,0.244678,0.383920,0.523163,0.574066,0.665376,0.739375,0.744615,0.737368,0.696821,0.656275,0.615728,0.463964,0.386812,0.268607,0.261110,0.218310,0.175510,0.132710,0.150854,0.168207,0.160819,0.153432
25,15,0.090719,0.090719,0.090719,0.090719,0.090719,0.104212,0.141115,0.154264,0.167702,0.229422,0.291141,0.415553,0.566181,0.604908,0.643635,0.584192,0.596658,0.503888,0.450645,0.273439,0.169467,0.170229,0.170991,0.207834,0.244678,0.375299,0.505920,0.645378,0.665376,0.765962,0.769745,0.752710,0.727019,0.701328,0.675637,0.455638,0.458836,0.268607,0.261110,0.217382,0.173654,0.129926,0.146131,0.144165,0.136553,0.146761
25,20,0.194846,0.211012,0.227178,0.223471,0.219764,0.153568,0.252767,0.200681,0.281276,0.362890,0.444504,0.377227,0.623031,0.455997,0.618225,0.557763,0.435033,0.422216,0.373189,0.172997,0.168832,0.174778,0.180725,0.214388,0.248050,0.381165,0.514279,0.551910,0.687664,0.727061,0.651164,0.575267,0.589334,0.603400,0.617466,0.491973,0.348483,0.289993,0.231504,0.196251,0.160998,0.125745,0.135363,0.145893,0.131169,0.129590
25,21,0.194846,0.174402,0.153958,0.158143,0.162329,0.153568,0.190095,0.200681,0.294138,0.337069,0.380000,0.541244,0.623031,0.455997,0.701038,0.633608,0.586340,0.555240,0.411189,0.221364,0.168832,0.168832,0.168832,0.206037,0.243242,0.378761,0.514279,0.551910,0.673401,0.727061,0.697362,0.667663,0.669575,0.671488,0.673400,0.502274,0.438952,0.376599,0.314246,0.251893,0.189540,0.127187,0.128027,0.135334,0.131169,0.118130
25,22,0.221183,0.219576,0.217968,0.254701,0.291434,0.247996,0.249992,0.323653,0.294138,0.363127,0.432117,0.541244,0.519663,0.483836,0.701038,0.605460,0.567507,0.528337,0.393366,0.221899,0.187482,0.171300,0.155118,0.199180,0.243242,0.378144,0.513045,0.512255,0.673401,0.788441,0.831740,0.681930,0.679087,0.676243,0.673400,0.487317,0.492639,0.407216,0.321792,0.259580,0.197368,0.135155,0.145898,0.135334,0.137268,0.135717
25,23,0.288868,0.278811,0.268755,0.280094,0.291434,0.315134,0.292455,0.323653,0.370396,0.398643,0.426890,0.527286,0.661053,0.483836,0.720702,0.618785,0.600142,0.491386,0.393366,0.217652,0.175238,0.165178,0.155118,0.202677,0.250235,0.375388,0.500541,0.512255,0.689937,0.804198,0.888222,0.652554,0.659502,0.666451,0.673400,0.487317,0.361037,0.318258,0.275478,0.232699,0.189919,0.147140,0.145898,0.163036,0.135856,0.149330
25,24,0.288868,0.242212,0.195557,0.229587,0.263616,0.150474,0.181335,0.206127,0.296651,0.361771,0.426890,0.527286,0.661053,0.454992,0.720702,0.579486,0.612344,0.518637,0.400967,0.240834,0.159662,0.156494,0.153326,0.201781,0.250235,0.383199,0.516163,0.507065,0.689937,0.804198,0.748129,0.650709,0.670502,0.690295,0.710088,0.305400,0.361037,0.289671,0.218305,0.193677,0.169050,0.144422,0.144691,0.139372,0.135856,0.102389
25,25,0.134034,0.125074,0.116113,0.108172,0.100231,0.150474,0.181335,0.206127,0.188796,0.245863,0.302929,0.471440,0.453054,0.560055,0.722736,0.607584,0.612344,0.547705,0.400967,0.183209,0.113871,0.133571,0.153270,0.208588,0.263905,0.400720,0.537535,0.507065,0.685443,0.744190,0.728135,0.712079,0.711415,0.710752,0.710088,0.468622,0.459646,0.370496,0.281345,0.243747,0.206149,0.168551,0.140062,0.137804,0.126425,0.102389
25,26,0.134034,0.125074,0.116113,0.108172,0.100231,0.150474,0.181335,0.206127,0.188796,0.245863,0.302929,0.471440,0.453054,0.560055,0.722736,0.607584,0.612344,0.547705,0.400967,0.183209,0.113871,0.133571,0.153270,0.208588,0.263905,0.400720,0.537535,0.507065,0.685443,0.744190,0.728135,0.712079,0.711415,0.710752,0.710088,0.468622,0.459646,0.370496,0.281345,0.243747,0.206149,0.168551,0.140062,0.137804,0.126425,0.102389
25,42,0.106955,0.106955,0.106955,0.099705,0.092454,0.098885,0.133746,0.145599,0.157453,0.219903,0.282353,0.354023,0.345652,0.519736,0.548144,0.411726,0.513737,0.391050,0.538412,0.231074,0.146396,0.054620,0.106345,0.158070,0.209795,0.329675,0.449555,0.598651,0.624314,0.730679,0.728368,0.667682,0.606996,0.546310,0.663687,0.437208,0.437071,0.361433,0.285795,0.185351,0.171554,0.157757,0.139612,0.144930,0.128480,0.124827
25,43,0.104998,0.104998,0.104998,0.101359,0.097720,0.090861,0.105309,0.131381,0.157453,0.224373,0.291294,0.333531,0.338928,0.519736,0.548144,0.411726,0.510607,0.435632,0.531015,0.231527,0.143934,0.054620,0.108609,0.162597,0.216586,0.324257,0.431928,0.528121,0.624314,0.722568,0.685238,0.647907,0.598195,0.548483,0.663687,0.432673,0.424261,0.330661,0.237061,0.168342,0.153811,0.139280,0.145707,0.156228,0.167570,0.149000
25,44,0.104998,0.104998,0.104998,0.101359,0.097720,0.090861,0.105309,0.131381,0.157453,0.224373,0.291294,0.333531,0.338928,0.519736,0.548144,0.411726,0.510607,0.435632,0.531015,0.231527,0.143934,0.054620,0.108609,0.162597,0.216586,0.324257,0.431928,0.528121,0.624314,0.722568,0.685238,0.647907,0.598195,0.548483,0.663687,0.432673,0.424261,0.330661,0.237061,0.168342,0.153811,0.139280,0.145707,0.156228,0.167570,0.149000
25,45,0.107463,0.107463,0.107463,0.102592,0.097720,0.099058,0.078254,0.119324,0.160393,0.200596,0.240800,0.348691,0.338928,0.416411,0.529550,0.406555,0.518309,0.485707,0.528643,0.209170,0.164135,0.060891,0.112789,0.164688,0.216586,0.343542,0.470497,0.545950,0.621402,0.722568,0.718683,0.612270,0.594532,0.576794,0.620129,0.423244,0.424261,0.330661,0.237061,0.166484,0.155197,0.143910,0.145707,0.156228,0.167570,0.172324
25,46,0.127434,0.127434,0.127434,0.118225,0.109016,0.099058,0.078254,0.131604,0.184953,0.210039,0.235125,0.334937,0.342119,0.416411,0.520727,0.380800,0.499672,0.449787,0.502273,0.195131,0.145067,0.071861,0.121364,0.170867,0.220371,0.322495,0.424619,0.509357,0.594095,0.720731,0.681035,0.628728,0.602761,0.576794,0.620129,0.401564,0.383453,0.321580,0.259706,0.202381,0.156598,0.110814,0.135302,0.141919,0.150275,0.059736
25,48,0.094475,0.094475,0.094475,0.091951,0.089427,0.080444,0.086791,0.120067,0.153343,0.182768,0.212193,0.282279,0.301342,0.439177,0.481543,0.365304,0.491186,0.388774,0.363207,0.220761,0.154841,0.071861,0.144484,0.189396,0.234308,0.343466,0.452624,0.495993,0.539362,0.653622,0.595791,0.621124,0.600859,0.580594,0.560329,0.305197,0.378721,0.327491,0.276260,0.187277,0.152783,0.118290,0.100671,0.102625,0.099309,0.099309
25,49,0.096089,0.096089,0.096089,0.094552,0.093015,0.092835,0.105415,0.160281,0.144825,0.178509,0.212193,0.301724,0.301639,0.439177,0.481543,0.404127,0.455196,0.388774,0.466006,0.212934,0.154841,0.095042,0.144484,0.189396,0.234308,0.308971,0.383634,0.461498,0.539362,0.621452,0.595791,0.621124,0.600859,0.580594,0.560329,0.396951,0.361546,0.281400,0.201254,0.164347,0.141319,0.118290,0.114145,0.112122,0.099309,0.113170
25,50,0.096089,0.096089,0.096089,0.097683,0.099277,0.092835,0.105745,0.136416,0.167087,0.229343,0.291599,0.341426,0.526887,0.515158,0.562070,0.566278,0.453432,0.515578,0.360627,0.284709,0.152609,0.095042,0.137058,0.176074,0.215091,0.323251,0.431411,0.511429,0.591446,0.647844,0.603957,0.644253,0.593222,0.542190,0.491158,0.396951,0.361546,0.281400,0.201254,0.164544,0.161239,0.157934,0.119262,0.146169,0.119074,0.126070
25,51,0.102902,0.102902,0.102902,0.101089,0.099277,0.109421,0.105777,0.136330,0.166884,0.223581,0.280278,0.364919,0.526887,0.515158,0.562070,0.566278,0.557536,0.498401,0.565223,0.229497,0.137342,0.095042,0.131340,0.174256,0.217172,0.347871,0.478570,0.542464,0.606357,0.647844,0.653672,0.644253,0.569511,0.494769,0.481626,0.415648,0.394624,0.308399,0.222174,0.150055,0.150953,0.151852,0.151916,0.146169,0.164882,0.126070
25,52,0.110016,0.110016,0.110016,0.119654,0.129293,0.110885,0.105777,0.136330,0.166884,0.204414,0.241943,0.361572,0.526887,0.406335,0.492577,0.575680,0.548470,0.498401,0.589045,0.293825,0.167417,0.095042,0.131340,0.174256,0.217172,0.342154,0.467137,0.578084,0.606357,0.698282,0.653672,0.667804,0.647941,0.628077,0.608213,0.420018,0.394624,0.308399,0.222174,0.137536,0.148280,0.159024,0.151833,0.175962,0.164882,0.164766
26,4,0.127088,0.127088,0.127088,0.116368,0.105647,0.181621,0.163260,0.193595,0.223929,0.317040,0.359862,0.459101,0.474891,0.487135,0.634877,0.606161,0.560743,0.569730,0.578718,0.257075,0.192552,0.179908,0.167263,0.194693,0.222123,0.373951,0.525779,0.574207,0.616443,0.653802,0.696784,0.739767,0.605618,0.471469,0.598217,0.386396,0.419899,0.343897,0.267896,0.191894,0.152513,0.113132,0.134131,0.172003,0.149221,0.211720
26,5,0.107872,0.107872,0.107872,0.100270,0.092668,0.114456,0.137746,0.160118,0.182491,0.233657,0.284823,0.423298,0.451079,0.487135,0.708023,0.612343,0.557201,0.530254,0.625272,0.270585,0.179305,0.173284,0.167263,0.194693,0.222123,0.381290,0.540457,0.574207,0.683008,0.738633,0.757134,0.739767,0.692584,0.645400,0.598217,0.437248,0.419899,0.333627,0.247355,0.211415,0.175475,0.139535,0.134131,0.144318,0.133947,0.133555
26,6,0.107872,0.107872,0.107872,0.101521,0.095170,0.109966,0.137746,0.163353,0.179303,0.239604,0.299905,0.423298,0.586425,0.495449,0.733951,0.612343,0.593329,0.544845,0.625272,0.274961,0.173170,0.169581,0.165992,0.205854,0.245716,0.392193,0.538669,0.591296,0.693220,0.738633,0.757134,0.761803,0.719731,0.677660,0.635589,0.474261,0.446231,0.395601,0.344971,0.276492,0.208014,0.139535,0.138345,0.125305,0.127588,0.129870
26,7,0.110729,0.110729,0.110729,0.102949,0.095170,0.124839,0.143747,0.163353,0.223605,0.292916,0.362226,0.460006,0.586425,0.472978,0.733951,0.633162,0.593329,0.598380,0.627953,0.274961,0.174366,0.170179,0.165992,0.205854,0.245716,0.382960,0.520204,0.591296,0.693220,0.736878,0.754412,0.768632,0.724284,0.679937,0.635589,0.466336,0.464138,0.378007,0.344971,0.278488,0.212005,0.145521,0.119458,0.125305,0.127588,0.129870
26,8,0.121599,0.121599,0.121599,0.116607,0.111615,0.124839,0.163869,0.167854,0.191553,0.250623,0.309692,0.460006,0.586425,0.477064,0.684999,0.656193,0.592990,0.449625,0.627953,0.261248,0.176128,0.175939,0.175749,0.215032,0.254315,0.365566,0.476818,0.616775,0.676860,0.736878,0.754412,0.778140,0.709243,0.640346,0.571448,0.466198,0.455743,0.378007,0.343019,0.266006,0.188994,0.111981,0.114557,0.123045,0.123045,0.123045
26,9,0.114731,0.114731,0.114731,0.110548,0.106364,0.114814,0.148549,0.167854,0.184178,0.246935,0.309692,0.433527,0.564205,0.477064,0.684999,0.615499,0.550718,0.444040,0.507362,0.231841,0.165583,0.167712,0.169841,0.210989,0.252136,0.367599,0.483061,0.616775,0.676860,0.736878,0.755450,0.712990,0.664174,0.615358,0.566542,0.466198,0.455743,0.364420,0.343019,0.271650,0.200280,0.128911,0.130137,0.114997,0.114997,0.114997
26,10,0.114731,0.114731,0.114731,0.110548,0.106364,0.114814,0.148549,0.167854,0.184178,0.246935,0.309692,0.433527,0.564205,0.477064,0.684999,0.615499,0.550718,0.444040,0.507362,0.231841,0.165583,0.167712,0.169841,0.210989,0.252136,0.367599,0.483061,0.616775,0.676860,0.736878,0.755450,0.712990,0.664174,0.615358,0.566542,0.466198,0.455743,0.364420,0.343019,0.271650,0.200280,0.128911,0.130137,0.114997,0.114997,0.114997
26,11,0.111852,0.111852,0.111852,0.107311,0.102770,0.116271,0.146144,0.168428,0.221242,0.273205,0.325169,0.433527,0.564205,0.477064,0.675423,0.615499,0.580889,0.482635,0.526863,0.226533,0.166883,0.163009,0.159136,0.205636,0.252136,0.368474,0.484813,0.597080,0.664545,0.735357,0.755450,0.712990,0.664174,0.615358,0.566542,0.469911,0.440159,0.337385,0.310000,0.247519,0.185037,0.122555,0.121068,0.114997,0.120686,0.126376
26,12,0.148693,0.148693,0.148693,0.148784,0.148874,0.116271,0.179253,0.168428,0.221242,0.281312,0.341382,0.432164,0.446318,0.470757,0.596913,0.627883,0.506007,0.473769,0.526863,0.230903,0.175262,0.167199,0.159136,0.201868,0.244599,0.364706,0.484813,0.597080,0.599129,0.735357,0.692141,0.678024,0.638403,0.598782,0.559161,0.439785,0.433182,0.319184,0.310000,0.247455,0.184910,0.122365,0.127866,0.120415,0.112905,0.105396
26,13,0.140382,0.140382,0.140382,0.135410,0.130438,0.133523,0.172220,0.181335,0.225644,0.261867,0.298089,0.432164,0.559844,0.470757,0.557033,0.566009,0.466066,0.473769,0.505319,0.216892,0.175262,0.185406,0.195550,0.220075,0.244599,0.352378,0.460158,0.574066,0.599129,0.733362,0.696366,0.678024,0.638403,0.598782,0.559161,0.393092,0.386779,0.257212,0.298322,0.251978,0.205635,0.159291,0.148755,0.131000,0.138256,0.145511
26,14,0.117464,0.117464,0.117464,0.102051,0.086639,0.110946,0.152940,0.181335,0.189026,0.222931,0.256836,0.394583,0.559844,0.558438,0.557033,0.584192,0.502383,0.416150,0.505319,0.244336,0.170865,0.172127,0.173389,0.210178,0.246967,0.348431,0.449895,0.574066,0.614597,0.739375,0.696366,0.678024,0.631391,0.584758,0.538124,0.420096,0.352050,0.269191,0.217307,0.191700,0.166092,0.140484,0.148755,0.168207,0.159415,0.150624
26,17,0.096693,0.096693,0.096693,0.096765,0.096837,0.111318,0.132319,0.151642,0.178565,0.231674,0.284782,0.382719,0.515206,0.553697,0.592187,0.568484,0.489888,0.497123,0.456730,0.202651,0.129627,0.151584,0.173540,0.199681,0.225821,0.362646,0.499471,0.511619,0.591193,0.710369,0.721181,0.621323,0.620038,0.618752,0.617466,0.411513,0.376381,0.314086,0.251791,0.207944,0.164097,0.120250,0.118909,0.123195,0.113151,0.112366
26,18,0.096693,0.096693,0.096693,0.088623,0.080552,0.096008,0.132319,0.151642,0.176907,0.213245,0.249584,0.377227,0.354652,0.432435,0.510218,0.488205,0.394813,0.292306,0.456730,0.149686,0.090502,0.132021,0.173540,0.199681,0.225821,0.308669,0.391517,0.511619,0.591193,0.715810,0.669687,0.621323,0.620038,0.618752,0.617466,0.223837,0.307348,0.279569,0.251791,0.207944,0.164097,0.120250,0.094077,0.100038,0.101156,0.094361
26,19,0.096693,0.096693,0.096693,0.088623,0.080552,0.096008,0.132319,0.151642,0.176907,0.213245,0.249584,0.377227,0.354652,0.432435,0.510218,0.488205,0.394813,0.292306,0.456730,0.149686,0.090502,0.132021,0.173540,0.199681,0.225821,0.308669,0.391517,0.511619,0.591193,0.715810,0.669687,0.621323,0.620038,0.618752,0.617466,0.223837,0.307348,0.279569,0.251791,0.207944,0.164097,0.120250,0.094077,0.100038,0.101156,0.094361
26,20,0.092319,0.092319,0.092319,0.104231,0.116143,0.153568,0.131492,0.200681,0.182380,0.244491,0.306603,0.377227,0.439618,0.455997,0.510218,0.488205,0.435033,0.325698,0.384341,0.149686,0.143593,0.148706,0.153818,0.185668,0.217519,0.304518,0.391517,0.551910,0.549660,0.637340,0.629332,0.621323,0.620038,0.618752,0.617466,0.365361,0.160259,0.195881,0.231504,0.184738,0.137972,0.091206,0.111778,0.118138,0.101684,0.120947
26,21,0.101005,0.101005,0.101005,0.107851,0.114696,0.158571,0.126155,0.200681,0.182380,0.233129,0.283878,0.425331,0.445695,0.455997,0.625521,0.633608,0.559531,0.512310,0.411189,0.211617,0.143593,0.155656,0.167718,0.205480,0.243242,0.324349,0.405457,0.551910,0.661673,0.728074,0.724664,0.710998,0.698465,0.685933,0.673400,0.464207,0.438952,0.375512,0.312072,0.256711,0.201349,0.145988,0.109312,0.107284,0.101684,0.120947
26,22,0.107779,0.107779,0.107779,0.119221,0.130664,0.158571,0.147980,0.221964,0.189438,0.254555,0.319673,0.425331,0.445695,0.492825,0.625521,0.618785,0.565578,0.528337,0.439869,0.234063,0.147248,0.164778,0.182309,0.212775,0.243242,0.371175,0.499108,0.517071,0.661673,0.728074,0.788843,0.651234,0.658623,0.666012,0.673400,0.466537,0.462007,0.387040,0.312072,0.248432,0.184792,0.121151,0.111493,0.107284,0.110252,0.110252
26,23,0.268755,0.268755,0.268755,0.199709,0.130664,0.186798,0.292455,0.221964,0.211990,0.275618,0.339247,0.470690,0.508064,0.492825,0.711363,0.618785,0.631231,0.539129,0.439869,0.222175,0.146793,0.164551,0.182309,0.215798,0.249288,0.374915,0.500541,0.517071,0.689937,0.768989,0.785793,0.652151,0.659234,0.666317,0.673400,0.466537,0.443839,0.341784,0.239729,0.197176,0.154624,0.112072,0.144801,0.128108,0.135856,0.135856
26,25,0.134034,0.122786,0.111538,0.108547,0.105555,0.138822,0.181335,0.197331,0.187462,0.265051,0.342640,0.471440,0.514919,0.630740,0.736516,0.638141,0.637459,0.552999,0.464157,0.193977,0.157587,0.155612,0.153637,0.199865,0.246094,0.395376,0.544658,0.478689,0.714968,0.752744,0.615626,0.478509,0.555702,0.632895,0.710088,0.447126,0.404271,0.342808,0.281345,0.241994,0.202643,0.163291,0.135036,0.135751,0.119022,0.129514
26,41,0.257036,0.257036,0.257036,0.243824,0.230612,0.176182,0.274226,0.264943,0.217384,0.321745,0.426105,0.498239,0.626378,0.532686,0.659122,0.474189,0.524171,0.466757,0.458510,0.240145,0.178532,0.055296,0.101859,0.157404,0.212950,0.356112,0.499274,0.587915,0.676557,0.740152,0.730631,0.653235,0.575838,0.498442,0.663687,0.483784,0.424013,0.364241,0.304469,0.244698,0.207908,0.171118,0.134777,0.153118,0.171109,0.141287
26,43,0.118931,0.118931,0.118931,0.118931,0.118931,0.136064,0.188027,0.173514,0.203377,0.273526,0.343674,0.435602,0.585659,0.519741,0.657626,0.455438,0.550167,0.376039,0.384295,0.232516,0.159082,0.055296,0.118491,0.181686,0.244881,0.381174,0.517468,0.569435,0.621402,0.722568,0.700123,0.639752,0.579380,0.519009,0.663687,0.487655,0.432333,0.314405,0.196477,0.192701,0.165621,0.138541,0.161018,0.194536,0.167570,0.151199
26,45,0.127434,0.127434,0.127434,0.122661,0.117888,0.116713,0.128628,0.164437,0.206841,0.255957,0.305073,0.334937,0.477530,0.383942,0.499041,0.361624,0.446210,0.400930,0.510511,0.195131,0.153760,0.082582,0.138178,0.193774,0.249369,0.353781,0.458192,0.515854,0.573516,0.652304,0.619916,0.581480,0.543043,0.504606,0.620129,0.401564,0.383453,0.321580,0.259706,0.182607,0.166805,0.151004,0.146010,0.179087,0.150275,0.140232
26,49,0.165349,0.165349,0.165349,0.181334,0.197319,0.174443,0.217743,0.160281,0.205001,0.249092,0.293183,0.383121,0.403293,0.478686,0.501600,0.510262,0.573332,0.528132,0.530727,0.235613,0.185543,0.095536,0.177557,0.204245,0.230932,0.346775,0.462617,0.519418,0.576219,0.694935,0.636373,0.613763,0.538193,0.462622,0.387052,0.311481,0.368658,0.315880,0.263103,0.164347,0.180124,0.195901,0.179341,0.185300,0.172450,0.172450
26,50,0.165349,0.165349,0.165349,0.175321,0.185294,0.174443,0.125133,0.158350,0.191567,0.267581,0.343596,0.408611,0.448243,0.478686,0.632839,0.605222,0.573332,0.511514,0.400370,0.241981,0.173803,0.095536,0.141578,0.186255,0.230932,0.350834,0.470736,0.531091,0.591446,0.694935,0.661020,0.720039,0.669593,0.619147,0.568701,0.388218,0.368658,0.315880,0.263103,0.177606,0.182932,0.188258,0.169156,0.156503,0.175658,0.175658
26,51,0.148318,0.148318,0.148318,0.138805,0.129293,0.169159,0.125133,0.181505,0.191567,0.244300,0.297033,0.427817,0.526887,0.515158,0.581742,0.605222,0.546000,0.484257,0.554223,0.229497,0.142623,0.089749,0.135211,0.184353,0.233494,0.356032,0.478570,0.540537,0.602503,0.694935,0.667856,0.720039,0.697878,0.675717,0.653556,0.452013,0.451465,0.388937,0.326408,0.192133,0.167540,0.142946,0.177332,0.156503,0.156529,0.156529
26,52,0.154361,0.154361,0.154361,0.130533,0.106705,0.110885,0.140292,0.181505,0.248658,0.279194,0.309730,0.361572,0.519039,0.538762,0.601784,0.624837,0.547474,0.484257,0.561587,0.243607,0.128032,0.097854,0.135211,0.184353,0.233494,0.336944,0.440393,0.521448,0.602503,0.672938,0.667856,0.667804,0.663055,0.658305,0.653556,0.451729,0.320274,0.286971,0.253668,0.170917,0.153567,0.136216,0.149652,0.162055,0.156529,0.156529
27,0,0.180545,0.180545,0.180545,0.194880,0.209215,0.201356,0.223906,0.246455,0.268070,0.401051,0.354573,0.481399,0.575028,0.474336,0.655630,0.584193,0.503704,0.445832,0.608194,0.221617,0.175466,0.190903,0.206341,0.224531,0.242722,0.355909,0.469095,0.638530,0.643339,0.688211,0.651610,0.615009,0.472197,0.329386,0.380932,0.302352,0.298528,0.265238,0.231949,0.198659,0.211658,0.224657,0.229003,0.233348,0.191447,0.202411
27,1,0.164965,0.164965,0.164965,0.185671,0.206378,0.191442,0.225446,0.259450,0.293454,0.326545,0.354573,0.481399,0.575028,0.472470,0.655630,0.633688,0.609529,0.608861,0.608194,0.261409,0.186437,0.196389,0.206341,0.224531,0.242722,0.367703,0.492684,0.622648,0.628258,0.724681,0.669845,0.615009,0.499846,0.384682,0.425985,0.325149,0.359188,0.313693,0.268199,0.198659,0.211658,0.224657,0.187918,0.227706,0.185027,0.180079
27,2,0.170648,0.170648,0.170648,0.194967,0.219286,0.150164,0.187506,0.224848,0.262190,0.326545,0.357044,0.459101,0.594099,0.472470,0.634877,0.702139,0.603672,0.635255,0.666838,0.249602,0.169906,0.170876,0.171846,0.198333,0.224820,0.358752,0.492684,0.622648,0.603567,0.724681,0.688783,0.652885,0.547884,0.442882,0.524969,0.445886,0.359188,0.336457,0.313726,0.187556,0.206010,0.224464,0.189020,0.157801,0.176211,0.180079
27,3,0.170648,0.170648,0.170648,0.194967,0.219286,0.150164,0.187506,0.224848,0.262190,0.326545,0.357044,0.459101,0.594099,0.472470,0.634877,0.702139,0.603672,0.635255,0.666838,0.249602,0.169906,0.170876,0.171846,0.198333,0.224820,0.358752,0.492684,0.622648,0.603567,0.724681,0.688783,0.652885,0.547884,0.442882,0.524969,0.445886,0.359188,0.336457,0.313726,0.187556,0.206010,0.224464,0.189020,0.157801,0.176211,0.180079
27,4,0.146565,0.146565,0.146565,0.150545,0.154525,0.150164,0.175396,0.208687,0.241978,0.281590,0.321202,0.459101,0.594099,0.495516,0.698722,0.659474,0.616497,0.641668,0.666838,0.264791,0.179305,0.175575,0.171846,0.189885,0.207924,0.349673,0.491422,0.574207,0.645660,0.738633,0.724755,0.695572,0.569227,0.442882,0.524969,0.455619,0.386628,0.350177,0.313726,0.257247,0.200767,0.144288,0.151256,0.172003,0.176211,0.131891
27,7,0.112511,0.112511,0.112511,0.112511,0.112511,0.126977,0.155955,0.166684,0.200928,0.271269,0.341609,0.432646,0.600335,0.495938,0.716778,0.683451,0.659085,0.591710,0.627953,0.278683,0.192992,0.170723,0.148454,0.205971,0.263488,0.391846,0.520204,0.620845,0.693715,0.765238,0.746875,0.768632,0.711904,0.655175,0.598447,0.464283,0.486031,0.359264,0.345365,0.281487,0.217609,0.153731,0.133892,0.126805,0.124219,0.121632
27,8,0.106933,0.106933,0.106933,0.112396,0.117859,0.126977,0.142052,0.166568,0.191553,0.266581,0.341609,0.432646,0.477912,0.495938,0.716778,0.693012,0.649282,0.530199,0.599315,0.270183,0.183678,0.172960,0.162243,0.212866,0.263488,0.395978,0.528467,0.643604,0.703048,0.765238,0.746875,0.778140,0.732453,0.686766,0.641078,0.463849,0.486031,0.359264,0.352875,0.284038,0.215201,0.146364,0.114557,0.123868,0.123653,0.123438
27,9,0.106933,0.106933,0.106933,0.102449,0.097965,0.110310,0.142052,0.166568,0.195309,0.244530,0.293752,0.433527,0.456668,0.498108,0.689192,0.680182,0.611789,0.531481,0.599315,0.243688,0.177309,0.172538,0.167767,0.211049,0.254331,0.391062,0.527794,0.643604,0.703048,0.765238,0.737465,0.767171,0.721301,0.675431,0.629561,0.463849,0.475034,0.356226,0.352875,0.284629,0.216382,0.148135,0.113156,0.110562,0.110562,0.110562
27,10,0.110615,0.110615,0.110615,0.102676,0.094736,0.108230,0.146902,0.168428,0.196390,0.256902,0.317413,0.433527,0.607196,0.498108,0.689192,0.653769,0.580889,0.568559,0.624519,0.255352,0.173393,0.166712,0.160031,0.207181,0.254331,0.382916,0.511500,0.597080,0.681841,0.735357,0.750936,0.767171,0.721301,0.675431,0.629561,0.476402,0.475034,0.337385,0.310000,0.247659,0.185318,0.122977,0.108545,0.110562,0.110793,0.111024
27,11,0.113717,0.113717,0.113717,0.104197,0.094676,0.108230,0.148641,0.168428,0.196390,0.259037,0.321684,0.469907,0.511110,0.470757,0.727836,0.627883,0.583442,0.583069,0.624519,0.291806,0.170931,0.165481,0.160031,0.196480,0.232929,0.372215,0.511500,0.597080,0.646508,0.735357,0.750936,0.749454,0.707033,0.664613,0.622192,0.451138,0.456808,0.354271,0.338880,0.266487,0.194094,0.121702,0.122074,0.122436,0.122097,0.121757
27,12,0.113717,0.113717,0.113717,0.104197,0.094676,0.108230,0.148641,0.168428,0.196390,0.259037,0.321684,0.469907,0.511110,0.470757,0.727836,0.627883,0.583442,0.583069,0.624519,0.291806,0.170931,0.165481,0.160031,0.196480,0.232929,0.372215,0.511500,0.597080,0.646508,0.735357,0.750936,0.749454,0.707033,0.664613,0.622192,0.451138,0.456808,0.354271,0.338880,0.266487,0.194094,0.121702,0.122074,0.122436,0.122097,0.121757
27,13,0.123379,0.123379,0.123379,0.117088,0.110797,0.115706,0.167740,0.185433,0.226602,0.292091,0.357579,0.469907,0.514224,0.470757,0.651053,0.666610,0.566634,0.583069,0.615819,0.268065,0.170931,0.155778,0.140626,0.186777,0.232929,0.359803,0.486677,0.584241,0.624627,0.733404,0.728335,0.740224,0.700880,0.661536,0.622192,0.449416,0.386779,0.352354,0.338880,0.278498,0.218116,0.157734,0.121791,0.131000,0.129976,0.128951
27,14,0.124021,0.124021,0.124021,0.117409,0.110797,0.127768,0.171004,0.185433,0.241143,0.306823,0.372503,0.513682,0.559844,0.652349,0.744855,0.642437,0.573586,0.541072,0.615819,0.285299,0.179978,0.167330,0.154681,0.200824,0.246967,0.372941,0.498915,0.584241,0.676378,0.733404,0.728335,0.753309,0.681581,0.609853,0.538124,0.428247,0.365135,0.293723,0.269505,0.224894,0.180282,0.135671,0.121791,0.149140,0.139046,0.128951
27,15,0.107680,0.107680,0.107680,0.106878,0.106076,0.114198,0.143040,0.168080,0.222327,0.289140,0.355952,0.513682,0.544110,0.580948,0.617786,0.679334,0.560564,0.598187,0.579755,0.229057,0.147621,0.151151,0.154681,0.200011,0.245342,0.377918,0.510495,0.648075,0.676378,0.733404,0.759122,0.721731,0.676214,0.630697,0.585181,0.454864,0.377154,0.293723,0.269505,0.224894,0.180282,0.135671,0.154231,0.175501,0.182247,0.188993
27,16,0.115563,0.115563,0.115563,0.105248,0.094933,0.114198,0.142782,0.168080,0.177920,0.266936,0.355952,0.382719,0.506351,0.562068,0.617786,0.627404,0.560564,0.443122,0.579755,0.234127,0.127818,0.128820,0.129822,0.187582,0.245342,0.372156,0.498970,0.648075,0.722038,0.756012,0.721181,0.721731,0.676214,0.630697,0.585181,0.366628,0.279913,0.238558,0.197203,0.181566,0.165930,0.150294,0.152939,0.155795,0.152361,0.178749
27,17,0.114520,0.114520,0.114520,0.108395,0.102271,0.106778,0.146659,0.151642,0.174111,0.217728,0.261344,0.382719,0.515206,0.515130,0.515053,0.512865,0.468154,0.384535,0.522132,0.199956,0.141685,0.138922,0.173540,0.204362,0.235183,0.364564,0.493944,0.511619,0.599055,0.686861,0.721181,0.666133,0.615147,0.564161,0.513174,0.274442,0.279913,0.265852,0.251791,0.210573,0.169355,0.128138,0.145146,0.155795,0.152361,0.153538
27,18,0.114520,0.114520,0.114520,0.107683,0.100845,0.135529,0.146659,0.151642,0.169103,0.206072,0.243040,0.370148,0.352435,0.437557,0.522679,0.488205,0.478606,0.353126,0.522132,0.158162,0.112853,0.120116,0.150524,0.192853,0.235183,0.334440,0.433697,0.511619,0.599055,0.686861,0.664717,0.666133,0.608309,0.550485,0.492661,0.179644,0.276092,0.263941,0.251791,0.210573,0.169355,0.128138,0.117722,0.141008,0.137326,0.094361
27,19,0.118221,0.118221,0.118221,0.113838,0.109455,0.095895,0.159069,0.148959,0.168970,0.226114,0.283259,0.370148,0.529489,0.426100,0.522679,0.505203,0.395054,0.387667,0.384341,0.158162,0.166983,0.160400,0.153818,0.185668,0.217519,0.321372,0.425226,0.499838,0.550496,0.637340,0.651737,0.666133,0.608309,0.550485,0.492661,0.229759,0.160259,0.174230,0.188202,0.161023,0.133843,0.106664,0.123589,0.130634,0.137326,0.122696
27,20,0.108733,0.108733,0.108733,0.099892,0.091052,0.106213,0.138595,0.148959,0.168970,0.211407,0.253843,0.406384,0.529489,0.426100,0.512041,0.553344,0.488458,0.454402,0.548672,0.185377,0.140472,0.146379,0.152285,0.193814,0.235343,0.367225,0.499108,0.499838,0.527714,0.696283,0.628261,0.560238,0.550991,0.541743,0.532496,0.454303,0.328211,0.258207,0.188202,0.172471,0.156741,0.141010,0.112917,0.107284,0.106956,0.095905
27,21,0.105992,0.105992,0.105992,0.102126,0.098261,0.106213,0.145234,0.169815,0.182152,0.246817,0.311482,0.406384,0.418479,0.468944,0.699159,0.632161,0.568482,0.525967,0.548672,0.213156,0.142391,0.147338,0.152285,0.193814,0.235343,0.363185,0.491027,0.543785,0.645011,0.732511,0.685853,0.639196,0.642785,0.646373,0.649962,0.474043,0.400739,0.344341,0.287943,0.151177,0.134012,0.116848,0.116387,0.128108,0.110252,0.110252
27,22,0.105992,0.105992,0.105992,0.102126,0.098261,0.106213,0.145234,0.169815,0.182152,0.246817,0.311482,0.406384,0.418479,0.468944,0.699159,0.632161,0.568482,0.525967,0.548672,0.213156,0.142391,0.147338,0.152285,0.193814,0.235343,0.363185,0.491027,0.543785,0.645011,0.732511,0.685853,0.639196,0.642785,0.646373,0.649962,0.474043,0.400739,0.344341,0.287943,0.151177,0.134012,0.116848,0.116387,0.128108,0.110252,0.110252
27,23,0.112643,0.112643,0.112643,0.105452,0.098261,0.119502,0.161134,0.169815,0.200205,0.269726,0.339247,0.470690,0.624215,0.468944,0.699159,0.632161,0.598512,0.575106,0.428947,0.213820,0.144877,0.166113,0.187348,0.217396,0.247443,0.369235,0.491027,0.543785,0.652688,0.732511,0.640269,0.632553,0.638356,0.644159,0.649962,0.474043,0.454869,0.340198,0.225526,0.167459,0.140619,0.113779,0.129390,0.128108,0.128108,0.128108
27,24,0.127618,0.127618,0.127618,0.121250,0.114882,0.130932,0.169517,0.197331,0.200559,0.270015,0.339471,0.470690,0.624215,0.468944,0.691714,0.620289,0.549689,0.587008,0.482162,0.284441,0.195662,0.187613,0.179564,0.213504,0.247443,0.353342,0.459241,0.478689,0.652688,0.756781,0.637524,0.665076,0.660038,0.655000,0.649962,0.441218,0.421845,0.323686,0.225526,0.167459,0.154563,0.141667,0.109549,0.131941,0.131941,0.131941
27,25,0.116173,0.116173,0.116173,0.114385,0.112596,0.130932,0.162826,0.197331,0.215992,0.282235,0.348479,0.495171,0.495566,0.589070,0.723819,0.647828,0.667667,0.616238,0.482162,0.301216,0.195288,0.187426,0.179564,0.214339,0.249114,0.347661,0.446208,0.478689,0.618853,0.756781,0.687782,0.549117,0.569807,0.590497,0.671777,0.404659,0.458256,0.389833,0.321411,0.229090,0.168701,0.108311,0.114754,0.110398,0.110398,0.110398
27,26,0.143375,0.143375,0.143375,0.132159,0.120942,0.134559,0.171662,0.198348,0.245701,0.297090,0.348479,0.495171,0.642549,0.617875,0.746828,0.666287,0.646862,0.616238,0.464157,0.291477,0.171002,0.168312,0.165622,0.200056,0.234491,0.369023,0.503555,0.508689,0.667083,0.764579,0.693766,0.622952,0.560699,0.498447,0.671777,0.476852,0.462377,0.370097,0.277818,0.191626,0.154281,0.116935,0.114754,0.125091,0.115435,0.115435
27,27,0.143375,0.143375,0.143375,0.129871,0.116367,0.134050,0.171662,0.198348,0.228479,0.298406,0.368333,0.510044,0.642549,0.617875,0.738147,0.666287,0.643362,0.601344,0.442144,0.241219,0.171002,0.160554,0.150105,0.192298,0.234491,0.377614,0.520738,0.508689,0.667083,0.764579,0.719576,0.674574,0.579279,0.483984,0.671777,0.484755,0.462377,0.370097,0.277818,0.238081,0.198344,0.158607,0.122523,0.125091,0.115435,0.114496
27,28,0.116633,0.116633,0.116633,0.108397,0.100160,0.114584,0.143917,0.174219,0.203045,0.265008,0.326972,0.510044,0.528426,0.617875,0.738147,0.654490,0.643362,0.568977,0.442144,0.283086,0.161253,0.161787,0.162320,0.198369,0.234419,0.370148,0.505878,0.598945,0.692013,0.778937,0.720733,0.662528,0.558114,0.453701,0.674902,0.493383,0.462450,0.402843,0.343236,0.281693,0.220150,0.158607,0.122653,0.126780,0.109763,0.110934
27,29,0.113043,0.113043,0.113043,0.106602,0.100160,0.114584,0.182226,0.174219,0.203045,0.248867,0.294690,0.482121,0.592264,0.566672,0.678644,0.629010,0.635999,0.553795,0.442144,0.283086,0.181401,0.171860,0.162320,0.198369,0.234419,0.384808,0.535196,0.467815,0.692013,0.778937,0.724358,0.669778,0.671486,0.673194,0.674902,0.449678,0.440970,0.392103,0.343236,0.272043,0.200849,0.129656,0.124451,0.127999,0.113015,0.112177
27,45,0.135676,0.135676,0.135676,0.128464,0.121251,0.135760,0.129799,0.164437,0.177601,0.232605,0.287609,0.360062,0.328229,0.468589,0.490567,0.397091,0.409807,0.366703,0.510511,0.209998,0.174991,0.193585,0.212180,0.230775,0.249369,0.370752,0.492134,0.505701,0.519267,0.597531,0.684135,0.420529,0.462568,0.504606,0.560965,0.372702,0.360466,0.298057,0.235647,0.163068,0.162789,0.162510,0.123530,0.129341,0.135428,0.123146
27,46,0.170002,0.170002,0.170002,0.145627,0.121251,0.135760,0.186240,0.193569,0.200898,0.250208,0.299517,0.358943,0.312605,0.465330,0.502185,0.322920,0.409807,0.403641,0.534886,0.237467,0.202705,0.082582,0.138178,0.193774,0.249369,0.335728,0.422088,0.470677,0.519267,0.597531,0.595164,0.420529,0.467341,0.514153,0.560965,0.272925,0.360466,0.298057,0.235647,0.192728,0.166158,0.139587,0.208206,0.146440,0.164611,0.178817
27,47,0.223489,0.223489,0.223489,0.225485,0.227481,0.226848,0.186240,0.226121,0.301041,0.341641,0.382241,0.407198,0.466587,0.465330,0.502185,0.611552,0.493092,0.479321,0.534886,0.246715,0.202705,0.212515,0.222325,0.232135,0.241945,0.376755,0.511565,0.543892,0.576219,0.662744,0.637743,0.617766,0.623466,0.629167,0.634867,0.406843,0.358983,0.322541,0.286100,0.234413,0.227822,0.221232,0.208206,0.224935,0.164611,0.178817
27,48,0.223489,0.223489,0.223489,0.218251,0.213012,0.219553,0.217743,0.237260,0.302532,0.342387,0.382241,0.450072,0.571170,0.539665,0.610294,0.611552,0.574658,0.512392,0.590931,0.239124,0.191962,0.199233,0.206503,0.213774,0.221044,0.356469,0.491893,0.577463,0.663033,0.674337,0.709513,0.720039,0.691648,0.663257,0.634867,0.406843,0.445240,0.391259,0.337278,0.234413,0.212073,0.189733,0.200571,0.211928,0.196782,0.189633
27,49,0.223489,0.223489,0.223489,0.218251,0.213012,0.219553,0.217743,0.237260,0.302532,0.342387,0.382241,0.450072,0.571170,0.539665,0.610294,0.611552,0.574658,0.512392,0.590931,0.239124,0.191962,0.199233,0.206503,0.213774,0.221044,0.356469,0.491893,0.577463,0.663033,0.674337,0.709513,0.720039,0.691648,0.663257,0.634867,0.406843,0.445240,0.391259,0.337278,0.234413,0.212073,0.189733,0.200571,0.211928,0.196782,0.189633
28,0,0.204843,0.204843,0.204843,0.195815,0.186787,0.203245,0.221223,0.239201,0.257179,0.401051,0.395097,0.481399,0.486458,0.497235,0.655630,0.598963,0.544577,0.501472,0.637905,0.235983,0.188976,0.204495,0.220014,0.232558,0.245102,0.378399,0.511697,0.631536,0.643238,0.719601,0.680873,0.642144,0.485765,0.329386,0.379747,0.300121,0.315068,0.284461,0.253854,0.203674,0.202678,0.201682,0.236594,0.216552,0.229714,0.231149
28,1,0.176601,0.176601,0.176601,0.183950,0.191300,0.186972,0.204005,0.221038,0.238072,0.401051,0.395097,0.460971,0.539650,0.494042,0.655630,0.671225,0.584308,0.554321,0.615753,0.248141,0.175710,0.174320,0.172931,0.209016,0.245102,0.392957,0.540813,0.606419,0.643178,0.724681,0.678176,0.631671,0.520577,0.409483,0.495441,0.401354,0.375576,0.303731,0.231887,0.203674,0.192065,0.180455,0.195482,0.203053,0.194212,0.183244
28,2,0.156465,0.156465,0.156465,0.152777,0.149090,0.143256,0.174861,0.206467,0.238072,0.326545,0.353707,0.460971,0.488103,0.494042,0.698722,0.698309,0.697740,0.554321,0.666838,0.259400,0.169906,0.157945,0.145984,0.177805,0.209627,0.375220,0.540813,0.629738,0.687033,0.724681,0.681322,0.637963,0.523723,0.409483,0.578376,0.415752,0.375576,0.293306,0.211037,0.171034,0.163302,0.155569,0.169483,0.157801,0.133146,0.183244
28,3,0.127812,0.127812,0.127812,0.124781,0.121751,0.143256,0.159077,0.174897,0.190718,0.233208,0.275698,0.460971,0.502412,0.500420,0.698722,0.698309,0.654781,0.562439,0.666838,0.247361,0.167670,0.156827,0.145984,0.177805,0.209627,0.360039,0.510451,0.629738,0.687033,0.726243,0.732836,0.635166,0.539000,0.442835,0.578376,0.438936,0.399319,0.356523,0.313726,0.186242,0.167602,0.148962,0.169483,0.151314,0.133146,0.132097
28,7,0.125610,0.125610,0.125610,0.162124,0.198637,0.135639,0.154294,0.221861,0.239348,0.269127,0.298907,0.432646,0.600335,0.495938,0.662272,0.651433,0.619029,0.591710,0.636186,0.237978,0.181234,0.171738,0.162243,0.193222,0.224202,0.366395,0.508588,0.582103,0.651822,0.719013,0.713435,0.700255,0.666319,0.632383,0.598447,0.441618,0.434239,0.314756,0.300021,0.273080,0.246138,0.219197,0.192256,0.156131,0.143531,0.130931
28,9,0.118748,0.118748,0.118748,0.116701,0.114653,0.136299,0.151675,0.166568,0.198007,0.246794,0.295582,0.425831,0.607196,0.498108,0.670697,0.694070,0.622892,0.591536,0.662310,0.229842,0.177309,0.165804,0.154300,0.188390,0.222480,0.373569,0.524657,0.643604,0.678615,0.763156,0.737465,0.716902,0.678511,0.640119,0.601727,0.430042,0.428274,0.307624,0.323211,0.264852,0.206494,0.148135,0.125073,0.120881,0.116690,0.112498
28,10,0.121085,0.121085,0.121085,0.117250,0.113416,0.139361,0.155993,0.175471,0.194948,0.247912,0.300876,0.425831,0.607196,0.498108,0.670697,0.694070,0.644638,0.584569,0.662310,0.256597,0.179205,0.168367,0.157529,0.190004,0.222480,0.340638,0.458795,0.611832,0.678615,0.763156,0.731233,0.720767,0.681087,0.641407,0.601727,0.448261,0.428274,0.337285,0.329167,0.266132,0.203096,0.140061,0.119956,0.137023,0.121919,0.106816
28,11,0.120126,0.120126,0.120126,0.116745,0.113363,0.115706,0.157902,0.176425,0.194948,0.253194,0.311439,0.480586,0.607196,0.493523,0.688285,0.668544,0.625083,0.537851,0.594204,0.276447,0.167122,0.162325,0.157529,0.195229,0.232929,0.345862,0.458795,0.611832,0.660225,0.763156,0.731233,0.740224,0.697421,0.654618,0.611815,0.473270,0.456808,0.335071,0.307335,0.252280,0.197225,0.142170,0.147543,0.140230,0.139940,0.139650
28,16,0.098290,0.098290,0.098290,0.094167,0.090044,0.115773,0.128266,0.168080,0.173938,0.269084,0.364230,0.440898,0.607704,0.496551,0.713696,0.625691,0.655219,0.570817,0.579755,0.237176,0.127818,0.128820,0.129822,0.183421,0.237019,0.405576,0.574132,0.648075,0.728250,0.756012,0.769696,0.741765,0.702921,0.664078,0.625235,0.359032,0.261823,0.226046,0.197203,0.173483,0.149764,0.126044,0.167490,0.195853,0.187489,0.179126
28,17,0.121342,0.121342,0.121342,0.100520,0.079699,0.105210,0.128266,0.165095,0.174862,0.228728,0.282595,0.440898,0.607704,0.467149,0.634615,0.625691,0.584558,0.499606,0.522132,0.257360,0.164021,0.093168,0.150524,0.188355,0.226186,0.411120,0.596054,0.648387,0.705835,0.756012,0.769696,0.741765,0.687524,0.633282,0.579041,0.272868,0.261823,0.222669,0.183515,0.164361,0.145208,0.126054,0.145547,0.164134,0.160156,0.156350
28,18,0.121342,0.121342,0.121342,0.122220,0.123099,0.135529,0.163812,0.165095,0.229137,0.255866,0.282595,0.443115,0.447948,0.467149,0.634615,0.609565,0.478606,0.540121,0.522132,0.256701,0.171747,0.122013,0.150524,0.191693,0.232863,0.375193,0.517522,0.648387,0.674369,0.736576,0.757941,0.666133,0.608309,0.550485,0.492661,0.366907,0.253962,0.218739,0.183515,0.164361,0.145208,0.126054,0.142577,0.152311,0.137326,0.149854
28,19,0.136571,0.136571,0.136571,0.124358,0.112145,0.125706,0.181612,0.190605,0.204995,0.267319,0.329643,0.443115,0.465845,0.488120,0.661543,0.643522,0.512372,0.561616,0.533148,0.256701,0.171747,0.165769,0.159790,0.196327,0.232863,0.356046,0.479230,0.580375,0.629768,0.736576,0.757941,0.666133,0.608309,0.550485,0.492661,0.402397,0.340120,0.331935,0.323750,0.250024,0.176297,0.102571,0.101801,0.130634,0.106956,0.112904
28,20,0.106057,0.106057,0.106057,0.101078,0.096098,0.125706,0.151202,0.190605,0.204995,0.255951,0.306906,0.406384,0.624579,0.488120,0.661543,0.631837,0.508375,0.521227,0.533148,0.237663,0.171334,0.173837,0.176340,0.210873,0.245405,0.343328,0.441252,0.580375,0.629768,0.696283,0.758323,0.706210,0.662060,0.617910,0.573759,0.443537,0.376712,0.350231,0.323750,0.253475,0.183199,0.112924,0.112506,0.120221,0.106956,0.103801
28,21,0.109831,0.109831,0.109831,0.105366,0.100900,0.116943,0.145234,0.169815,0.200871,0.258550,0.316229,0.406384,0.474524,0.468944,0.666137,0.608645,0.532433,0.485723,0.540991,0.222404,0.151625,0.163983,0.176340,0.210873,0.245405,0.363083,0.480762,0.543785,0.611731,0.696283,0.677869,0.659454,0.656290,0.653126,0.649962,0.450100,0.369858,0.332206,0.294554,0.159807,0.149257,0.138706,0.116387,0.136998,0.129079,0.129079
28,22,0.109210,0.109210,0.109210,0.112701,0.116192,0.117031,0.152249,0.169815,0.197836,0.260112,0.322388,0.437478,0.469113,0.468944,0.613620,0.608645,0.551758,0.504755,0.383525,0.273696,0.144877,0.153139,0.161401,0.199446,0.237490,0.360609,0.483728,0.543785,0.634923,0.740506,0.714286,0.553378,0.585573,0.617767,0.649962,0.450100,0.443834,0.334680,0.225526,0.190210,0.151994,0.113779,0.131532,0.136998,0.136998,0.136998
28,23,0.129307,0.129307,0.129307,0.122750,0.116192,0.130932,0.161110,0.181678,0.200559,0.237789,0.275020,0.437478,0.610315,0.589070,0.613620,0.578949,0.549689,0.423335,0.426289,0.245122,0.178015,0.176667,0.175319,0.206404,0.237490,0.360609,0.483728,0.446842,0.583100,0.740506,0.646945,0.571813,0.605134,0.638455,0.671777,0.426585,0.407976,0.316751,0.225526,0.190210,0.168015,0.145819,0.129125,0.135135,0.135135,0.135135
28,24,0.129307,0.129307,0.129307,0.122750,0.116192,0.130932,0.161110,0.181678,0.200559,0.237789,0.275020,0.437478,0.610315,0.589070,0.613620,0.578949,0.549689,0.423335,0.426289,0.245122,0.178015,0.176667,0.175319,0.206404,0.237490,0.360609,0.483728,0.446842,0.583100,0.740506,0.646945,0.571813,0.605134,0.638455,0.671777,0.426585,0.407976,0.316751,0.225526,0.190210,0.168015,0.145819,0.129125,0.135135,0.135135,0.135135
28,25,0.119155,0.119155,0.119155,0.119394,0.119633,0.139907,0.159025,0.181678,0.203039,0.239029,0.275020,0.446993,0.418505,0.589070,0.650712,0.596483,0.614481,0.423335,0.426289,0.270736,0.185788,0.180554,0.175319,0.212216,0.249114,0.337972,0.426829,0.446842,0.610622,0.703650,0.687782,0.681363,0.633883,0.586402,0.671777,0.412691,0.420801,0.347577,0.274353,0.208194,0.163846,0.119498,0.129125,0.126867,0.126867,0.126867
28,26,0.139415,0.139415,0.139415,0.131652,0.123888,0.139907,0.159025,0.195296,0.245645,0.290706,0.335767,0.446993,0.512719,0.589070,0.650712,0.630827,0.622544,0.524654,0.426289,0.294209,0.170005,0.167166,0.164327,0.202841,0.241354,0.361927,0.482500,0.471550,0.610622,0.703650,0.804358,0.681363,0.572576,0.463789,0.671777,0.457603,0.455514,0.352149,0.248784,0.185887,0.149726,0.113565,0.114033,0.129688,0.123134,0.123134
28,27,0.139415,0.139415,0.139415,0.128742,0.118069,0.137910,0.143917,0.195296,0.223701,0.291106,0.358511,0.510044,0.494357,0.597481,0.709280,0.630827,0.622544,0.530243,0.442144,0.232174,0.170005,0.160055,0.150105,0.195730,0.241354,0.377878,0.514403,0.471550,0.639046,0.750639,0.837950,0.797188,0.756426,0.715664,0.674902,0.465900,0.446730,0.347757,0.248784,0.218975,0.189166,0.159356,0.120574,0.129688,0.123134,0.124496
28,28,0.123811,0.123811,0.123811,0.116326,0.108841,0.120366,0.143917,0.174219,0.204501,0.263842,0.323182,0.510044,0.494357,0.597481,0.741504,0.601665,0.601602,0.460208,0.442144,0.232174,0.171868,0.165259,0.158649,0.202237,0.245826,0.382320,0.518814,0.467815,0.682822,0.750639,0.837950,0.734814,0.714843,0.694872,0.674902,0.484216,0.446730,0.394983,0.343236,0.281943,0.220649,0.159356,0.135523,0.146993,0.125979,0.114301
28,43,0.108158,0.108158,0.108158,0.110494,0.112830,0.097543,0.120416,0.188880,0.161565,0.223121,0.284678,0.338496,0.381579,0.480311,0.548380,0.544943,0.457018,0.354821,0.487835,0.245465,0.140444,0.070661,0.123853,0.177044,0.230236,0.407844,0.585452,0.595946,0.606441,0.747737,0.683324,0.631381,0.566885,0.502390,0.654631,0.498392,0.398472,0.353027,0.307582,0.262137,0.216691,0.171246,0.136808,0.100714,0.107474,0.126845
28,45,0.123574,0.123574,0.123574,0.132154,0.140734,0.146740,0.156647,0.162736,0.218023,0.227055,0.236088,0.387053,0.302112,0.462859,0.463357,0.503534,0.451478,0.319858,0.443667,0.200448,0.184262,0.087984,0.140048,0.192113,0.244177,0.330276,0.416375,0.478896,0.541417,0.597531,0.621323,0.425896,0.416524,0.407151,0.560965,0.272193,0.254253,0.223858,0.193463,0.163068,0.140671,0.118275,0.090936,0.134694,0.116305,0.099031
28,46,0.183565,0.183565,0.183565,0.162150,0.140734,0.146740,0.232094,0.225213,0.218794,0.273029,0.327263,0.387053,0.508873,0.462859,0.532851,0.503534,0.451478,0.425352,0.483385,0.242148,0.179999,0.087984,0.140048,0.192113,0.244177,0.322027,0.399877,0.470647,0.541417,0.597531,0.595107,0.425896,0.470919,0.515942,0.560965,0.253124,0.254253,0.221958,0.189664,0.172856,0.134360,0.095863,0.090936,0.096681,0.104226,0.073960
28,47,0.219581,0.219581,0.219581,0.217195,0.214810,0.221928,0.241437,0.225213,0.287704,0.334320,0.380937,0.450072,0.498955,0.522100,0.532851,0.611130,0.591051,0.479321,0.555574,0.228716,0.179999,0.193467,0.206934,0.220401,0.233869,0.345644,0.457420,0.387948,0.586548,0.665138,0.630854,0.489021,0.537636,0.586252,0.634867,0.366638,0.224110,0.213332,0.202553,0.172856,0.156046,0.139236,0.154213,0.169191,0.104226,0.073960
29,1,0.172197,0.172197,0.172197,0.181748,0.191300,0.186972,0.201393,0.215814,0.267619,0.340744,0.356505,0.479925,0.604644,0.494042,0.681639,0.651386,0.584308,0.527242,0.615753,0.245444,0.192308,0.196960,0.201612,0.222500,0.243388,0.331828,0.420268,0.606419,0.643178,0.704588,0.646477,0.588367,0.498846,0.409325,0.486875,0.325809,0.323150,0.277519,0.231887,0.201377,0.187163,0.172950,0.182352,0.188783,0.195213,0.187274
29,2,0.128218,0.128218,0.128218,0.128218,0.128218,0.157277,0.186545,0.215814,0.201120,0.340744,0.351054,0.447743,0.597575,0.494042,0.688355,0.671961,0.624667,0.527242,0.635023,0.240062,0.174770,0.166993,0.159215,0.142899,0.210907,0.343549,0.476190,0.571434,0.640518,0.704588,0.660543,0.616499,0.512912,0.409325,0.539663,0.432144,0.323150,0.276594,0.230039,0.174138,0.169665,0.165192,0.161037,0.182488,0.195213,0.187274
29,6,0.171993,0.171993,0.171993,0.223706,0.275419,0.181242,0.200459,0.221861,0.239348,0.304335,0.369322,0.472129,0.631393,0.496625,0.751021,0.664939,0.663739,0.537202,0.684227,0.234696,0.178337,0.166638,0.154939,0.191413,0.227887,0.346737,0.465587,0.579036,0.697919,0.719013,0.805955,0.736759,0.668438,0.600116,0.531795,0.449608,0.436581,0.314756,0.319939,0.288018,0.256097,0.224177,0.192256,0.191363,0.174441,0.157519
29,7,0.171993,0.171993,0.171993,0.172015,0.172038,0.181242,0.200459,0.198701,0.218624,0.293973,0.369322,0.472129,0.631393,0.496625,0.751021,0.664939,0.695539,0.548334,0.684227,0.245031,0.169922,0.162431,0.154939,0.191977,0.229015,0.348430,0.467846,0.579036,0.645451,0.719013,0.743270,0.763845,0.712558,0.661270,0.609983,0.445929,0.436581,0.307624,0.323211,0.282893,0.242576,0.202258,0.161941,0.130680,0.118144,0.105608
29,8,0.171993,0.171993,0.171993,0.172015,0.172038,0.181242,0.200459,0.198701,0.218624,0.293973,0.369322,0.472129,0.631393,0.496625,0.751021,0.664939,0.695539,0.548334,0.684227,0.245031,0.169922,0.162431,0.154939,0.191977,0.229015,0.348430,0.467846,0.579036,0.645451,0.719013,0.743270,0.763845,0.712558,0.661270,0.609983,0.445929,0.436581,0.307624,0.323211,0.282893,0.242576,0.202258,0.161941,0.130680,0.118144,0.105608
29,11,0.158302,0.158302,0.158302,0.160306,0.162311,0.174983,0.203353,0.209357,0.215361,0.278207,0.341053,0.480586,0.565434,0.514251,0.688285,0.670174,0.652181,0.560916,0.594204,0.231705,0.134435,0.158278,0.182121,0.217004,0.251886,0.342936,0.433986,0.580128,0.670962,0.735394,0.656190,0.720767,0.684450,0.648132,0.611815,0.439440,0.427342,0.283387,0.271262,0.245543,0.219824,0.194105,0.206645,0.140230,0.167133,0.194037
29,14,0.120627,0.120627,0.120627,0.114092,0.107557,0.126833,0.161264,0.186509,0.226322,0.287323,0.348324,0.516160,0.545458,0.514222,0.716658,0.648729,0.587244,0.538178,0.592999,0.225103,0.179893,0.162261,0.144629,0.186960,0.229291,0.361492,0.493693,0.578053,0.677564,0.739399,0.754381,0.757606,0.717694,0.677781,0.637869,0.457543,0.403552,0.331277,0.259001,0.220144,0.188079,0.156015,0.150371,0.128951,0.128951,0.128951
29,15,0.125810,0.125810,0.125810,0.116683,0.107557,0.126833,0.161797,0.186509,0.195768,0.242687,0.289607,0.468942,0.523189,0.514222,0.716658,0.648729,0.666388,0.559898,0.592999,0.244756,0.146956,0.135493,0.124029,0.176660,0.229291,0.382187,0.535084,0.578053,0.677564,0.774194,0.762444,0.764875,0.722540,0.680205,0.637869,0.483329,0.397298,0.351473,0.259001,0.205891,0.173436,0.140981,0.150371,0.128951,0.115016,0.101080
29,16,0.125810,0.125810,0.125810,0.129411,0.133011,0.170470,0.161797,0.199435,0.206676,0.256308,0.305940,0.468942,0.445120,0.467149,0.701400,0.641649,0.660751,0.533246,0.588989,0.261903,0.166486,0.159760,0.153034,0.189610,0.226186,0.393749,0.561312,0.590530,0.673892,0.774194,0.762444,0.746173,0.715994,0.685815,0.655635,0.472155,0.253962,0.171703,0.250891,0.202506,0.175754,0.149002,0.163032,0.163002,0.160156,0.137703
29,17,0.125810,0.125810,0.125810,0.129411,0.133011,0.170470,0.161797,0.199435,0.206676,0.256308,0.305940,0.468942,0.445120,0.467149,0.701400,0.641649,0.660751,0.533246,0.588989,0.261903,0.166486,0.159760,0.153034,0.189610,0.226186,0.393749,0.561312,0.590530,0.673892,0.774194,0.762444,0.746173,0.715994,0.685815,0.655635,0.472155,0.253962,0.171703,0.250891,0.202506,0.175754,0.149002,0.163032,0.163002,0.160156,0.137703
29,18,0.149848,0.149848,0.149848,0.144409,0.138970,0.146546,0.187276,0.199435,0.237038,0.271489,0.305940,0.443115,0.467187,0.467149,0.701400,0.641945,0.599959,0.542055,0.588989,0.262312,0.171703,0.162368,0.153034,0.191326,0.229618,0.375256,0.520894,0.590530,0.673892,0.762147,0.765851,0.746173,0.698076,0.649980,0.601884,0.409866,0.391857,0.321374,0.250891,0.202506,0.175754,0.149002,0.158047,0.171647,0.139177,0.158747
29,19,0.139197,0.139197,0.139197,0.132175,0.125154,0.130281,0.185323,0.206785,0.237038,0.290732,0.344425,0.476242,0.485462,0.488120,0.720366,0.643522,0.641432,0.568441,0.652526,0.262312,0.171703,0.168713,0.165722,0.197670,0.229618,0.360189,0.490759,0.570299,0.633123,0.762147,0.765851,0.732428,0.688913,0.645398,0.601884,0.460049,0.391857,0.350499,0.309142,0.207505,0.161286,0.115067,0.118778,0.106632,0.102305,0.110481
29,20,0.126726,0.126726,0.126726,0.114076,0.101427,0.130281,0.166438,0.190605,0.218462,0.273535,0.328608,0.476242,0.624579,0.488120,0.720366,0.629505,0.629162,0.521227,0.652526,0.255931,0.181959,0.181442,0.180925,0.214460,0.247994,0.383689,0.519384,0.580375,0.664617,0.736576,0.758323,0.732428,0.696881,0.661335,0.625788,0.472082,0.415432,0.354993,0.294554,0.239196,0.183839,0.128481,0.127974,0.137039,0.102305,0.110546
29,21,0.109831,0.109831,0.109831,0.105758,0.101685,0.121150,0.154544,0.178858,0.209187,0.269155,0.329122,0.476242,0.492095,0.490114,0.666137,0.629505,0.633470,0.553275,0.642461,0.240408,0.165309,0.173117,0.180925,0.214460,0.247994,0.366622,0.485250,0.612559,0.664617,0.765897,0.760700,0.755503,0.722549,0.689596,0.690601,0.472082,0.382132,0.338343,0.294554,0.164887,0.154574,0.144261,0.147726,0.137039,0.145981,0.158057
29,22,0.112068,0.112068,0.112068,0.106876,0.101685,0.117116,0.147546,0.178858,0.207609,0.260438,0.313267,0.484199,0.610315,0.490114,0.728594,0.646661,0.678771,0.610141,0.642461,0.273696,0.171863,0.162634,0.153404,0.195447,0.237490,0.381156,0.524822,0.612559,0.693488,0.765897,0.766531,0.755503,0.722549,0.689596,0.690601,0.470482,0.480252,0.407825,0.335399,0.226783,0.180301,0.133819,0.117784,0.151228,0.118460,0.118460
29,23,0.116760,0.116760,0.116760,0.108166,0.099572,0.125810,0.154312,0.184221,0.207687,0.269990,0.332293,0.484199,0.610315,0.490114,0.631651,0.663291,0.500354,0.592347,0.426289,0.289496,0.172211,0.173765,0.175319,0.209036,0.242753,0.383787,0.524822,0.573628,0.687734,0.767231,0.636190,0.713957,0.729122,0.744286,0.690601,0.469941,0.480252,0.407825,0.335399,0.226783,0.179217,0.131651,0.118784,0.123849,0.118460,0.118460
29,24,0.121421,0.121421,0.121421,0.108443,0.095464,0.138153,0.160835,0.184221,0.204753,0.268523,0.332293,0.446993,0.610315,0.627627,0.677711,0.654494,0.552461,0.592347,0.426289,0.249773,0.151398,0.157863,0.164327,0.203540,0.242753,0.387952,0.533151,0.573628,0.673334,0.767231,0.697041,0.732738,0.711826,0.690913,0.694066,0.412691,0.458760,0.370661,0.282562,0.230121,0.177681,0.125240,0.118784,0.135648,0.120834,0.120834
29,25,0.121421,0.121421,0.121421,0.125506,0.129592,0.138153,0.160835,0.184125,0.223292,0.283159,0.343025,0.446993,0.601677,0.627627,0.677711,0.654494,0.562519,0.577143,0.426289,0.258569,0.151398,0.157863,0.164327,0.203449,0.242572,0.396330,0.550089,0.538849,0.647877,0.743772,0.689007,0.727541,0.595665,0.463789,0.694066,0.448516,0.433713,0.326911,0.220110,0.191221,0.162332,0.133444,0.126788,0.135648,0.120834,0.120834
29,26,0.132647,0.132647,0.132647,0.125426,0.118205,0.118564,0.147489,0.195296,0.182157,0.240440,0.298722,0.444157,0.601677,0.630248,0.646736,0.654034,0.562519,0.562886,0.418494,0.262542,0.145707,0.153948,0.162189,0.202380,0.242572,0.402045,0.561517,0.471550,0.647877,0.743772,0.593637,0.727541,0.716383,0.705224,0.694066,0.451583,0.442326,0.331218,0.220110,0.191221,0.162332,0.133444,0.136982,0.151081,0.144101,0.148298
29,27,0.132647,0.132647,0.132647,0.125426,0.118205,0.118564,0.147489,0.195296,0.182157,0.240440,0.298722,0.444157,0.601677,0.630248,0.646736,0.654034,0.562519,0.562886,0.418494,0.262542,0.145707,0.153948,0.162189,0.202380,0.242572,0.402045,0.561517,0.471550,0.647877,0.743772,0.593637,0.727541,0.716383,0.705224,0.694066,0.451583,0.442326,0.331218,0.220110,0.191221,0.162332,0.133444,0.136982,0.151081,0.144101,0.148298
29,28,0.109576,0.109576,0.109576,0.113396,0.117216,0.133593,0.147489,0.174993,0.182157,0.234159,0.286162,0.444157,0.479511,0.597481,0.646736,0.582085,0.510006,0.460208,0.418494,0.262542,0.174798,0.170738,0.166678,0.206987,0.247296,0.373927,0.500558,0.455758,0.651311,0.750639,0.593637,0.734814,0.715968,0.697123,0.678278,0.429849,0.446373,0.372238,0.298103,0.249538,0.200973,0.152408,0.160905,0.146993,0.125979,0.149585
29,43,0.131661,0.131661,0.131661,0.138528,0.145395,0.138607,0.218357,0.221397,0.224436,0.243402,0.262367,0.365756,0.344917,0.484865,0.559960,0.564936,0.436888,0.341449,0.392464,0.215800,0.152508,0.171940,0.191372,0.210804,0.230236,0.350625,0.471014,0.517279,0.555360,0.675932,0.641003,0.544197,0.473538,0.402879,0.574353,0.305839,0.388969,0.320156,0.251343,0.182530,0.146403,0.110276,0.120857,0.128550,0.112214,0.095922
29,46,0.250436,0.235771,0.221107,0.222745,0.224384,0.225946,0.232094,0.255180,0.278265,0.330255,0.382246,0.387053,0.508873,0.556108,0.591450,0.624915,0.554394,0.458726,0.372028,0.241517,0.187586,0.178441,0.169295,0.203887,0.238479,0.384130,0.529782,0.581558,0.633335,0.646950,0.637151,0.687144,0.649547,0.611950,0.574353,0.345546,0.367917,0.311459,0.255001,0.198542,0.197886,0.197230,0.191571,0.170863,0.216624,0.172893
29,47,0.274345,0.273758,0.273172,0.262673,0.252174,0.264016,0.274805,0.225213,0.343060,0.362653,0.382246,0.457463,0.503426,0.574832,0.651214,0.611130,0.560211,0.453275,0.372028,0.248286,0.182127,0.175711,0.169295,0.197784,0.226273,0.375987,0.525701,0.579517,0.633335,0.660427,0.681180,0.739570,0.699597,0.659624,0.619651,0.289178,0.354796,0.278674,0.202553,0.198542,0.202906,0.207269,0.209757,0.212246,0.216624,0.191771
30,1,0.185967,0.185967,0.185967,0.185967,0.185967,0.259420,0.230546,0.307546,0.283560,0.340744,0.438630,0.447743,0.503584,0.506753,0.683747,0.668014,0.637802,0.538674,0.586015,0.236817,0.174450,0.166832,0.159215,0.142899,0.210907,0.339052,0.467197,0.599874,0.636395,0.644203,0.638381,0.632560,0.509478,0.386395,0.539663,0.384179,0.250777,0.225231,0.199684,0.174138,0.186010,0.197881,0.217113,0.247515,0.277917,0.165857
30,2,0.185967,0.185967,0.185967,0.185967,0.185967,0.259420,0.230546,0.307546,0.283560,0.340744,0.438630,0.447743,0.503584,0.506753,0.683747,0.668014,0.637802,0.538674,0.586015,0.236817,0.174450,0.166832,0.159215,0.142899,0.210907,0.339052,0.467197,0.599874,0.636395,0.644203,0.638381,0.632560,0.509478,0.386395,0.539663,0.384179,0.250777,0.225231,0.199684,0.174138,0.186010,0.197881,0.217113,0.247515,0.277917,0.165857
30,3,0.191211,0.191211,0.191211,0.191211,0.191211,0.215183,0.241896,0.258411,0.253377,0.274091,0.294805,0.474703,0.453324,0.495267,0.683747,0.668014,0.606607,0.628252,0.586015,0.219541,0.167979,0.164610,0.161241,0.184434,0.207626,0.339796,0.471965,0.577779,0.636395,0.716667,0.674614,0.632560,0.523410,0.414260,0.534621,0.394281,0.301314,0.270217,0.239120,0.203484,0.200734,0.197983,0.217113,0.215211,0.213308,0.144744
30,4,0.202133,0.202133,0.202133,0.202133,0.202133,0.185491,0.221951,0.258411,0.285885,0.315388,0.344892,0.474703,0.514771,0.495267,0.746963,0.701342,0.638988,0.628252,0.579929,0.224021,0.167979,0.164610,0.161241,0.144217,0.207626,0.369419,0.531211,0.629864,0.623682,0.716667,0.806229,0.643799,0.607406,0.571014,0.534621,0.370307,0.330203,0.288755,0.247307,0.228552,0.213267,0.197983,0.223191,0.204211,0.185231,0.144744
30,5,0.202133,0.202133,0.202133,0.202133,0.202133,0.279469,0.311395,0.272712,0.267102,0.350709,0.434315,0.521434,0.514771,0.495267,0.645026,0.701342,0.638988,0.549750,0.579929,0.224021,0.175963,0.170420,0.164878,0.192195,0.219512,0.404858,0.590203,0.629864,0.697919,0.716667,0.806229,0.656180,0.626188,0.596197,0.566205,0.290640,0.330203,0.301321,0.272440,0.261044,0.240091,0.219137,0.161323,0.188187,0.215050,0.207941
30,6,0.151243,0.151243,0.151243,0.148867,0.146491,0.163274,0.175835,0.272712,0.244038,0.308362,0.372686,0.521434,0.571920,0.506525,0.751021,0.709212,0.684295,0.611031,0.621059,0.246430,0.184143,0.174510,0.164878,0.148780,0.219512,0.365681,0.511850,0.634797,0.697919,0.731037,0.733898,0.736759,0.679908,0.623056,0.566205,0.435042,0.412423,0.330112,0.306549,0.261044,0.240420,0.219797,0.225833,0.220441,0.215050,0.183049
30,7,0.151243,0.151243,0.151243,0.148867,0.146491,0.163274,0.175835,0.215172,0.217762,0.295224,0.372686,0.521434,0.498844,0.506525,0.751021,0.691147,0.663017,0.606568,0.621059,0.255163,0.181427,0.174690,0.167953,0.198308,0.228664,0.366863,0.505062,0.634797,0.694567,0.731037,0.752622,0.763845,0.713135,0.662424,0.611714,0.435042,0.412423,0.321962,0.331128,0.229633,0.204544,0.179455,0.130163,0.131474,0.132785,0.132785
30,8,0.178995,0.178995,0.178995,0.178706,0.178417,0.189241,0.219992,0.215172,0.259096,0.303043,0.346990,0.455178,0.530319,0.492028,0.744198,0.691147,0.700336,0.615200,0.666805,0.245525,0.180814,0.188214,0.195615,0.218099,0.240583,0.385195,0.529807,0.634797,0.694567,0.731037,0.717640,0.755619,0.704068,0.652517,0.600966,0.420762,0.449567,0.321962,0.323858,0.241448,0.220479,0.199510,0.178542,0.145018,0.132785,0.114455
30,10,0.176784,0.176784,0.176784,0.183383,0.189981,0.219851,0.224742,0.230956,0.240853,0.299391,0.357929,0.501912,0.612198,0.514251,0.731106,0.678123,0.658113,0.621025,0.540870,0.226060,0.149624,0.161876,0.174127,0.215766,0.257404,0.364238,0.471071,0.612531,0.687722,0.735394,0.693738,0.758710,0.706140,0.653570,0.600999,0.439101,0.454242,0.284502,0.329803,0.287104,0.244405,0.201706,0.198509,0.167657,0.186138,0.214786
30,11,0.176784,0.176784,0.176784,0.183383,0.189981,0.219851,0.224742,0.230956,0.240853,0.299391,0.357929,0.501912,0.612198,0.514251,0.731106,0.678123,0.658113,0.621025,0.540870,0.226060,0.149624,0.161876,0.174127,0.215766,0.257404,0.364238,0.471071,0.612531,0.687722,0.735394,0.693738,0.758710,0.706140,0.653570,0.600999,0.439101,0.454242,0.284502,0.329803,0.287104,0.244405,0.201706,0.198509,0.167657,0.186138,0.214786
30,12,0.258151,0.262167,0.266184,0.231408,0.196631,0.219851,0.252456,0.294970,0.337484,0.400084,0.462683,0.550187,0.574440,0.514251,0.731106,0.678123,0.625428,0.532850,0.542942,0.179907,0.149624,0.166348,0.183072,0.220238,0.257404,0.403801,0.550198,0.625591,0.670460,0.732434,0.741912,0.751389,0.696000,0.640610,0.585221,0.400660,0.351662,0.300745,0.249828,0.246638,0.243448,0.240258,0.198509,0.253531,0.186138,0.214786
30,13,0.258151,0.211496,0.164841,0.155520,0.146200,0.225639,0.205488,0.274624,0.343761,0.375756,0.407751,0.550187,0.694686,0.514222,0.691795,0.679865,0.629851,0.548742,0.542942,0.245771,0.167818,0.163603,0.159388,0.218494,0.277599,0.396470,0.515342,0.625591,0.664834,0.732434,0.754583,0.776731,0.712894,0.649058,0.585221,0.430796,0.351662,0.326245,0.300827,0.271592,0.242357,0.213121,0.135268,0.171026,0.262751,0.213880
30,14,0.201008,0.169451,0.137895,0.133937,0.129980,0.187811,0.180196,0.221451,0.226322,0.287323,0.348324,0.550187,0.694686,0.514222,0.691795,0.666790,0.629851,0.548742,0.582787,0.264845,0.189529,0.174459,0.159388,0.194340,0.229291,0.357668,0.486045,0.596016,0.664834,0.732434,0.754583,0.776731,0.716183,0.655635,0.595088,0.456384,0.372869,0.358048,0.343227,0.238586,0.200325,0.162063,0.133853,0.149033,0.149472,0.149911
30,15,0.158400,0.158400,0.158400,0.144190,0.129980,0.170470,0.190043,0.221451,0.204980,0.265906,0.326832,0.468942,0.669171,0.514222,0.673384,0.658392,0.640114,0.585575,0.582787,0.218535,0.168648,0.157569,0.146490,0.187890,0.229291,0.349736,0.470181,0.596016,0.672729,0.744555,0.760643,0.776731,0.736366,0.696001,0.655635,0.451313,0.397298,0.351473,0.343227,0.234658,0.202985,0.171312,0.133853,0.149033,0.136914,0.139440
30,16,0.158400,0.158400,0.158400,0.163628,0.168856,0.170470,0.190043,0.221912,0.248059,0.309499,0.370939,0.494119,0.669171,0.499582,0.729105,0.649688,0.660751,0.565033,0.597191,0.246713,0.166057,0.165943,0.165829,0.197283,0.228738,0.345584,0.462431,0.581716,0.666910,0.744555,0.760854,0.777154,0.736647,0.696141,0.655635,0.472155,0.394872,0.339908,0.342028,0.234658,0.212650,0.190642,0.175793,0.167278,0.136914,0.154124
30,17,0.166382,0.166382,0.166382,0.153558,0.140734,0.161308,0.197882,0.221912,0.230335,0.300637,0.370939,0.494119,0.669171,0.499582,0.729105,0.641945,0.654264,0.583662,0.597191,0.246713,0.165107,0.165468,0.165829,0.199334,0.232838,0.395709,0.558579,0.581716,0.666910,0.762147,0.765851,0.769067,0.727879,0.686692,0.645504,0.475639,0.423263,0.382645,0.342028,0.241789,0.216215,0.190642,0.166866,0.171647,0.152446,0.154124
30,18,0.137408,0.137408,0.137408,0.131281,0.125154,0.148916,0.181368,0.206785,0.230335,0.305062,0.379789,0.494119,0.674302,0.506725,0.720366,0.647423,0.661696,0.599672,0.667898,0.259682,0.165107,0.169063,0.173019,0.202929,0.232838,0.361798,0.490759,0.570299,0.645659,0.762147,0.796723,0.767171,0.726615,0.686060,0.645504,0.489915,0.423263,0.366203,0.309142,0.262304,0.215465,0.168627,0.148401,0.142128,0.152446,0.148240
30,19,0.130559,0.130559,0.130559,0.120400,0.110241,0.148916,0.169830,0.206785,0.223720,0.279593,0.335466,0.490224,0.674302,0.506725,0.720366,0.654215,0.659899,0.554704,0.667898,0.291733,0.178800,0.180429,0.182057,0.211091,0.240125,0.384055,0.527985,0.570299,0.669839,0.762147,0.601092,0.759149,0.718948,0.678748,0.638547,0.490705,0.442079,0.366563,0.291048,0.250361,0.209675,0.168988,0.127974,0.161088,0.132511,0.125756
30,20,0.130559,0.130559,0.130559,0.120400,0.110241,0.148916,0.169830,0.206785,0.223720,0.279593,0.335466,0.490224,0.674302,0.506725,0.720366,0.654215,0.659899,0.554704,0.667898,0.291733,0.178800,0.180429,0.182057,0.211091,0.240125,0.384055,0.527985,0.570299,0.669839,0.762147,0.601092,0.759149,0.718948,0.678748,0.638547,0.490705,0.442079,0.366563,0.291048,0.250361,0.209675,0.168988,0.127974,0.161088,0.132511,0.125756
30,21,0.118631,0.118631,0.118631,0.113505,0.108380,0.117897,0.160222,0.183478,0.195741,0.262432,0.329122,0.490224,0.504060,0.491306,0.728594,0.654215,0.655564,0.565900,0.642461,0.277571,0.163780,0.172919,0.182057,0.211091,0.240125,0.370183,0.500241,0.623117,0.679581,0.776456,0.767802,0.759149,0.737235,0.715321,0.638547,0.490705,0.406052,0.348550,0.291048,0.199261,0.186316,0.173371,0.153362,0.161088,0.149913,0.153877
30,22,0.118975,0.118975,0.118975,0.113677,0.108380,0.117116,0.153632,0.183478,0.207609,0.268098,0.328586,0.484199,0.485065,0.491306,0.728594,0.653231,0.657694,0.599275,0.459683,0.291326,0.182613,0.168009,0.153404,0.199811,0.246219,0.373230,0.500241,0.623117,0.680151,0.776456,0.737761,0.763235,0.739278,0.715321,0.702704,0.498395,0.469484,0.398549,0.327614,0.263867,0.200120,0.136374,0.120454,0.148525,0.149913,0.149913
30,23,0.113065,0.113065,0.113065,0.107781,0.102497,0.114368,0.147643,0.181102,0.214560,0.274310,0.334060,0.491886,0.638466,0.491306,0.717715,0.649692,0.662498,0.558778,0.467120,0.302982,0.174341,0.164008,0.153675,0.200762,0.247848,0.392147,0.536447,0.606868,0.680151,0.767231,0.636190,0.763235,0.756001,0.748767,0.695832,0.474507,0.469484,0.398549,0.327614,0.262750,0.197885,0.133021,0.120616,0.129536,0.116207,0.116207
30,24,0.122656,0.122656,0.122656,0.105740,0.088824,0.114368,0.152878,0.180050,0.207222,0.270641,0.334060,0.491886,0.487268,0.604316,0.717715,0.642280,0.652326,0.558778,0.467120,0.245813,0.151886,0.152781,0.153675,0.200762,0.247848,0.382710,0.517572,0.606868,0.665904,0.767231,0.773105,0.748393,0.719653,0.690913,0.695832,0.481406,0.444474,0.372144,0.299813,0.241300,0.182787,0.124274,0.120616,0.131313,0.120834,0.120834
30,25,0.122656,0.122656,0.122656,0.126124,0.129592,0.136365,0.152878,0.184125,0.234559,0.292939,0.351319,0.491886,0.508456,0.630248,0.724589,0.642280,0.644921,0.549838,0.467120,0.255153,0.151886,0.155805,0.159724,0.204777,0.249829,0.376318,0.502807,0.538849,0.689338,0.767231,0.757812,0.748393,0.608948,0.469504,0.686068,0.470189,0.444474,0.332292,0.220110,0.190108,0.160106,0.130104,0.120582,0.151081,0.144101,0.144101
30,26,0.130416,0.130416,0.130416,0.111992,0.093567,0.111826,0.129050,0.184125,0.174411,0.240634,0.306857,0.441907,0.619442,0.630248,0.724589,0.648932,0.644921,0.549017,0.455110,0.275931,0.153089,0.154879,0.156669,0.203249,0.249829,0.392507,0.535186,0.538849,0.689338,0.766309,0.718127,0.669945,0.675319,0.680694,0.686068,0.477290,0.459440,0.339775,0.220110,0.190108,0.160106,0.130104,0.138278,0.180201,0.144101,0.162228
30,28,0.137684,0.137684,0.137684,0.129716,0.121748,0.133331,0.154167,0.179450,0.203409,0.267636,0.331863,0.445548,0.492960,0.635312,0.728868,0.632442,0.612761,0.508270,0.418494,0.286677,0.157831,0.156057,0.154282,0.212750,0.271217,0.399823,0.528429,0.447729,0.702098,0.714391,0.726683,0.657586,0.664483,0.671381,0.678278,0.450982,0.447197,0.322248,0.199043,0.189815,0.180586,0.171357,0.143741,0.144434,0.111521,0.174792
30,29,0.137684,0.137684,0.137684,0.129716,0.121748,0.133331,0.154167,0.179450,0.203409,0.267636,0.331863,0.445548,0.492960,0.635312,0.728868,0.632442,0.612761,0.508270,0.418494,0.286677,0.157831,0.156057,0.154282,0.212750,0.271217,0.399823,0.528429,0.447729,0.702098,0.714391,0.726683,0.657586,0.664483,0.671381,0.678278,0.450982,0.447197,0.322248,0.199043,0.189815,0.180586,0.171357,0.143741,0.144434,0.111521,0.174792
30,30,0.127443,0.127443,0.127443,0.124595,0.121748,0.133331,0.154167,0.190854,0.201270,0.269322,0.337375,0.445548,0.492960,0.635312,0.728868,0.668158,0.662812,0.541852,0.424752,0.304358,0.154383,0.163709,0.173034,0.222125,0.271217,0.432190,0.593163,0.665294,0.737425,0.744368,0.751310,0.744759,0.729590,0.714422,0.699253,0.445518,0.469316,0.322248,0.326299,0.274652,0.223004,0.171357,0.133243,0.120679,0.111521,0.109549
30,44,0.233783,0.233783,0.234902,0.225765,0.216629,0.236063,0.218357,0.258860,0.299363,0.349784,0.400205,0.484589,0.453124,0.550745,0.695279,0.624915,0.519741,0.421638,0.409106,0.255440,0.188220,0.199605,0.210990,0.222375,0.233760,0.358422,0.483085,0.561836,0.640588,0.690947,0.710423,0.631290,0.517084,0.402879,0.521834,0.449978,0.343349,0.312462,0.281575,0.250687,0.222556,0.194425,0.240499,0.176956,0.210456,0.180064
30,45,0.298413,0.269977,0.298828,0.280025,0.261223,0.259116,0.306718,0.282777,0.363054,0.410652,0.458251,0.484589,0.483865,0.556108,0.695279,0.624915,0.637029,0.454671,0.409106,0.274619,0.201484,0.195695,0.189906,0.211833,0.233760,0.396827,0.559893,0.600241,0.640588,0.690947,0.710423,0.631290,0.594804,0.558319,0.521834,0.339638,0.343349,0.304288,0.265227,0.226166,0.226864,0.227563,0.240499,0.243560,0.216624,0.180064
30,46,0.274345,0.269977,0.298828,0.309590,0.320352,0.314881,0.291282,0.282777,0.373063,0.415657,0.458251,0.494993,0.491170,0.574832,0.650219,0.645340,0.614945,0.491032,0.409106,0.265580,0.176588,0.183247,0.189906,0.208977,0.228048,0.367931,0.507814,0.572681,0.637547,0.741661,0.657890,0.593005,0.601887,0.610769,0.619651,0.342695,0.354796,0.312524,0.270252,0.226166,0.218527,0.210888,0.236688,0.217690,0.197633,0.234506
30,47,0.274345,0.269977,0.298828,0.309590,0.320352,0.314881,0.291282,0.282777,0.373063,0.415657,0.458251,0.494993,0.491170,0.574832,0.650219,0.645340,0.614945,0.491032,0.409106,0.265580,0.176588,0.183247,0.189906,0.208977,0.228048,0.367931,0.507814,0.572681,0.637547,0.741661,0.657890,0.593005,0.601887,0.610769,0.619651,0.342695,0.354796,0.312524,0.270252,0.226166,0.218527,0.210888,0.236688,0.217690,0.197633,0.234506
30,48,0.274345,0.278669,0.282994,0.267752,0.252510,0.245357,0.291282,0.234645,0.285773,0.337953,0.390133,0.494993,0.469703,0.528377,0.613340,0.645340,0.614945,0.455898,0.409106,0.232519,0.169602,0.174362,0.179122,0.204150,0.229178,0.328398,0.427617,0.435989,0.571328,0.745293,0.657890,0.696145,0.670647,0.645149,0.619651,0.342695,0.349953,0.303847,0.257741,0.211635,0.207926,0.204217,0.200509,0.199071,0.197633,0.188754
31,0,0.321441,0.321441,0.321441,0.341200,0.360959,0.307602,0.355690,0.343307,0.425418,0.436973,0.454514,0.541937,0.518069,0.506624,0.640058,0.667379,0.584436,0.520033,0.572822,0.230884,0.176139,0.189110,0.202080,0.215050,0.228021,0.400585,0.573149,0.605765,0.651089,0.644203,0.582304,0.586228,0.453727,0.321227,0.430854,0.220416,0.262212,0.239399,0.216587,0.193775,0.225734,0.257694,0.271981,0.268198,0.264416,0.304954
31,1,0.231636,0.231636,0.231636,0.225704,0.219771,0.259420,0.279644,0.343307,0.316870,0.369887,0.422905,0.541937,0.546619,0.506624,0.683747,0.662464,0.644076,0.520033,0.572822,0.259354,0.176316,0.172601,0.168885,0.165170,0.224320,0.367617,0.510914,0.577779,0.631616,0.644203,0.582304,0.578279,0.464256,0.350232,0.501250,0.271367,0.207617,0.203003,0.198389,0.193775,0.197610,0.201446,0.271981,0.268198,0.264416,0.192866
31,2,0.260810,0.260810,0.260810,0.249310,0.237810,0.227728,0.285359,0.258411,0.305599,0.338277,0.370955,0.480394,0.458955,0.495267,0.683747,0.662464,0.540337,0.598135,0.595538,0.226146,0.178892,0.176864,0.174837,0.172809,0.232698,0.381113,0.529527,0.577779,0.631616,0.648981,0.606588,0.564194,0.472385,0.380576,0.465004,0.326247,0.217899,0.221482,0.225065,0.199834,0.206965,0.214097,0.254404,0.236967,0.219529,0.204914
31,3,0.203157,0.203157,0.203157,0.203157,0.203157,0.227728,0.211776,0.258411,0.265503,0.306880,0.348256,0.480394,0.457883,0.495267,0.645026,0.616968,0.540337,0.601106,0.579929,0.228039,0.178892,0.187261,0.195629,0.189759,0.218873,0.331206,0.443540,0.595096,0.623682,0.617477,0.611272,0.605067,0.558379,0.511692,0.465004,0.312489,0.242033,0.262017,0.235551,0.221045,0.217571,0.214097,0.223943,0.209677,0.195411,0.204914
31,4,0.203157,0.203157,0.203157,0.203157,0.203157,0.227728,0.211776,0.258411,0.265503,0.306880,0.348256,0.480394,0.457883,0.495267,0.645026,0.616968,0.540337,0.601106,0.579929,0.228039,0.178892,0.187261,0.195629,0.189759,0.218873,0.331206,0.443540,0.595096,0.623682,0.617477,0.611272,0.605067,0.558379,0.511692,0.465004,0.312489,0.242033,0.262017,0.235551,0.221045,0.217571,0.214097,0.223943,0.209677,0.195411,0.204914
31,5,0.182866,0.182866,0.182866,0.182866,0.182866,0.210138,0.191442,0.250261,0.267102,0.315851,0.364600,0.480394,0.457883,0.506525,0.645026,0.616968,0.532321,0.549750,0.579929,0.228039,0.183841,0.187194,0.190547,0.193778,0.224426,0.375011,0.525595,0.595096,0.652860,0.648981,0.650458,0.651935,0.591220,0.530506,0.469791,0.390827,0.309577,0.296051,0.282525,0.221045,0.219334,0.217623,0.161323,0.179251,0.197178,0.167483
31,6,0.155513,0.155513,0.155513,0.150812,0.146111,0.210138,0.191442,0.250261,0.244868,0.304386,0.363904,0.482987,0.485868,0.506525,0.667500,0.607959,0.540550,0.598835,0.621059,0.235012,0.192061,0.191304,0.190547,0.148780,0.224426,0.365665,0.506903,0.595096,0.652860,0.731037,0.691486,0.651935,0.591220,0.530506,0.469791,0.357532,0.412423,0.251270,0.282525,0.228107,0.229538,0.230969,0.208121,0.185274,0.162427,0.169700
31,8,0.152730,0.152730,0.152730,0.150670,0.148609,0.189241,0.177280,0.271745,0.237521,0.306363,0.375204,0.464886,0.480326,0.496544,0.651187,0.692093,0.637718,0.544251,0.610133,0.240397,0.195209,0.202150,0.209091,0.170285,0.240293,0.347138,0.453982,0.612531,0.602946,0.726464,0.677682,0.643810,0.626718,0.609626,0.592534,0.341795,0.400855,0.279286,0.295971,0.241448,0.217935,0.194422,0.141574,0.164571,0.171439,0.171439
31,9,0.143715,0.143715,0.143715,0.138332,0.132948,0.166481,0.174642,0.230956,0.237521,0.306363,0.375204,0.488740,0.552467,0.496544,0.651187,0.692093,0.690037,0.547818,0.610133,0.235504,0.173287,0.191189,0.209091,0.224692,0.240293,0.347138,0.453982,0.612531,0.561835,0.726464,0.642488,0.558512,0.569853,0.581193,0.592534,0.510190,0.420960,0.336791,0.314958,0.232782,0.207933,0.183083,0.120467,0.128143,0.137130,0.137130
31,10,0.163839,0.163839,0.163839,0.164723,0.165608,0.253027,0.200326,0.230956,0.249342,0.325796,0.402251,0.488740,0.546150,0.513294,0.662784,0.709590,0.658483,0.571921,0.591293,0.232352,0.173287,0.173707,0.174127,0.182483,0.246862,0.332446,0.418031,0.642500,0.670460,0.726464,0.722700,0.718936,0.678337,0.637739,0.597141,0.510190,0.420960,0.292922,0.286126,0.256102,0.223824,0.191546,0.181186,0.128143,0.186138,0.200965
31,11,0.266184,0.266184,0.266184,0.277178,0.288173,0.253027,0.318115,0.351630,0.347416,0.398243,0.449069,0.488740,0.559086,0.513294,0.662784,0.668795,0.649399,0.558516,0.591293,0.222550,0.184786,0.200674,0.216562,0.231712,0.246862,0.369502,0.492142,0.642500,0.670460,0.663179,0.639108,0.718936,0.640170,0.561405,0.482639,0.362145,0.248200,0.292922,0.286126,0.256102,0.283714,0.311326,0.273162,0.297388,0.191397,0.200965
31,12,0.338406,0.310196,0.281986,0.283914,0.285843,0.397878,0.335866,0.351630,0.441080,0.485212,0.529343,0.546664,0.559086,0.630311,0.672755,0.695138,0.649399,0.594933,0.610850,0.237993,0.197702,0.196565,0.195428,0.236513,0.277599,0.409648,0.541698,0.642500,0.688329,0.663179,0.684143,0.705108,0.630952,0.556796,0.482639,0.256149,0.372318,0.314152,0.255986,0.306355,0.259738,0.213121,0.223899,0.353389,0.262751,0.313058
31,13,0.338406,0.310196,0.281986,0.283914,0.285843,0.397878,0.335866,0.351630,0.441080,0.485212,0.529343,0.546664,0.559086,0.630311,0.672755,0.695138,0.649399,0.594933,0.610850,0.237993,0.197702,0.196565,0.195428,0.236513,0.277599,0.409648,0.541698,0.642500,0.688329,0.663179,0.684143,0.705108,0.630952,0.556796,0.482639,0.256149,0.372318,0.314152,0.255986,0.306355,0.259738,0.213121,0.223899,0.353389,0.262751,0.313058
31,14,0.201008,0.203646,0.206283,0.213467,0.220650,0.187811,0.253412,0.344459,0.280000,0.329641,0.379281,0.503912,0.563318,0.607017,0.673384,0.645545,0.680134,0.594933,0.584396,0.264345,0.189529,0.192478,0.195428,0.230050,0.264672,0.397101,0.529529,0.635412,0.688329,0.744555,0.702696,0.660837,0.638921,0.617004,0.595088,0.344482,0.288763,0.280963,0.273162,0.273614,0.236073,0.198532,0.223899,0.353389,0.186685,0.149911
31,15,0.207327,0.225726,0.244124,0.232387,0.220650,0.217406,0.253412,0.344459,0.289016,0.330550,0.372083,0.503912,0.508151,0.634950,0.673384,0.639160,0.625540,0.550363,0.584396,0.232737,0.193485,0.200149,0.206813,0.235743,0.264672,0.390030,0.515388,0.635412,0.650733,0.744555,0.717506,0.690457,0.664014,0.637571,0.611128,0.317362,0.368811,0.277931,0.287274,0.273740,0.256986,0.240232,0.194853,0.239952,0.186685,0.148557
31,16,0.207327,0.225726,0.244124,0.254954,0.265784,0.217406,0.292971,0.221912,0.265244,0.312617,0.359989,0.509151,0.513800,0.634950,0.729105,0.639277,0.639853,0.545065,0.597191,0.230554,0.175003,0.174389,0.173775,0.211502,0.249229,0.373691,0.498154,0.581716,0.666910,0.744555,0.717506,0.690457,0.664014,0.637571,0.611128,0.484377,0.396408,0.321499,0.287274,0.273740,0.232908,0.192077,0.220732,0.167278,0.186619,0.148557
31,17,0.157836,0.179810,0.201784,0.192292,0.182799,0.169231,0.238772,0.221912,0.231241,0.295615,0.359989,0.509151,0.517761,0.619811,0.729105,0.665939,0.642034,0.548590,0.597191,0.230554,0.160669,0.167222,0.173775,0.211502,0.249229,0.379465,0.509701,0.581716,0.666910,0.744772,0.756920,0.769067,0.725097,0.681127,0.637158,0.504214,0.379034,0.347546,0.316058,0.269223,0.230650,0.192077,0.164337,0.160978,0.149024,0.136572
31,18,0.154365,0.154365,0.154365,0.141185,0.128004,0.154819,0.192547,0.205468,0.231241,0.295333,0.359426,0.509151,0.487762,0.619811,0.717971,0.648355,0.650556,0.599672,0.667898,0.239617,0.160669,0.164739,0.168808,0.202205,0.235602,0.355523,0.475445,0.570150,0.665586,0.744772,0.755972,0.767171,0.723833,0.680496,0.637158,0.473692,0.379034,0.335430,0.291826,0.214541,0.190440,0.166338,0.142011,0.155169,0.149024,0.148065
31,19,0.130559,0.130559,0.130559,0.116606,0.102652,0.154819,0.169830,0.205468,0.219144,0.264913,0.310682,0.468256,0.504060,0.603273,0.717971,0.655162,0.621078,0.598569,0.667898,0.247780,0.171656,0.176857,0.182057,0.211091,0.240125,0.394716,0.549308,0.570150,0.665586,0.744772,0.744847,0.744923,0.695299,0.645676,0.596052,0.494778,0.501796,0.393937,0.286078,0.243724,0.201370,0.159016,0.147419,0.174513,0.139590,0.127083
31,20,0.119147,0.119147,0.119147,0.109962,0.100778,0.120634,0.153556,0.179630,0.191046,0.264986,0.338926,0.468212,0.526998,0.491306,0.724516,0.655162,0.656171,0.594502,0.668459,0.253220,0.163780,0.172919,0.182057,0.211091,0.240125,0.402242,0.564359,0.593554,0.698134,0.776456,0.769170,0.761884,0.764692,0.767501,0.638118,0.494778,0.481601,0.383840,0.286078,0.248509,0.210940,0.173371,0.153871,0.174513,0.147091,0.150691
31,21,0.120429,0.120429,0.120429,0.110604,0.100778,0.123543,0.160471,0.179630,0.206390,0.272051,0.337712,0.468212,0.526998,0.491306,0.724516,0.646487,0.657694,0.603454,0.668459,0.306796,0.172712,0.172669,0.172627,0.211497,0.250367,0.407363,0.564359,0.593554,0.691624,0.776456,0.769170,0.761884,0.764692,0.767501,0.638118,0.518236,0.481601,0.397955,0.314308,0.263015,0.211723,0.160430,0.122496,0.142474,0.147091,0.147091
31,22,0.120429,0.120429,0.120429,0.110604,0.100778,0.123543,0.160471,0.179630,0.206390,0.272051,0.337712,0.468212,0.526998,0.491306,0.724516,0.646487,0.657694,0.603454,0.668459,0.306796,0.172712,0.172669,0.172627,0.211497,0.250367,0.407363,0.564359,0.593554,0.691624,0.776456,0.769170,0.761884,0.764692,0.767501,0.638118,0.518236,0.481601,0.397955,0.314308,0.263015,0.211723,0.160430,0.122496,0.142474,0.147091,0.147091
31,28,0.127972,0.127972,0.127972,0.127972,0.127972,0.134279,0.154167,0.181954,0.206566,0.272132,0.337697,0.451134,0.620978,0.635312,0.728868,0.646100,0.638094,0.515014,0.455110,0.208255,0.162227,0.167527,0.172827,0.216317,0.259806,0.393224,0.526641,0.435358,0.700560,0.758829,0.765269,0.658732,0.671785,0.684839,0.697892,0.449578,0.441940,0.307183,0.286278,0.248561,0.210845,0.173128,0.148516,0.139761,0.140223,0.138051
31,29,0.123665,0.123665,0.123665,0.124344,0.125022,0.134279,0.164476,0.190854,0.223210,0.287232,0.351254,0.451134,0.620978,0.635312,0.728868,0.659986,0.662812,0.546707,0.445639,0.243748,0.156130,0.164582,0.173034,0.216420,0.259806,0.444374,0.628942,0.678491,0.728040,0.758829,0.751310,0.654164,0.669194,0.684224,0.699253,0.463057,0.438184,0.307183,0.317793,0.269571,0.221350,0.173128,0.137787,0.135117,0.109841,0.114878
31,44,0.408981,0.285709,0.316126,0.331720,0.347314,0.292488,0.317315,0.327446,0.337576,0.423958,0.510340,0.576015,0.553638,0.550745,0.630914,0.632859,0.591805,0.466047,0.414192,0.257846,0.201180,0.198044,0.194908,0.222333,0.249758,0.415348,0.580937,0.615562,0.650186,0.659333,0.645789,0.641256,0.601449,0.561641,0.521834,0.285044,0.298367,0.268378,0.238389,0.239278,0.243954,0.248630,0.233707,0.236938,0.210456,0.314941
31,45,0.298413,0.257636,0.285505,0.335000,0.384494,0.408658,0.348702,0.325976,0.345746,0.386479,0.427213,0.576015,0.566696,0.600982,0.646520,0.632859,0.581039,0.454671,0.414192,0.234494,0.201484,0.188889,0.176293,0.202171,0.228048,0.396606,0.565165,0.607676,0.650186,0.683421,0.645789,0.593005,0.569281,0.545557,0.521834,0.326475,0.312400,0.288026,0.263652,0.239278,0.253015,0.266752,0.270407,0.259594,0.235015,0.314941
31,46,0.256049,0.257636,0.285505,0.282669,0.279833,0.314881,0.264961,0.325976,0.299437,0.363325,0.427213,0.494993,0.491170,0.600982,0.646520,0.645200,0.577284,0.483654,0.409106,0.226670,0.186235,0.181264,0.176293,0.202171,0.228048,0.342832,0.457616,0.558390,0.659165,0.651270,0.677060,0.593005,0.580065,0.567126,0.554186,0.326475,0.312400,0.290617,0.268834,0.228616,0.222625,0.216633,0.218362,0.201197,0.235015,0.242945
31,47,0.256049,0.249082,0.242114,0.248789,0.255465,0.236912,0.264961,0.255618,0.274962,0.321240,0.367517,0.494993,0.549725,0.600982,0.586598,0.645200,0.577284,0.455204,0.354607,0.212303,0.182925,0.165765,0.148605,0.177622,0.206638,0.289270,0.371902,0.471615,0.571328,0.651270,0.677060,0.638932,0.610683,0.582435,0.554186,0.447906,0.415693,0.359342,0.302991,0.246640,0.235382,0.224124,0.212865,0.201197,0.180295,0.188754
32,0,0.262376,0.262376,0.262376,0.271662,0.280949,0.323542,0.284242,0.343307,0.331817,0.377361,0.422905,0.558242,0.518069,0.506624,0.640058,0.626388,0.524486,0.447571,0.572822,0.221457,0.172200,0.191045,0.209890,0.228734,0.247579,0.374059,0.500538,0.605765,0.565286,0.611834,0.619966,0.628097,0.459017,0.289936,0.430854,0.245480,0.198546,0.198202,0.197858,0.230184,0.242088,0.253993,0.248590,0.266195,0.294139,0.236924
32,1,0.333345,0.333345,0.333345,0.327377,0.321409,0.323542,0.354388,0.343307,0.379394,0.401150,0.422905,0.558242,0.546009,0.506624,0.700246,0.695500,0.644039,0.465390,0.595538,0.241282,0.178501,0.190138,0.201776,0.213414,0.247579,0.393901,0.540222,0.645532,0.631616,0.611834,0.627062,0.642289,0.480036,0.317782,0.404904,0.271367,0.195852,0.196855,0.197858,0.226071,0.268862,0.311652,0.248590,0.346471,0.294139,0.301196
32,2,0.260810,0.260810,0.260810,0.307835,0.354859,0.325256,0.285359,0.356995,0.450551,0.482706,0.514862,0.600753,0.601346,0.493357,0.700246,0.695500,0.659258,0.598135,0.595538,0.259936,0.197585,0.197358,0.197131,0.196904,0.235791,0.426489,0.617186,0.645532,0.623499,0.653469,0.608505,0.563540,0.465326,0.367111,0.458392,0.297847,0.217899,0.205264,0.192628,0.231660,0.240680,0.249701,0.336101,0.311444,0.317976,0.357811
32,3,0.244994,0.235166,0.225337,0.242953,0.260569,0.271024,0.250953,0.356995,0.347538,0.379485,0.411432,0.600753,0.495338,0.493357,0.686549,0.687001,0.659258,0.598135,0.552665,0.259936,0.197585,0.200203,0.202820,0.189759,0.238231,0.340885,0.443540,0.617950,0.610690,0.648981,0.617175,0.585369,0.614741,0.644114,0.458392,0.344552,0.276905,0.262017,0.235551,0.228150,0.238925,0.249701,0.318235,0.311444,0.243186,0.196444
32,4,0.279165,0.279165,0.279165,0.270553,0.261942,0.257359,0.298413,0.301932,0.313690,0.361282,0.408873,0.482987,0.495338,0.493357,0.686549,0.687001,0.561769,0.506622,0.552665,0.245034,0.198363,0.205816,0.213269,0.193778,0.245164,0.397846,0.550528,0.617950,0.630409,0.630251,0.630092,0.629934,0.575760,0.521586,0.467411,0.275183,0.243377,0.243509,0.253234,0.228150,0.231925,0.235700,0.250290,0.244805,0.243186,0.222003
32,5,0.279165,0.279165,0.279165,0.261015,0.242866,0.229291,0.298413,0.301932,0.288832,0.325515,0.362197,0.482987,0.494754,0.463734,0.681041,0.607959,0.543346,0.468755,0.551590,0.240154,0.198605,0.205937,0.213269,0.201445,0.238194,0.373400,0.508606,0.598193,0.630409,0.645413,0.660417,0.675421,0.603741,0.532061,0.460382,0.342612,0.267920,0.227956,0.244712,0.256415,0.253774,0.251134,0.251103,0.251072,0.251042,0.229993
32,6,0.279165,0.279165,0.279165,0.261015,0.242866,0.229291,0.298413,0.301932,0.288832,0.325515,0.362197,0.482987,0.494754,0.463734,0.681041,0.607959,0.543346,0.468755,0.551590,0.240154,0.198605,0.205937,0.213269,0.201445,0.238194,0.373400,0.508606,0.598193,0.630409,0.645413,0.660417,0.675421,0.603741,0.532061,0.460382,0.342612,0.267920,0.227956,0.244712,0.256415,0.253774,0.251134,0.251103,0.251072,0.251042,0.229993
32,7,0.254192,0.254192,0.254192,0.248529,0.242866,0.260066,0.271382,0.271745,0.349546,0.368024,0.386502,0.489282,0.469021,0.463734,0.681041,0.607959,0.537676,0.516597,0.551590,0.235968,0.195947,0.189885,0.183822,0.192939,0.238194,0.387345,0.536496,0.598193,0.670318,0.722915,0.699168,0.675421,0.603741,0.532061,0.460382,0.342612,0.267920,0.227956,0.274146,0.225822,0.238115,0.250408,0.244805,0.239202,0.233599,0.258338
32,8,0.295734,0.295734,0.295734,0.295144,0.294554,0.260066,0.306492,0.271745,0.288157,0.313735,0.339314,0.489282,0.471891,0.451226,0.637599,0.578090,0.539475,0.506427,0.538112,0.242316,0.212536,0.210814,0.209091,0.195835,0.257822,0.383747,0.509673,0.516085,0.670318,0.587538,0.677682,0.603774,0.544047,0.484319,0.424591,0.352182,0.259436,0.226184,0.251813,0.239174,0.248053,0.256932,0.267469,0.223783,0.233599,0.261941
32,9,0.252627,0.252627,0.252627,0.250609,0.248591,0.209245,0.267477,0.257897,0.288157,0.313735,0.339314,0.455425,0.389351,0.451226,0.637599,0.578090,0.454561,0.430802,0.538112,0.220685,0.184675,0.192926,0.201177,0.203303,0.245827,0.377750,0.509673,0.516085,0.561835,0.516285,0.470734,0.558512,0.513871,0.469231,0.424591,0.324174,0.235089,0.262439,0.289789,0.215451,0.216787,0.218123,0.258111,0.223783,0.154671,0.226485
32,10,0.228590,0.241114,0.253639,0.250482,0.247325,0.217103,0.200326,0.257897,0.251191,0.258129,0.265068,0.455425,0.345700,0.438930,0.662784,0.543256,0.395545,0.486974,0.452570,0.189612,0.184675,0.192926,0.201177,0.182483,0.241801,0.344394,0.446987,0.516085,0.537807,0.527593,0.517378,0.507163,0.459153,0.411143,0.363134,0.324174,0.235089,0.242117,0.249146,0.252727,0.223862,0.194997,0.181186,0.172755,0.221682,0.226485
32,11,0.228590,0.260092,0.291595,0.302753,0.313911,0.217103,0.325523,0.298108,0.287509,0.311831,0.336153,0.546664,0.474106,0.438930,0.662784,0.543256,0.515348,0.511724,0.452570,0.232758,0.178886,0.205516,0.232147,0.236974,0.241801,0.396140,0.550478,0.537731,0.537807,0.663179,0.585171,0.507163,0.498989,0.490814,0.482639,0.365420,0.248200,0.248298,0.248396,0.252727,0.269874,0.287022,0.309789,0.276687,0.221682,0.214549
32,12,0.334354,0.329500,0.324647,0.326024,0.327402,0.316865,0.351615,0.298108,0.441080,0.444427,0.447774,0.546664,0.474106,0.438930,0.672755,0.649714,0.515348,0.542248,0.551347,0.232529,0.194194,0.213170,0.232147,0.207185,0.267854,0.409166,0.550478,0.537731,0.651919,0.663179,0.621471,0.579764,0.547389,0.515014,0.482639,0.374337,0.266035,0.255955,0.245875,0.315230,0.319044,0.322857,0.274982,0.348312,0.323702,0.313058
32,13,0.279117,0.264276,0.249435,0.249417,0.249400,0.292071,0.274164,0.344459,0.342143,0.376888,0.411633,0.515962,0.482229,0.607017,0.622431,0.649714,0.559493,0.542248,0.584396,0.227435,0.201292,0.205545,0.209799,0.238413,0.267026,0.395094,0.523163,0.635412,0.651919,0.690786,0.675812,0.660837,0.629985,0.599133,0.568282,0.324964,0.301111,0.277257,0.253403,0.275651,0.258430,0.241208,0.274982,0.239952,0.235817,0.217431
32,14,0.274968,0.262201,0.249435,0.249417,0.249400,0.317587,0.274164,0.344459,0.349765,0.392598,0.435430,0.515962,0.482229,0.607017,0.622431,0.610447,0.623770,0.481860,0.584396,0.239709,0.203275,0.218397,0.233519,0.203572,0.267026,0.383856,0.500686,0.635412,0.615610,0.690786,0.635623,0.660837,0.629985,0.599133,0.568282,0.341705,0.243600,0.214876,0.265644,0.273740,0.280017,0.286294,0.225809,0.226230,0.235817,0.246411
32,15,0.297104,0.294517,0.291931,0.295137,0.298343,0.317587,0.321296,0.321817,0.372359,0.402109,0.431859,0.532753,0.532287,0.607017,0.726234,0.639277,0.623770,0.520569,0.594445,0.227363,0.207462,0.220491,0.233519,0.246204,0.258890,0.397041,0.535192,0.607191,0.669233,0.690786,0.534056,0.707972,0.661409,0.614845,0.568282,0.315745,0.322354,0.264691,0.296771,0.269223,0.277758,0.286294,0.289946,0.309535,0.258245,0.197764
32,16,0.297104,0.294517,0.291931,0.295137,0.298343,0.317587,0.321296,0.321817,0.372359,0.402109,0.431859,0.532753,0.532287,0.607017,0.726234,0.639277,0.623770,0.520569,0.594445,0.227363,0.207462,0.220491,0.233519,0.246204,0.258890,0.397041,0.535192,0.607191,0.669233,0.690786,0.534056,0.707972,0.661409,0.614845,0.568282,0.315745,0.322354,0.264691,0.296771,0.269223,0.277758,0.286294,0.289946,0.309535,0.258245,0.197764
32,17,0.211163,0.232041,0.252920,0.233835,0.214751,0.246112,0.270568,0.321817,0.256181,0.344020,0.431859,0.532753,0.548563,0.647425,0.726234,0.668530,0.655141,0.577965,0.594445,0.227363,0.165397,0.174515,0.183633,0.209618,0.235602,0.346641,0.457679,0.607191,0.669233,0.748416,0.534056,0.707972,0.700052,0.692132,0.684212,0.495207,0.322354,0.319206,0.316058,0.269223,0.257491,0.245759,0.184548,0.174963,0.144022,0.197543
32,18,0.211163,0.184949,0.158735,0.148241,0.137747,0.146142,0.189548,0.217300,0.256181,0.309021,0.361860,0.468256,0.539481,0.647425,0.699483,0.632034,0.642408,0.538872,0.573576,0.218224,0.165397,0.167102,0.168808,0.202205,0.235602,0.351163,0.466725,0.614853,0.673405,0.744772,0.747635,0.750497,0.728402,0.706307,0.684212,0.482165,0.443753,0.394340,0.344928,0.229727,0.201107,0.172487,0.142011,0.122614,0.144022,0.103334
32,20,0.110186,0.110186,0.110186,0.110186,0.110186,0.120634,0.156361,0.179630,0.191046,0.252302,0.313558,0.450604,0.475012,0.603273,0.689912,0.639212,0.640177,0.540759,0.585117,0.253220,0.157361,0.167199,0.177037,0.208366,0.239694,0.379945,0.520195,0.593554,0.660757,0.751885,0.743997,0.736108,0.751804,0.767501,0.611264,0.457379,0.468021,0.385455,0.302889,0.256935,0.210981,0.165027,0.147560,0.139514,0.147091,0.125415
32,42,0.408981,0.383835,0.358690,0.390682,0.422675,0.373415,0.404895,0.390582,0.376269,0.437313,0.498357,0.479278,0.528193,0.432337,0.688717,0.579328,0.585397,0.460711,0.395640,0.218997,0.204874,0.197668,0.190463,0.220194,0.249924,0.449636,0.649348,0.465154,0.561426,0.619313,0.617273,0.566024,0.470063,0.374101,0.278140,0.182179,0.144421,0.154240,0.164058,0.218652,0.213054,0.207457,0.307337,0.219925,0.207413,0.312969
32,43,0.408981,0.383835,0.358690,0.390682,0.422675,0.373415,0.404895,0.390582,0.376269,0.437313,0.498357,0.479278,0.528193,0.432337,0.688717,0.579328,0.585397,0.460711,0.395640,0.218997,0.204874,0.197668,0.190463,0.220194,0.249924,0.449636,0.649348,0.465154,0.561426,0.619313,0.617273,0.566024,0.470063,0.374101,0.278140,0.182179,0.144421,0.154240,0.164058,0.218652,0.213054,0.207457,0.307337,0.219925,0.207413,0.312969
32,44,0.408981,0.403187,0.397393,0.400516,0.403639,0.394724,0.404895,0.450296,0.495697,0.504268,0.512838,0.533135,0.540729,0.585648,0.688717,0.611268,0.629313,0.449772,0.414192,0.258868,0.207117,0.200037,0.192957,0.221357,0.249758,0.449553,0.649348,0.661378,0.673408,0.619313,0.648720,0.641256,0.567860,0.494463,0.421066,0.166426,0.138392,0.151225,0.164058,0.238139,0.266825,0.295511,0.307337,0.346200,0.336474,0.310962
32,45,0.341520,0.329826,0.318132,0.360886,0.403639,0.343669,0.356667,0.339894,0.416983,0.464911,0.512838,0.576015,0.650667,0.596435,0.626746,0.588263,0.606628,0.441072,0.414192,0.236005,0.202589,0.197773,0.192957,0.208034,0.223111,0.407633,0.592155,0.632781,0.673408,0.695624,0.648720,0.658764,0.579532,0.500299,0.421066,0.265908,0.262131,0.247818,0.233505,0.238139,0.251304,0.264469,0.306137,0.309577,0.279269,0.310962
32,46,0.248955,0.283543,0.318132,0.310480,0.302829,0.304859,0.264961,0.339894,0.344765,0.373844,0.402922,0.504156,0.505173,0.596435,0.626746,0.600095,0.559980,0.458990,0.414192,0.224279,0.186893,0.187468,0.188043,0.205577,0.223111,0.347820,0.472529,0.550409,0.628290,0.695624,0.667451,0.658764,0.560550,0.462336,0.364122,0.265908,0.371299,0.302402,0.233505,0.233792,0.225843,0.217893,0.246115,0.214478,0.279269,0.239415
32,47,0.248955,0.252783,0.256610,0.241566,0.226522,0.229334,0.264961,0.255618,0.238290,0.289165,0.340039,0.504156,0.488780,0.596435,0.566070,0.589895,0.559980,0.416398,0.375461,0.212303,0.170082,0.159344,0.148605,0.181346,0.214086,0.294779,0.375471,0.488186,0.600900,0.692048,0.667451,0.684636,0.624308,0.563979,0.503650,0.443321,0.371299,0.351223,0.331147,0.234072,0.222330,0.210587,0.198845,0.214478,0.182553,0.187984
32,50,0.375922,0.375922,0.375922,0.357276,0.338629,0.357949,0.382884,0.392737,0.402589,0.406811,0.411033,0.463895,0.501178,0.418151,0.733578,0.610891,0.554230,0.473329,0.542705,0.220797,0.213759,0.190696,0.167633,0.197253,0.226873,0.414478,0.602082,0.602127,0.602172,0.657325,0.639871,0.380316,0.432250,0.484183,0.536117,0.233798,0.264607,0.236430,0.208253,0.194641,0.199272,0.203903,0.213509,0.225713,0.219281,0.250641
32,51,0.263502,0.280562,0.297621,0.314680,0.331739,0.296706,0.228537,0.315563,0.402589,0.401747,0.400904,0.540961,0.443100,0.426261,0.733578,0.610891,0.596775,0.460352,0.584983,0.224476,0.181997,0.160902,0.139807,0.183340,0.226873,0.348959,0.471045,0.541011,0.610977,0.684722,0.675054,0.661862,0.655823,0.649784,0.643745,0.328380,0.264607,0.236430,0.208253,0.194641,0.199272,0.203903,0.186205,0.193210,0.198256,0.213791
32,52,0.263502,0.280562,0.297621,0.314680,0.331739,0.296706,0.228537,0.315563,0.402589,0.401747,0.400904,0.540961,0.443100,0.426261,0.733578,0.610891,0.596775,0.460352,0.584983,0.224476,0.181997,0.160902,0.139807,0.183340,0.226873,0.348959,0.471045,0.541011,0.610977,0.684722,0.675054,0.661862,0.655823,0.649784,0.643745,0.328380,0.264607,0.236430,0.208253,0.194641,0.199272,0.203903,0.186205,0.193210,0.198256,0.213791
33,0,0.216650,0.216650,0.216650,0.198363,0.180076,0.290769,0.242369,0.281197,0.280827,0.475524,0.491950,0.551853,0.573776,0.632750,0.691723,0.717924,0.611475,0.643577,0.610305,0.252155,0.191802,0.195732,0.199662,0.203592,0.228121,0.349091,0.470062,0.614927,0.670563,0.666545,0.668322,0.670100,0.652919,0.635739,0.538133,0.420333,0.299670,0.288164,0.309413,0.302162,0.273501,0.244840,0.216179,0.182162,0.217257,0.195916
33,1,0.371443,0.371443,0.371443,0.347656,0.323869,0.290769,0.312618,0.334467,0.399781,0.475524,0.491950,0.581317,0.629016,0.626222,0.775966,0.717924,0.571832,0.643577,0.618962,0.230839,0.195388,0.202264,0.209139,0.216015,0.228121,0.383468,0.538814,0.649141,0.670563,0.666545,0.666786,0.667026,0.651383,0.635739,0.538133,0.384826,0.178771,0.203273,0.221147,0.302162,0.308235,0.314308,0.320381,0.338046,0.217257,0.236841
33,2,0.400062,0.400062,0.400062,0.397002,0.393943,0.381662,0.352742,0.382320,0.457682,0.504315,0.550949,0.613384,0.622484,0.626222,0.775966,0.654096,0.634253,0.643577,0.618962,0.251177,0.203628,0.207757,0.211886,0.216015,0.249304,0.407109,0.564913,0.603708,0.647970,0.666545,0.666786,0.667026,0.587985,0.508944,0.429903,0.213069,0.178771,0.203273,0.196887,0.297736,0.324301,0.350867,0.320381,0.406053,0.343503,0.328191
33,3,0.394129,0.394129,0.394129,0.394129,0.394129,0.357419,0.361450,0.409468,0.475021,0.512985,0.550949,0.613384,0.637912,0.682161,0.773834,0.654096,0.634253,0.643577,0.680235,0.246026,0.191600,0.192902,0.194204,0.195506,0.265179,0.413118,0.561056,0.653628,0.647970,0.669652,0.627988,0.586323,0.517490,0.448657,0.379824,0.223583,0.160974,0.182821,0.196887,0.296560,0.323713,0.350867,0.369156,0.405642,0.377141,0.368082
33,4,0.333766,0.330312,0.326858,0.330048,0.333239,0.357419,0.372719,0.409468,0.440077,0.492014,0.543952,0.617395,0.647276,0.682161,0.795516,0.724184,0.645096,0.666898,0.680235,0.246026,0.191600,0.192902,0.194204,0.195506,0.265179,0.432652,0.600125,0.653628,0.681889,0.763377,0.694455,0.625534,0.622437,0.619340,0.379824,0.177994,0.137456,0.181836,0.218939,0.296524,0.338925,0.381326,0.378246,0.439944,0.403168,0.441782
33,5,0.333766,0.358091,0.382417,0.388175,0.393933,0.344689,0.417361,0.422195,0.444146,0.490249,0.536351,0.645970,0.647276,0.678471,0.795516,0.724184,0.658792,0.666898,0.687095,0.238519,0.182227,0.163311,0.144396,0.180495,0.249471,0.427963,0.606456,0.681732,0.695076,0.682409,0.669742,0.657075,0.574860,0.492646,0.410432,0.218654,0.175074,0.210055,0.218939,0.296524,0.315871,0.335218,0.420716,0.426212,0.403168,0.436801
33,6,0.379110,0.382484,0.385857,0.393718,0.401578,0.391226,0.417361,0.437871,0.468691,0.493265,0.517840,0.645970,0.606667,0.678471,0.796299,0.738453,0.657338,0.666898,0.691062,0.244882,0.189743,0.186660,0.183578,0.180495,0.249199,0.437368,0.625537,0.686683,0.695076,0.682589,0.670102,0.657615,0.598987,0.540359,0.481731,0.250061,0.160779,0.196143,0.231507,0.306600,0.338683,0.370765,0.429237,0.439307,0.397391,0.436801
33,7,0.388565,0.387211,0.385857,0.393718,0.401578,0.391226,0.419198,0.438344,0.465859,0.500181,0.534504,0.572370,0.606667,0.670395,0.796299,0.738453,0.685295,0.557024,0.691062,0.243956,0.182939,0.188110,0.193280,0.192811,0.251168,0.432760,0.614353,0.709208,0.705423,0.689487,0.673551,0.657615,0.598987,0.540359,0.481731,0.275436,0.188083,0.212297,0.236511,0.293874,0.320889,0.347903,0.386347,0.399496,0.402117,0.404738
33,8,0.388565,0.383462,0.378359,0.384780,0.391202,0.379753,0.403259,0.438344,0.465859,0.448406,0.430953,0.572370,0.565937,0.504924,0.680425,0.690951,0.631168,0.516973,0.651734,0.229125,0.184371,0.204461,0.224552,0.192811,0.260298,0.437325,0.614353,0.668456,0.655644,0.655476,0.655307,0.655139,0.605006,0.554873,0.504739,0.261245,0.188423,0.212467,0.236511,0.289161,0.307349,0.325536,0.295096,0.303109,0.309476,0.315843
33,9,0.388565,0.383462,0.378359,0.384780,0.391202,0.379753,0.403259,0.438344,0.465859,0.448406,0.430953,0.572370,0.565937,0.504924,0.680425,0.690951,0.631168,0.516973,0.651734,0.229125,0.184371,0.204461,0.224552,0.192811,0.260298,0.437325,0.614353,0.668456,0.655644,0.655476,0.655307,0.655139,0.605006,0.554873,0.504739,0.261245,0.188423,0.212467,0.236511,0.289161,0.307349,0.325536,0.295096,0.303109,0.309476,0.315843
33,10,0.245718,0.250986,0.256255,0.249273,0.242291,0.244551,0.267911,0.288180,0.344565,0.387759,0.430953,0.494291,0.477373,0.504924,0.680425,0.624409,0.599722,0.591780,0.651734,0.246436,0.205630,0.215091,0.224552,0.200980,0.262159,0.388437,0.514714,0.649867,0.655644,0.654417,0.653191,0.651964,0.628240,0.604515,0.580790,0.413088,0.341283,0.287108,0.290241,0.267756,0.262952,0.258148,0.215929,0.303109,0.258867,0.217495
33,11,0.169625,0.172935,0.176245,0.172248,0.168250,0.223251,0.209545,0.265198,0.254749,0.304186,0.353623,0.494291,0.480952,0.486064,0.667344,0.633033,0.637237,0.568488,0.640294,0.252838,0.205630,0.205309,0.204988,0.188867,0.259562,0.378380,0.497197,0.623065,0.673450,0.684249,0.695047,0.705845,0.664160,0.622475,0.580790,0.413088,0.341283,0.315762,0.290241,0.267756,0.224505,0.181254,0.157772,0.164401,0.143078,0.179682
33,12,0.169625,0.207568,0.245510,0.244421,0.243333,0.309722,0.271575,0.265198,0.301966,0.313081,0.324196,0.467988,0.491256,0.486064,0.667344,0.633633,0.561590,0.521294,0.640294,0.240318,0.204041,0.194114,0.184186,0.158536,0.250294,0.373746,0.497197,0.623065,0.673450,0.684249,0.695047,0.705845,0.636216,0.566586,0.496957,0.447483,0.406390,0.384969,0.363547,0.265376,0.267269,0.269163,0.282689,0.117096,0.143078,0.179682
33,13,0.236688,0.278749,0.320810,0.316037,0.311264,0.309722,0.332341,0.265198,0.381387,0.408916,0.436445,0.467988,0.533316,0.486064,0.679264,0.634417,0.560914,0.524298,0.615001,0.237531,0.204041,0.194114,0.184186,0.153723,0.256415,0.395908,0.535400,0.633060,0.653184,0.681170,0.661227,0.641285,0.593175,0.545066,0.496957,0.355691,0.369753,0.310201,0.250650,0.298063,0.314833,0.331602,0.282689,0.370188,0.211378,0.277064
33,14,0.269002,0.286036,0.303071,0.307167,0.311264,0.327857,0.327627,0.306335,0.398341,0.426588,0.454835,0.550667,0.533316,0.643576,0.679264,0.653954,0.632337,0.524298,0.615001,0.236364,0.210923,0.198143,0.185362,0.204895,0.240196,0.404112,0.568027,0.633060,0.675247,0.672431,0.691896,0.711361,0.683286,0.655210,0.627135,0.350733,0.363601,0.315397,0.267192,0.293959,0.293101,0.292244,0.337872,0.269939,0.246509,0.245264
33,15,0.269002,0.286036,0.303071,0.292886,0.282701,0.277391,0.327627,0.306335,0.330523,0.387284,0.444045,0.550667,0.560499,0.643576,0.712350,0.653954,0.632337,0.523883,0.607009,0.201548,0.182584,0.195921,0.209259,0.202077,0.240196,0.386928,0.533660,0.633060,0.675247,0.679151,0.690972,0.702792,0.687651,0.672510,0.583277,0.382264,0.316190,0.250116,0.267192,0.257987,0.249292,0.240597,0.243199,0.269939,0.234931,0.200164
33,16,0.269535,0.268580,0.267625,0.278992,0.290359,0.277391,0.303670,0.305813,0.376159,0.410102,0.444045,0.521786,0.555986,0.573209,0.712350,0.643514,0.626313,0.539469,0.606993,0.224185,0.195371,0.223954,0.252537,0.204433,0.264335,0.422223,0.580112,0.631723,0.654611,0.664587,0.669352,0.674116,0.673313,0.672510,0.583277,0.319606,0.227312,0.232741,0.264063,0.277606,0.259102,0.240597,0.268311,0.253494,0.240934,0.200164
33,17,0.288275,0.288275,0.288275,0.291437,0.294600,0.278493,0.321504,0.261575,0.376159,0.412266,0.448373,0.521786,0.493020,0.573209,0.739734,0.588841,0.601259,0.576174,0.606993,0.224185,0.190026,0.221281,0.252537,0.229038,0.295511,0.411896,0.528281,0.561788,0.654611,0.664587,0.669352,0.674116,0.626513,0.578910,0.579537,0.315523,0.227312,0.232741,0.245473,0.277606,0.275042,0.272478,0.224140,0.268217,0.202695,0.236594
33,18,0.288275,0.288275,0.288275,0.291437,0.294600,0.278493,0.321504,0.261575,0.376159,0.412266,0.448373,0.521786,0.493020,0.573209,0.739734,0.588841,0.601259,0.576174,0.606993,0.224185,0.190026,0.221281,0.252537,0.229038,0.295511,0.411896,0.528281,0.561788,0.654611,0.664587,0.669352,0.674116,0.626513,0.578910,0.579537,0.315523,0.227312,0.232741,0.245473,0.277606,0.275042,0.272478,0.224140,0.268217,0.202695,0.236594
33,19,0.213519,0.213519,0.213519,0.214910,0.216302,0.199458,0.238724,0.261575,0.275270,0.295275,0.315280,0.446778,0.498017,0.573209,0.599378,0.530912,0.445396,0.512289,0.553431,0.225742,0.178011,0.213676,0.249340,0.218360,0.295511,0.410670,0.525829,0.561788,0.620280,0.686466,0.686067,0.685667,0.611403,0.537138,0.566685,0.278002,0.239397,0.333837,0.215934,0.228932,0.196202,0.163471,0.156117,0.158662,0.202695,0.136794
33,20,0.155484,0.155484,0.155484,0.154329,0.153174,0.146633,0.187269,0.261575,0.173762,0.235359,0.296955,0.446778,0.351952,0.575134,0.599378,0.530912,0.482811,0.379416,0.518195,0.209312,0.191768,0.188370,0.184972,0.218360,0.258893,0.316102,0.373310,0.561788,0.567285,0.715714,0.667767,0.619820,0.608535,0.597250,0.566685,0.278002,0.303509,0.308040,0.255132,0.208102,0.175519,0.142936,0.104776,0.158662,0.132939,0.087133
33,21,0.134050,0.134050,0.134050,0.148163,0.162277,0.146633,0.174097,0.222977,0.173762,0.222826,0.271890,0.481904,0.473291,0.575134,0.645811,0.587077,0.520081,0.445061,0.560799,0.197409,0.144869,0.164920,0.184972,0.204282,0.223592,0.298451,0.373310,0.503943,0.567285,0.715714,0.506170,0.658510,0.641315,0.624121,0.553630,0.367342,0.404028,0.308040,0.255132,0.242197,0.178415,0.114633,0.140912,0.139392,0.137873,0.094161
33,22,0.167427,0.167427,0.167427,0.164852,0.162277,0.167968,0.198767,0.222977,0.240546,0.305752,0.370959,0.481904,0.473291,0.618194,0.645811,0.649965,0.653674,0.578209,0.560799,0.279458,0.180824,0.182244,0.183665,0.208934,0.234204,0.369909,0.505614,0.503943,0.626012,0.715714,0.668905,0.658510,0.660499,0.662488,0.553630,0.457815,0.422859,0.308040,0.291448,0.242197,0.211331,0.180465,0.140912,0.147054,0.137873,0.135610
33,23,0.139166,0.139166,0.139166,0.140050,0.140935,0.138716,0.164426,0.193296,0.221092,0.263024,0.304957,0.441593,0.492058,0.618194,0.666004,0.637896,0.616515,0.541355,0.434571,0.239921,0.174860,0.179262,0.183665,0.219575,0.255485,0.378643,0.501801,0.557250,0.626012,0.739296,0.754751,0.738938,0.700713,0.662488,0.605213,0.457815,0.422859,0.273950,0.297924,0.248287,0.198650,0.149013,0.156122,0.155575,0.147262,0.138874
33,24,0.139166,0.139166,0.139166,0.106200,0.073233,0.117312,0.164426,0.189499,0.185104,0.245030,0.304957,0.441593,0.439529,0.618194,0.666004,0.654667,0.601001,0.597986,0.459927,0.291371,0.181906,0.187383,0.192859,0.224172,0.255485,0.392502,0.529518,0.557250,0.666726,0.739296,0.812746,0.780405,0.627257,0.474108,0.663101,0.457255,0.464216,0.346072,0.286935,0.245630,0.204326,0.163022,0.152949,0.171585,0.158016,0.153294
33,39,0.222106,0.226595,0.231083,0.199074,0.167065,0.208577,0.368770,0.303208,0.215526,0.268482,0.321438,0.432848,0.344926,0.559724,0.631167,0.600232,0.460293,0.445541,0.419135,0.262355,0.194956,0.202647,0.210338,0.223780,0.237222,0.329798,0.422374,0.489497,0.556620,0.644756,0.606536,0.493130,0.508373,0.523616,0.538860,0.229874,0.153337,0.192822,0.232306,0.202667,0.173028,0.143388,0.246123,0.238831,0.231538,0.255018
33,40,0.375420,0.384397,0.393374,0.310085,0.378539,0.353250,0.368770,0.303208,0.439880,0.380659,0.321438,0.560487,0.594132,0.610259,0.731980,0.633081,0.626782,0.445541,0.419135,0.237813,0.212649,0.217391,0.222134,0.241867,0.261600,0.426142,0.590683,0.614231,0.637779,0.644756,0.606536,0.473653,0.495389,0.517124,0.538860,0.191259,0.153337,0.173460,0.142536,0.234705,0.248072,0.261438,0.245698,0.281425,0.231538,0.255018
33,41,0.403999,0.371206,0.400911,0.310085,0.408116,0.346879,0.460998,0.415844,0.437688,0.502888,0.568087,0.560487,0.592247,0.610259,0.731980,0.654993,0.635377,0.477551,0.432064,0.227289,0.212649,0.208159,0.203669,0.232634,0.261600,0.449119,0.636638,0.635081,0.670523,0.631982,0.664414,0.479439,0.468470,0.457500,0.446531,0.244282,0.138344,0.159677,0.142536,0.217564,0.232718,0.247872,0.293839,0.302480,0.304658,0.311407
33,42,0.416125,0.413453,0.410780,0.241359,0.391269,0.376759,0.460998,0.415844,0.474803,0.562953,0.651103,0.614038,0.728348,0.627888,0.723328,0.666145,0.624272,0.456978,0.432064,0.255563,0.205261,0.204465,0.203669,0.227529,0.251389,0.426573,0.601756,0.635081,0.664384,0.623887,0.664414,0.479439,0.468470,0.457500,0.446531,0.291271,0.136011,0.159677,0.191448,0.223219,0.235546,0.247872,0.292836,0.313785,0.348829,0.282186
33,43,0.416125,0.397807,0.379489,0.377238,0.374987,0.369783,0.409553,0.432215,0.454878,0.499819,0.544761,0.614038,0.728348,0.627888,0.690663,0.660764,0.592965,0.475941,0.432064,0.255563,0.216886,0.134753,0.175824,0.213607,0.251389,0.426573,0.601756,0.633070,0.664384,0.636576,0.640868,0.552643,0.463624,0.374604,0.285584,0.196564,0.136011,0.156615,0.189513,0.222410,0.242527,0.262644,0.285813,0.313785,0.348829,0.311454
33,44,0.379491,0.373517,0.367542,0.380286,0.393029,0.371454,0.426629,0.444530,0.462431,0.486119,0.509808,0.605121,0.711130,0.627888,0.690663,0.661178,0.574419,0.444804,0.402316,0.257112,0.203058,0.103876,0.148468,0.194226,0.239983,0.427702,0.615420,0.636568,0.657715,0.636576,0.627471,0.490723,0.462596,0.434470,0.406343,0.154871,0.121080,0.158600,0.146652,0.222718,0.241161,0.259605,0.285813,0.313433,0.349309,0.311454
33,45,0.351456,0.359499,0.367542,0.380286,0.393029,0.393932,0.426629,0.399750,0.447894,0.467469,0.487043,0.605121,0.711130,0.631146,0.651453,0.639511,0.545059,0.433961,0.402316,0.216534,0.200673,0.119197,0.181391,0.200652,0.219913,0.400700,0.581486,0.604229,0.626971,0.636576,0.572949,0.452713,0.437256,0.421800,0.406343,0.157963,0.121080,0.188774,0.174276,0.222718,0.228467,0.234216,0.274769,0.277354,0.349309,0.292469
33,46,0.351456,0.359499,0.367542,0.380286,0.393029,0.393932,0.426629,0.399750,0.447894,0.467469,0.487043,0.605121,0.711130,0.631146,0.651453,0.639511,0.545059,0.433961,0.402316,0.216534,0.200673,0.119197,0.181391,0.200652,0.219913,0.400700,0.581486,0.604229,0.626971,0.636576,0.572949,0.452713,0.437256,0.421800,0.406343,0.157963,0.121080,0.188774,0.174276,0.222718,0.228467,0.234216,0.274769,0.277354,0.349309,0.292469
33,47,0.351456,0.349642,0.347828,0.363015,0.378202,0.393932,0.347360,0.399750,0.411808,0.415184,0.418559,0.545822,0.711130,0.631146,0.651453,0.645784,0.545059,0.403543,0.402316,0.227674,0.182138,0.106372,0.181391,0.200652,0.219913,0.392591,0.565268,0.596120,0.626971,0.662349,0.657220,0.452713,0.379025,0.305338,0.231650,0.157963,0.191128,0.188774,0.174276,0.217767,0.225539,0.233311,0.263996,0.223816,0.283012,0.297174
33,48,0.291190,0.304731,0.318273,0.302276,0.286278,0.290659,0.347360,0.294038,0.411808,0.408461,0.405113,0.545822,0.557647,0.631146,0.652701,0.645784,0.597654,0.449553,0.395081,0.216728,0.182138,0.171937,0.161736,0.187568,0.213400,0.304021,0.394643,0.519814,0.644985,0.699105,0.657220,0.641601,0.612755,0.583908,0.555061,0.259392,0.397629,0.350218,0.302807,0.232255,0.236768,0.241281,0.245794,0.245792,0.245790,0.221579
33,52,0.192906,0.192908,0.192910,0.199921,0.206932,0.185619,0.173436,0.202673,0.245840,0.269998,0.294156,0.453987,0.457055,0.392154,0.553833,0.630980,0.613052,0.568157,0.434085,0.258853,0.169006,0.159891,0.150776,0.187385,0.223993,0.307417,0.390841,0.482105,0.573370,0.705158,0.686919,0.614331,0.634629,0.654928,0.675226,0.456493,0.432552,0.360875,0.289198,0.215341,0.190235,0.165129,0.128457,0.116707,0.104958,0.115605
34,0,0.196449,0.196449,0.196449,0.193896,0.191343,0.294939,0.306694,0.318449,0.286189,0.475524,0.452482,0.543889,0.622595,0.668726,0.775966,0.717924,0.638731,0.646409,0.640984,0.222912,0.183233,0.172341,0.161449,0.188709,0.234447,0.370610,0.506773,0.646812,0.669993,0.711638,0.705517,0.667026,0.682676,0.698326,0.520599,0.384826,0.343354,0.231557,0.300858,0.257867,0.248931,0.239994,0.231058,0.186825,0.211712,0.236600
34,1,0.233988,0.233988,0.233988,0.213571,0.193155,0.294939,0.306694,0.318449,0.283537,0.475524,0.439262,0.558989,0.604048,0.643377,0.773834,0.693496,0.618476,0.643577,0.640984,0.212886,0.180844,0.185608,0.190373,0.188709,0.235057,0.361830,0.488603,0.646812,0.655946,0.711638,0.705517,0.667026,0.587985,0.508944,0.429903,0.287670,0.343354,0.285231,0.228766,0.246530,0.254969,0.263408,0.158214,0.406053,0.343503,0.328191
34,2,0.233988,0.233988,0.233988,0.213571,0.193155,0.294939,0.306694,0.318449,0.283537,0.475524,0.439262,0.558989,0.604048,0.643377,0.773834,0.693496,0.618476,0.643577,0.640984,0.212886,0.180844,0.185608,0.190373,0.188709,0.235057,0.361830,0.488603,0.646812,0.655946,0.711638,0.705517,0.667026,0.587985,0.508944,0.429903,0.287670,0.343354,0.285231,0.228766,0.246530,0.254969,0.263408,0.158214,0.406053,0.343503,0.328191
34,3,0.385211,0.385211,0.385211,0.389670,0.394129,0.338626,0.405368,0.392948,0.326794,0.383028,0.439262,0.550301,0.578387,0.643377,0.773834,0.693496,0.618476,0.643386,0.680235,0.206131,0.171585,0.171630,0.171675,0.191834,0.237638,0.415566,0.593493,0.658244,0.655946,0.652406,0.648865,0.645325,0.661170,0.677014,0.401184,0.205874,0.265618,0.186834,0.228766,0.259985,0.261697,0.263408,0.390966,0.439944,0.407401,0.395998
34,4,0.399845,0.392132,0.384420,0.382369,0.380319,0.375000,0.404950,0.343370,0.466524,0.455954,0.445384,0.550301,0.557576,0.642381,0.781796,0.658224,0.576368,0.643386,0.687095,0.206131,0.171585,0.171630,0.171675,0.191834,0.237638,0.408901,0.580164,0.624436,0.628629,0.669652,0.657488,0.645325,0.661170,0.677014,0.401184,0.224509,0.135316,0.207316,0.248857,0.296524,0.291683,0.286842,0.390966,0.321367,0.326030,0.345322
34,5,0.399845,0.408906,0.417966,0.411099,0.404232,0.399619,0.404950,0.380581,0.472287,0.504319,0.536351,0.630866,0.638536,0.637953,0.781796,0.658224,0.531452,0.666898,0.687095,0.210496,0.187010,0.175391,0.163772,0.180495,0.226274,0.340418,0.454562,0.616297,0.695076,0.677321,0.661323,0.645325,0.705166,0.765007,0.497105,0.366656,0.237310,0.248017,0.248857,0.307821,0.317120,0.326419,0.278926,0.321367,0.326030,0.345322
34,6,0.439266,0.428616,0.417966,0.427174,0.436382,0.441013,0.397922,0.437871,0.502062,0.524944,0.547826,0.653009,0.669361,0.697422,0.805212,0.738453,0.657338,0.666898,0.704836,0.244020,0.195809,0.190704,0.185600,0.180495,0.226274,0.404603,0.582931,0.613355,0.695076,0.688139,0.681201,0.674264,0.622347,0.570429,0.518512,0.250061,0.184642,0.199502,0.231507,0.307821,0.317120,0.326419,0.321273,0.392477,0.381928,0.278673
34,7,0.400846,0.420344,0.439842,0.438112,0.436382,0.441013,0.447488,0.399268,0.474410,0.513530,0.552650,0.653009,0.669361,0.697422,0.805212,0.738453,0.668388,0.557671,0.704836,0.244020,0.182748,0.185179,0.187611,0.186336,0.248211,0.432325,0.616438,0.668456,0.709704,0.677321,0.669060,0.672387,0.621095,0.569804,0.518512,0.311486,0.164207,0.199502,0.217475,0.338192,0.378642,0.419092,0.416757,0.423303,0.381928,0.419254
34,8,0.400846,0.393929,0.387011,0.386074,0.385136,0.397413,0.385201,0.399268,0.474410,0.470365,0.466319,0.628730,0.631541,0.509923,0.716488,0.682107,0.631737,0.516321,0.632242,0.217177,0.178434,0.188263,0.198093,0.186336,0.260896,0.438667,0.616438,0.668456,0.709704,0.658720,0.607735,0.619786,0.581437,0.543088,0.504739,0.365158,0.238201,0.227838,0.217475,0.268763,0.292477,0.316191,0.279247,0.423303,0.355824,0.288346
34,9,0.220384,0.238663,0.256942,0.249616,0.242291,0.249790,0.267911,0.314407,0.359356,0.412838,0.466319,0.505680,0.575909,0.509923,0.716488,0.682107,0.621810,0.523135,0.632242,0.216049,0.191162,0.194627,0.198093,0.168795,0.260896,0.383601,0.506306,0.644846,0.653197,0.630466,0.607735,0.665514,0.639440,0.613366,0.587292,0.444839,0.357875,0.287108,0.294550,0.244082,0.227203,0.210323,0.201994,0.240330,0.216273,0.192215
34,10,0.220384,0.193509,0.166634,0.159819,0.153004,0.143196,0.187996,0.243978,0.257037,0.318660,0.380282,0.505680,0.511537,0.509923,0.711080,0.677529,0.632880,0.547861,0.653733,0.233819,0.183539,0.181677,0.179814,0.168795,0.260071,0.376309,0.492546,0.626384,0.673450,0.718320,0.720973,0.723627,0.678182,0.632737,0.587292,0.444839,0.357875,0.371654,0.294550,0.244082,0.214864,0.185646,0.105318,0.141329,0.118562,0.095795
34,11,0.220384,0.193509,0.166634,0.159819,0.153004,0.143196,0.187996,0.243978,0.257037,0.318660,0.380282,0.505680,0.511537,0.509923,0.711080,0.677529,0.632880,0.547861,0.653733,0.233819,0.183539,0.181677,0.179814,0.168795,0.260071,0.376309,0.492546,0.626384,0.673450,0.718320,0.720973,0.723627,0.678182,0.632737,0.587292,0.444839,0.357875,0.371654,0.294550,0.244082,0.214864,0.185646,0.105318,0.141329,0.118562,0.095795
34,12,0.139170,0.139170,0.139170,0.126875,0.114580,0.124270,0.158415,0.196714,0.204458,0.264327,0.324196,0.467988,0.474273,0.491034,0.711080,0.633633,0.561590,0.567132,0.653733,0.243046,0.182074,0.183130,0.184186,0.153723,0.252355,0.372451,0.492546,0.612657,0.673450,0.690176,0.706901,0.723627,0.694020,0.664413,0.634806,0.489152,0.434197,0.408315,0.391743,0.278810,0.237566,0.196322,0.091477,0.117096,0.094820,0.095795
34,13,0.144420,0.144420,0.144420,0.134154,0.123888,0.124270,0.166689,0.196714,0.201043,0.256987,0.312931,0.467988,0.492000,0.491034,0.679264,0.643649,0.563781,0.567132,0.651381,0.232861,0.182074,0.183718,0.185362,0.153723,0.223870,0.326858,0.429846,0.567641,0.627071,0.738226,0.747260,0.756294,0.749716,0.743138,0.634806,0.486103,0.442604,0.408315,0.353967,0.298063,0.258950,0.219837,0.091477,0.149944,0.174549,0.080524
34,14,0.191074,0.191074,0.191074,0.157481,0.123888,0.145288,0.166689,0.306335,0.241935,0.298287,0.354638,0.517446,0.492000,0.654936,0.679264,0.655463,0.568520,0.554128,0.651381,0.226260,0.190262,0.187812,0.185362,0.164055,0.241075,0.353423,0.465771,0.633060,0.663886,0.672431,0.691896,0.711361,0.704097,0.696833,0.627135,0.447477,0.330812,0.372064,0.353967,0.285973,0.254382,0.222792,0.112907,0.175321,0.194998,0.189105
34,15,0.191074,0.191074,0.191074,0.200188,0.209301,0.275336,0.231967,0.317091,0.292971,0.352342,0.411713,0.517446,0.512685,0.654936,0.712350,0.655463,0.568520,0.525613,0.618867,0.198991,0.189941,0.179990,0.170040,0.174775,0.245547,0.385207,0.524867,0.654887,0.663886,0.676855,0.689824,0.702792,0.695976,0.689159,0.642773,0.427061,0.345190,0.282662,0.328959,0.270987,0.248475,0.225963,0.188919,0.175321,0.194998,0.185198
34,16,0.242328,0.242328,0.242328,0.273070,0.303811,0.275336,0.305423,0.317091,0.370288,0.391001,0.411713,0.598709,0.570070,0.673341,0.699990,0.676049,0.598593,0.537326,0.606993,0.198991,0.193257,0.181648,0.170040,0.175810,0.245547,0.412829,0.580112,0.654887,0.705185,0.715013,0.724840,0.734668,0.711913,0.689159,0.642773,0.387879,0.303991,0.275437,0.297487,0.270987,0.248475,0.225963,0.246449,0.227303,0.245931,0.185198
34,17,0.283348,0.283348,0.283348,0.269043,0.254737,0.278493,0.321504,0.281528,0.370288,0.423184,0.476080,0.598709,0.586402,0.673341,0.699990,0.673965,0.677842,0.544601,0.606993,0.222592,0.222886,0.214944,0.207002,0.179380,0.274470,0.429519,0.584568,0.597719,0.705185,0.715013,0.724840,0.734668,0.702621,0.670573,0.579537,0.446950,0.303991,0.275437,0.297487,0.251470,0.251413,0.251357,0.224140,0.231199,0.190183,0.229653
34,18,0.176709,0.176709,0.176709,0.161514,0.146320,0.155054,0.207520,0.281528,0.374139,0.425545,0.476951,0.446778,0.404726,0.673341,0.677888,0.673965,0.680828,0.445476,0.518195,0.266871,0.200920,0.200094,0.199267,0.218360,0.261484,0.373801,0.486119,0.597719,0.620280,0.643643,0.667006,0.690369,0.613754,0.537138,0.579537,0.445526,0.375723,0.301145,0.246957,0.235636,0.227652,0.219669,0.130632,0.159518,0.190183,0.136794
34,19,0.164069,0.164069,0.164069,0.156920,0.149771,0.168106,0.205472,0.281528,0.234841,0.284422,0.334003,0.446778,0.525108,0.575134,0.677888,0.660393,0.685317,0.550452,0.518195,0.275970,0.200920,0.200094,0.199267,0.229080,0.258893,0.403997,0.549100,0.597719,0.673759,0.730508,0.725250,0.719992,0.684328,0.648665,0.618735,0.445526,0.427760,0.266349,0.332391,0.248876,0.194750,0.140624,0.143243,0.159518,0.133445,0.119329
34,20,0.180682,0.180682,0.180682,0.182738,0.184795,0.201244,0.217692,0.222977,0.268694,0.340562,0.412431,0.496365,0.558012,0.575134,0.749594,0.663458,0.571882,0.598769,0.606735,0.238973,0.179401,0.181463,0.183525,0.215115,0.246704,0.397902,0.549100,0.503943,0.673759,0.730508,0.740438,0.750367,0.742959,0.735551,0.553630,0.417772,0.404028,0.394015,0.332391,0.242197,0.210474,0.178750,0.172680,0.166610,0.160540,0.141865
34,21,0.180682,0.180682,0.180682,0.182738,0.184795,0.201244,0.217692,0.222977,0.268694,0.340562,0.412431,0.496365,0.558012,0.575134,0.749594,0.663458,0.571882,0.598769,0.606735,0.238973,0.179401,0.181463,0.183525,0.215115,0.246704,0.397902,0.549100,0.503943,0.673759,0.730508,0.740438,0.750367,0.742959,0.735551,0.553630,0.417772,0.404028,0.394015,0.332391,0.242197,0.210474,0.178750,0.172680,0.166610,0.160540,0.141865
34,22,0.158630,0.158630,0.158630,0.171713,0.184795,0.184639,0.184482,0.193377,0.260806,0.300767,0.340727,0.496365,0.558012,0.600626,0.749594,0.635980,0.649087,0.602822,0.606735,0.250824,0.172654,0.178159,0.183665,0.210787,0.237909,0.382687,0.527466,0.484759,0.677375,0.730508,0.722306,0.731501,0.733526,0.735551,0.553630,0.448234,0.449084,0.335445,0.356843,0.305869,0.254895,0.203922,0.189461,0.175001,0.160540,0.145208
34,23,0.118021,0.118021,0.118021,0.111375,0.104729,0.136353,0.184482,0.193377,0.181879,0.220046,0.258212,0.415586,0.470166,0.600626,0.678309,0.666745,0.609095,0.534594,0.610013,0.273862,0.174077,0.183468,0.192859,0.208206,0.223553,0.309413,0.395272,0.484759,0.677375,0.763230,0.811664,0.731501,0.717551,0.703600,0.618337,0.448234,0.449084,0.335445,0.336704,0.300643,0.264582,0.228521,0.192461,0.156400,0.120339,0.102455
34,24,0.132463,0.132463,0.132463,0.118596,0.104729,0.136353,0.155114,0.193377,0.178391,0.218302,0.258212,0.415586,0.442533,0.600626,0.678309,0.624172,0.609095,0.570540,0.610013,0.263925,0.188982,0.190920,0.192859,0.213947,0.235034,0.315557,0.396080,0.484759,0.666726,0.763230,0.780496,0.731903,0.590857,0.449811,0.679173,0.462816,0.442918,0.346072,0.327431,0.297967,0.268504,0.239041,0.209578,0.180115,0.150651,0.104710
34,25,0.175039,0.175039,0.175039,0.161746,0.148454,0.165711,0.181059,0.196406,0.230438,0.308822,0.387207,0.508730,0.482346,0.575309,0.759967,0.624172,0.566887,0.566407,0.564800,0.279662,0.190918,0.194342,0.197767,0.218040,0.238313,0.389250,0.540187,0.461574,0.681272,0.769745,0.695532,0.718526,0.539036,0.359546,0.679173,0.432494,0.442918,0.287299,0.323455,0.282939,0.242424,0.201908,0.161392,0.156022,0.150651,0.104710
34,37,0.268301,0.222954,0.177606,0.159084,0.140562,0.166097,0.248377,0.209772,0.337419,0.322708,0.307997,0.475738,0.390939,0.568534,0.678834,0.588506,0.490601,0.433733,0.435751,0.244001,0.184926,0.198540,0.212153,0.237585,0.263017,0.377283,0.491549,0.491632,0.546309,0.613700,0.559546,0.505392,0.510342,0.515292,0.520243,0.283646,0.242062,0.220652,0.199242,0.209264,0.219287,0.229309,0.203796,0.212397,0.241307,0.241307
34,38,0.375420,0.364456,0.332542,0.314287,0.296031,0.310505,0.248377,0.371909,0.337419,0.418964,0.500508,0.560487,0.682562,0.568534,0.678834,0.638627,0.524391,0.509397,0.435751,0.262355,0.204526,0.208340,0.212153,0.233110,0.254066,0.405555,0.557045,0.583270,0.609496,0.613700,0.576402,0.539104,0.501806,0.464508,0.427210,0.201443,0.137873,0.162664,0.187456,0.234705,0.247067,0.259429,0.314954,0.253231,0.241307,0.343468
34,39,0.375420,0.364456,0.332542,0.314287,0.296031,0.310505,0.248377,0.371909,0.337419,0.418964,0.500508,0.560487,0.682562,0.568534,0.678834,0.638627,0.524391,0.509397,0.435751,0.262355,0.204526,0.208340,0.212153,0.233110,0.254066,0.405555,0.557045,0.583270,0.609496,0.613700,0.576402,0.539104,0.501806,0.464508,0.427210,0.201443,0.137873,0.162664,0.187456,0.234705,0.247067,0.259429,0.314954,0.253231,0.241307,0.343468
34,40,0.411931,0.364456,0.393374,0.403154,0.412935,0.378866,0.438147,0.371909,0.484531,0.492520,0.500508,0.560487,0.682562,0.610259,0.731980,0.686251,0.648351,0.509397,0.435751,0.283164,0.232353,0.231714,0.231075,0.246337,0.261600,0.413245,0.564891,0.587409,0.609496,0.631982,0.595655,0.559328,0.519596,0.479864,0.440131,0.185572,0.137873,0.173460,0.173291,0.234705,0.243458,0.252210,0.287669,0.318062,0.322746,0.343468
34,41,0.350085,0.324033,0.343203,0.353578,0.363954,0.346879,0.403380,0.415844,0.427211,0.522031,0.616851,0.560487,0.511091,0.610259,0.723328,0.654993,0.595565,0.467187,0.432064,0.259065,0.232353,0.223370,0.214388,0.237994,0.261600,0.410699,0.559798,0.635081,0.629875,0.631982,0.549225,0.466469,0.457690,0.448911,0.440131,0.197355,0.173534,0.195705,0.173291,0.211785,0.198081,0.184377,0.187874,0.227608,0.276788,0.285759
34,42,0.324654,0.340048,0.355442,0.382490,0.409538,0.360140,0.403380,0.415844,0.456538,0.536694,0.616851,0.561510,0.711273,0.637925,0.723328,0.655665,0.624272,0.462729,0.432064,0.261058,0.211967,0.213177,0.214388,0.229653,0.244917,0.396777,0.548636,0.595247,0.641858,0.631982,0.494541,0.357100,0.387263,0.417426,0.447589,0.235082,0.199993,0.190524,0.201074,0.180175,0.182276,0.184377,0.212000,0.227608,0.276788,0.258681
34,43,0.324654,0.318516,0.312379,0.333317,0.354254,0.320625,0.409553,0.401890,0.408329,0.401825,0.395321,0.561510,0.711273,0.637925,0.710401,0.655665,0.607871,0.455731,0.432064,0.261058,0.196376,0.186100,0.175824,0.210371,0.244917,0.396777,0.548636,0.681238,0.649050,0.638980,0.640868,0.278629,0.326450,0.374272,0.422093,0.206394,0.199993,0.190524,0.201074,0.214886,0.208008,0.201130,0.212000,0.228310,0.273105,0.311454
34,44,0.342169,0.346231,0.350294,0.347530,0.344767,0.323201,0.394561,0.401890,0.421315,0.465562,0.509808,0.576561,0.507797,0.637925,0.710401,0.655763,0.509904,0.469084,0.423472,0.254375,0.196505,0.159128,0.121751,0.176413,0.231075,0.383868,0.536661,0.681238,0.607952,0.638980,0.576787,0.514593,0.483760,0.452927,0.422093,0.151695,0.124089,0.158600,0.146652,0.214886,0.235970,0.257054,0.268819,0.303601,0.357820,0.292469
34,45,0.374809,0.362551,0.350294,0.347530,0.344767,0.362963,0.394561,0.397364,0.402285,0.439649,0.477013,0.576561,0.722028,0.651190,0.655553,0.650168,0.523849,0.420174,0.423472,0.220624,0.181510,0.097994,0.169692,0.194803,0.219913,0.377460,0.535006,0.681238,0.612894,0.638980,0.614470,0.549580,0.511113,0.472647,0.434180,0.173153,0.124089,0.158600,0.157601,0.221911,0.250032,0.278154,0.281302,0.349956,0.357820,0.292469
34,46,0.374809,0.367401,0.359994,0.355581,0.351167,0.362963,0.332634,0.397364,0.385920,0.422170,0.458420,0.545822,0.722028,0.651190,0.655553,0.665704,0.523849,0.453286,0.423472,0.227674,0.178919,0.114349,0.173047,0.196480,0.219913,0.392591,0.565268,0.645573,0.627430,0.662349,0.636118,0.549580,0.540291,0.531002,0.521713,0.173153,0.191128,0.174365,0.157601,0.246982,0.242802,0.238623,0.326238,0.278522,0.370081,0.298880
34,47,0.281829,0.256102,0.230375,0.232448,0.234522,0.247110,0.332634,0.294038,0.385920,0.422170,0.458420,0.545822,0.511288,0.569934,0.610440,0.638298,0.566908,0.445452,0.447491,0.232566,0.178919,0.171932,0.164946,0.190153,0.215361,0.337333,0.459305,0.645573,0.611147,0.662349,0.636118,0.741098,0.667970,0.594842,0.521713,0.313175,0.362443,0.318070,0.273697,0.245631,0.233308,0.220985,0.245794,0.245792,0.245790,0.232569
34,48,0.281829,0.256102,0.230375,0.232448,0.234522,0.247110,0.332634,0.294038,0.385920,0.422170,0.458420,0.545822,0.511288,0.569934,0.610440,0.638298,0.566908,0.445452,0.447491,0.232566,0.178919,0.171932,0.164946,0.190153,0.215361,0.337333,0.459305,0.645573,0.611147,0.662349,0.636118,0.741098,0.667970,0.594842,0.521713,0.313175,0.362443,0.318070,0.273697,0.245631,0.233308,0.220985,0.245794,0.245792,0.245790,0.232569
34,49,0.248693,0.239534,0.230375,0.237675,0.244976,0.269508,0.290244,0.294038,0.313101,0.314836,0.316572,0.449476,0.472839,0.569934,0.610440,0.621079,0.570706,0.445452,0.395081,0.233706,0.171455,0.168201,0.164946,0.190153,0.215361,0.310022,0.404683,0.507915,0.611147,0.676950,0.682974,0.620241,0.598514,0.576788,0.555061,0.261399,0.362443,0.291828,0.273697,0.243176,0.221678,0.200179,0.208613,0.217047,0.225481,0.206216
35,0,0.207202,0.207202,0.207202,0.234193,0.261184,0.221755,0.263730,0.287755,0.330889,0.465795,0.442372,0.514775,0.563108,0.511565,0.729216,0.700488,0.626173,0.618111,0.640984,0.228231,0.178012,0.176509,0.175006,0.200725,0.241442,0.370056,0.498670,0.616046,0.651420,0.602582,0.690289,0.693584,0.678784,0.663985,0.561989,0.356667,0.327210,0.231829,0.294916,0.284354,0.248757,0.213161,0.284711,0.231843,0.234221,0.236600
35,1,0.176292,0.176292,0.176292,0.167839,0.159386,0.222045,0.233785,0.245526,0.247320,0.343291,0.439262,0.514775,0.511351,0.614878,0.729216,0.663953,0.584764,0.618111,0.640984,0.217073,0.182495,0.178327,0.174159,0.200725,0.235057,0.347153,0.459248,0.611483,0.642433,0.602582,0.690289,0.693584,0.649719,0.605854,0.561989,0.412353,0.327210,0.308474,0.289738,0.231684,0.220674,0.209663,0.198653,0.191543,0.174729,0.157915
35,2,0.272433,0.272433,0.272433,0.258068,0.243702,0.232355,0.260145,0.261761,0.326794,0.393758,0.460723,0.530622,0.510879,0.582739,0.654600,0.663953,0.584764,0.618111,0.555481,0.212835,0.182995,0.188135,0.193274,0.191834,0.241587,0.356999,0.472410,0.611483,0.642433,0.681711,0.677480,0.673249,0.614936,0.556623,0.498311,0.341422,0.238677,0.241203,0.289738,0.259985,0.246656,0.233326,0.219997,0.239638,0.219409,0.199180
35,3,0.268731,0.268731,0.268731,0.251229,0.233727,0.232355,0.239229,0.343370,0.326738,0.393730,0.460723,0.516027,0.557576,0.642381,0.654600,0.658224,0.582778,0.608432,0.555481,0.212835,0.182995,0.196132,0.209270,0.191834,0.241587,0.358746,0.475905,0.611686,0.628629,0.681711,0.677480,0.673249,0.614936,0.556623,0.498311,0.379591,0.238677,0.244951,0.298536,0.262462,0.262344,0.262227,0.219997,0.239638,0.205612,0.171585
35,4,0.243304,0.243304,0.243304,0.221962,0.200619,0.245380,0.239229,0.334042,0.317231,0.357595,0.397960,0.516027,0.610226,0.637953,0.678215,0.658224,0.540948,0.608432,0.576358,0.230368,0.194739,0.199256,0.203773,0.190968,0.255492,0.357668,0.459844,0.613355,0.657126,0.794043,0.733646,0.673249,0.628825,0.584402,0.539978,0.414147,0.303358,0.274484,0.289920,0.256263,0.240973,0.225683,0.185380,0.196931,0.184258,0.171585
35,5,0.243304,0.243304,0.243304,0.221962,0.200619,0.245380,0.239229,0.334042,0.317231,0.357595,0.397960,0.516027,0.610226,0.637953,0.678215,0.658224,0.540948,0.608432,0.576358,0.230368,0.194739,0.199256,0.203773,0.190968,0.255492,0.357668,0.459844,0.613355,0.657126,0.794043,0.733646,0.673249,0.628825,0.584402,0.539978,0.414147,0.303358,0.274484,0.289920,0.256263,0.240973,0.225683,0.185380,0.196931,0.184258,0.171585
35,6,0.243304,0.243304,0.243304,0.221962,0.200619,0.274779,0.231233,0.334042,0.354043,0.413918,0.473793,0.558603,0.638140,0.683725,0.729309,0.703448,0.575168,0.608432,0.613144,0.248655,0.188933,0.196353,0.203773,0.190968,0.255492,0.374462,0.493432,0.613355,0.657126,0.794043,0.734153,0.674264,0.622347,0.570429,0.518512,0.331056,0.313780,0.274484,0.289920,0.256263,0.240973,0.225683,0.170131,0.207202,0.207202,0.207202
35,7,0.322052,0.322052,0.322052,0.296777,0.271501,0.274779,0.321954,0.401362,0.354043,0.437679,0.521315,0.561349,0.638140,0.637591,0.729309,0.703448,0.668686,0.538969,0.613144,0.248655,0.187748,0.201678,0.215607,0.206317,0.248211,0.396055,0.543899,0.665577,0.670384,0.778490,0.656996,0.674264,0.622347,0.570429,0.518512,0.321093,0.239981,0.239808,0.251154,0.306695,0.314275,0.321854,0.290981,0.313833,0.313833,0.313833
35,8,0.301576,0.301576,0.301576,0.295364,0.289153,0.297911,0.293959,0.335627,0.405151,0.463233,0.521315,0.561349,0.608573,0.509923,0.716488,0.662727,0.592685,0.523813,0.561049,0.229485,0.187736,0.201671,0.215607,0.206317,0.256532,0.386457,0.516381,0.642421,0.670384,0.657185,0.643986,0.630787,0.580199,0.529611,0.479024,0.310865,0.238335,0.244745,0.251154,0.257811,0.266638,0.275465,0.279247,0.313833,0.301089,0.288346
35,9,0.220384,0.215684,0.210984,0.271053,0.269644,0.249790,0.284225,0.293268,0.293466,0.351038,0.408609,0.556866,0.550900,0.509923,0.686001,0.662727,0.526514,0.527435,0.561049,0.217963,0.185500,0.195717,0.205933,0.168795,0.256532,0.376633,0.496733,0.625724,0.660315,0.700282,0.618428,0.566816,0.563204,0.559591,0.555979,0.310865,0.318175,0.254080,0.289057,0.257811,0.228286,0.198761,0.176319,0.180706,0.173757,0.166808
35,10,0.163621,0.163621,0.163621,0.171189,0.160987,0.152873,0.198425,0.243978,0.238615,0.295071,0.351527,0.460815,0.511537,0.491034,0.711080,0.677529,0.557221,0.566653,0.561615,0.218236,0.185316,0.182565,0.179814,0.168795,0.233526,0.365130,0.496733,0.600337,0.659447,0.700282,0.605298,0.714603,0.661729,0.608854,0.555979,0.392585,0.318175,0.343628,0.391743,0.233731,0.209689,0.185646,0.116598,0.141329,0.094820,0.096239
35,11,0.136332,0.136332,0.136332,0.134223,0.126701,0.152873,0.171911,0.190949,0.209988,0.263281,0.316575,0.460815,0.468569,0.491034,0.711080,0.642693,0.588335,0.564704,0.561615,0.243046,0.175058,0.163682,0.152306,0.136576,0.233526,0.356479,0.479432,0.567641,0.659447,0.677832,0.696218,0.714603,0.683465,0.652327,0.621189,0.481968,0.406716,0.382013,0.391743,0.241969,0.215256,0.188543,0.091944,0.098283,0.094820,0.096239
35,12,0.135126,0.135126,0.135126,0.134223,0.116358,0.125751,0.157470,0.175153,0.192836,0.239943,0.287051,0.427117,0.462022,0.491034,0.668004,0.625461,0.566163,0.564704,0.651381,0.242068,0.175058,0.163682,0.152306,0.136576,0.221271,0.335394,0.449516,0.567641,0.633447,0.721916,0.726125,0.730333,0.727108,0.723882,0.621189,0.482535,0.440703,0.382013,0.401349,0.294516,0.217297,0.140078,0.091944,0.100956,0.090909,0.068917
35,13,0.229133,0.229133,0.229133,0.143218,0.116358,0.136914,0.157470,0.222662,0.247217,0.288107,0.328998,0.449222,0.462022,0.595534,0.668004,0.625461,0.542107,0.526910,0.618867,0.229221,0.187634,0.186504,0.185374,0.187798,0.241891,0.348929,0.455966,0.578576,0.605921,0.718096,0.724214,0.730333,0.711077,0.691821,0.627858,0.447477,0.381468,0.333571,0.401349,0.291009,0.244692,0.198375,0.103346,0.100956,0.241256,0.114538
35,14,0.229133,0.229133,0.229133,0.143218,0.116358,0.136914,0.157470,0.222662,0.247217,0.288107,0.328998,0.449222,0.462022,0.595534,0.668004,0.625461,0.542107,0.526910,0.618867,0.229221,0.187634,0.186504,0.185374,0.187798,0.241891,0.348929,0.455966,0.578576,0.605921,0.718096,0.724214,0.730333,0.711077,0.691821,0.627858,0.447477,0.381468,0.333571,0.401349,0.291009,0.244692,0.198375,0.103346,0.100956,0.241256,0.114538
35,15,0.229133,0.229133,0.229133,0.212350,0.195568,0.216012,0.236456,0.312464,0.388472,0.419774,0.451076,0.449222,0.481200,0.583221,0.664927,0.614223,0.542107,0.463766,0.618867,0.211795,0.194123,0.213383,0.232643,0.187798,0.243938,0.365749,0.487560,0.578210,0.605921,0.681845,0.757768,0.670838,0.681329,0.691821,0.627858,0.353448,0.238719,0.219194,0.266685,0.319921,0.259148,0.198375,0.217391,0.250296,0.241256,0.238710
35,16,0.342563,0.342563,0.342563,0.323187,0.303811,0.309995,0.316179,0.364265,0.388472,0.419774,0.451076,0.598709,0.513649,0.583019,0.664927,0.622398,0.547866,0.458153,0.659797,0.211795,0.197923,0.215283,0.232643,0.175810,0.257448,0.413034,0.568620,0.593075,0.705185,0.693736,0.682287,0.670838,0.623176,0.575514,0.509319,0.329128,0.207898,0.205822,0.233780,0.319921,0.310133,0.300345,0.288860,0.371377,0.355232,0.238710
35,17,0.360020,0.360020,0.360020,0.343046,0.326072,0.330790,0.335509,0.364265,0.413878,0.439656,0.465434,0.598709,0.586402,0.673341,0.724009,0.713278,0.627014,0.575894,0.659797,0.202295,0.203642,0.208980,0.214319,0.179380,0.257448,0.412381,0.567314,0.576910,0.693158,0.671847,0.650537,0.629226,0.597645,0.566065,0.509319,0.287844,0.207898,0.301145,0.233780,0.340026,0.337716,0.335405,0.272504,0.426842,0.355232,0.280686
35,18,0.239505,0.239505,0.239505,0.273929,0.308353,0.365792,0.315784,0.388346,0.322048,0.399500,0.476951,0.573833,0.584747,0.673341,0.724009,0.713278,0.637847,0.598886,0.615727,0.212394,0.203650,0.212088,0.220527,0.179125,0.259141,0.409489,0.559837,0.597719,0.693158,0.588080,0.654036,0.719992,0.701388,0.682785,0.509319,0.254426,0.192893,0.301145,0.337999,0.354762,0.287215,0.219669,0.247737,0.159518,0.408998,0.202321
35,19,0.199698,0.199698,0.199698,0.241108,0.282518,0.276690,0.287447,0.255288,0.322048,0.381321,0.440594,0.573833,0.555320,0.641511,0.701699,0.680064,0.685317,0.575980,0.615727,0.275970,0.203650,0.212088,0.220527,0.190498,0.258894,0.406136,0.553378,0.530429,0.678890,0.696213,0.708103,0.719992,0.730991,0.741989,0.618735,0.254426,0.427760,0.315986,0.344635,0.324890,0.266172,0.207455,0.224462,0.186011,0.147560,0.169139
35,21,0.172353,0.172353,0.172353,0.151385,0.130418,0.171533,0.212648,0.206536,0.253418,0.303462,0.353507,0.508226,0.524388,0.641511,0.643302,0.670853,0.618460,0.582275,0.595447,0.251765,0.190332,0.173317,0.156301,0.186731,0.243014,0.372985,0.502956,0.530429,0.645386,0.696213,0.764838,0.709762,0.709834,0.709907,0.707951,0.487230,0.441908,0.267312,0.325297,0.283836,0.242374,0.200913,0.187608,0.174304,0.160999,0.147694
35,25,0.168539,0.168539,0.168539,0.155431,0.142322,0.150604,0.173224,0.195843,0.240903,0.267520,0.294138,0.438600,0.461373,0.575309,0.649065,0.624172,0.567375,0.498732,0.429087,0.241385,0.170527,0.180821,0.191116,0.225772,0.260428,0.371796,0.483164,0.461574,0.684000,0.732512,0.735410,0.718526,0.539036,0.359546,0.646468,0.430268,0.388715,0.258264,0.261064,0.237953,0.214842,0.191731,0.175766,0.159802,0.143837,0.114342
35,26,0.168539,0.168539,0.168539,0.144525,0.120510,0.140461,0.160002,0.179542,0.205765,0.266636,0.327508,0.438600,0.451432,0.575309,0.649065,0.602883,0.544531,0.498732,0.496057,0.266750,0.182157,0.186697,0.191238,0.226148,0.261057,0.395455,0.529854,0.461574,0.684000,0.732512,0.735410,0.718526,0.694507,0.670488,0.646468,0.456559,0.388715,0.275962,0.236407,0.216222,0.196037,0.175852,0.185112,0.205831,0.181957,0.154959
35,28,0.139484,0.139484,0.139484,0.139484,0.139484,0.137366,0.158454,0.179542,0.183922,0.250210,0.316498,0.426818,0.415942,0.583641,0.658947,0.637416,0.617471,0.508293,0.431442,0.256106,0.185257,0.198010,0.210764,0.232522,0.254279,0.415268,0.576257,0.419534,0.674898,0.712390,0.695611,0.656655,0.625073,0.593491,0.561910,0.356282,0.394177,0.322461,0.266376,0.231526,0.196675,0.161825,0.147805,0.154447,0.136082,0.125867
35,29,0.132084,0.132084,0.132084,0.131695,0.131306,0.140346,0.158218,0.176091,0.217977,0.262575,0.307172,0.405049,0.526874,0.583641,0.631413,0.637416,0.576764,0.556156,0.431442,0.256106,0.190478,0.210104,0.229731,0.242950,0.256170,0.416213,0.576257,0.337214,0.632049,0.712390,0.659945,0.607501,0.592304,0.577107,0.561910,0.378463,0.404503,0.322461,0.309052,0.259270,0.209488,0.159706,0.129699,0.166718,0.129503,0.140736
35,30,0.145079,0.145079,0.145079,0.138193,0.131306,0.151161,0.163626,0.176091,0.202120,0.238612,0.275105,0.405049,0.414193,0.597889,0.631413,0.657504,0.573632,0.440846,0.411793,0.211113,0.192162,0.199106,0.206049,0.232463,0.258877,0.349313,0.439750,0.337214,0.648174,0.758582,0.688753,0.677414,0.666420,0.655426,0.644432,0.404224,0.404503,0.242688,0.313311,0.257520,0.201728,0.145937,0.129699,0.166718,0.162214,0.162309
35,36,0.153987,0.153987,0.153987,0.161666,0.169345,0.157448,0.175571,0.234669,0.200201,0.242167,0.284134,0.430090,0.360037,0.588328,0.613380,0.594952,0.552414,0.410150,0.416509,0.259227,0.215682,0.257413,0.299145,0.290080,0.281015,0.371802,0.462589,0.510559,0.546309,0.657864,0.559086,0.460307,0.458429,0.456550,0.454671,0.292654,0.364868,0.317576,0.214476,0.199418,0.181807,0.164196,0.146585,0.136344,0.160462,0.153330
35,37,0.288215,0.247203,0.206191,0.187768,0.169345,0.201225,0.335942,0.234669,0.200201,0.279974,0.359746,0.475738,0.390939,0.568534,0.678834,0.594952,0.541812,0.483690,0.416509,0.278535,0.207070,0.253108,0.299145,0.290080,0.281015,0.414187,0.547358,0.510559,0.546309,0.613700,0.537004,0.460307,0.458429,0.456550,0.454671,0.198851,0.193009,0.210081,0.188018,0.219406,0.250793,0.282181,0.258538,0.212397,0.305099,0.331815
35,38,0.422858,0.407744,0.392631,0.387857,0.383084,0.375395,0.335942,0.371909,0.431759,0.504354,0.576949,0.648523,0.588214,0.682487,0.678834,0.638627,0.662374,0.514780,0.463656,0.279990,0.206473,0.200016,0.193559,0.223812,0.254066,0.426874,0.599683,0.630301,0.660919,0.613700,0.535337,0.456974,0.456207,0.455439,0.454671,0.296272,0.137873,0.210081,0.188018,0.273345,0.298432,0.323519,0.314954,0.366173,0.305099,0.331815
35,39,0.422858,0.418189,0.413519,0.409653,0.405788,0.354124,0.457219,0.371909,0.484859,0.569870,0.654881,0.648523,0.676793,0.682487,0.784587,0.711864,0.668328,0.514780,0.463656,0.282319,0.208671,0.201292,0.193913,0.223584,0.253255,0.414757,0.576258,0.587409,0.660919,0.652443,0.505137,0.357831,0.382224,0.406616,0.431009,0.284441,0.137873,0.186310,0.186551,0.273345,0.298379,0.323414,0.343478,0.395859,0.440892,0.409923
35,40,0.440582,0.423989,0.407396,0.422597,0.437799,0.348653,0.403380,0.440089,0.427211,0.549433,0.671656,0.648523,0.687073,0.682487,0.784587,0.711864,0.674570,0.519925,0.470678,0.282593,0.208671,0.211529,0.214388,0.233822,0.253255,0.436466,0.619676,0.659007,0.662669,0.652443,0.706775,0.761108,0.651075,0.541042,0.431009,0.197355,0.125187,0.186310,0.170800,0.264428,0.300912,0.337395,0.351398,0.402796,0.455383,0.398856
35,41,0.440582,0.423989,0.407396,0.422597,0.437799,0.348653,0.403380,0.440089,0.427211,0.549433,0.671656,0.648523,0.687073,0.682487,0.784587,0.711864,0.674570,0.519925,0.470678,0.282593,0.208671,0.211529,0.214388,0.233822,0.253255,0.436466,0.619676,0.659007,0.662669,0.652443,0.706775,0.761108,0.651075,0.541042,0.431009,0.197355,0.125187,0.186310,0.170800,0.264428,0.300912,0.337395,0.351398,0.402796,0.455383,0.398856
35,42,0.348414,0.371382,0.394350,0.360732,0.327114,0.339442,0.403380,0.440089,0.467662,0.537371,0.607079,0.622182,0.608557,0.630123,0.794814,0.710258,0.625443,0.534225,0.470678,0.282593,0.202448,0.208418,0.214388,0.222593,0.230798,0.425237,0.619676,0.659007,0.649050,0.652443,0.682913,0.282142,0.337291,0.392440,0.447589,0.256905,0.246840,0.195705,0.228134,0.254533,0.295964,0.337395,0.261237,0.402796,0.455383,0.377076
35,43,0.283089,0.267840,0.252592,0.274820,0.297047,0.237762,0.326752,0.351500,0.309621,0.353914,0.398206,0.622182,0.711273,0.630123,0.794814,0.687828,0.617698,0.455731,0.470678,0.270687,0.196376,0.186190,0.176004,0.203401,0.230798,0.394787,0.558777,0.683005,0.649050,0.638980,0.479883,0.320786,0.363053,0.405321,0.447589,0.347266,0.246840,0.225662,0.228134,0.205633,0.219730,0.233828,0.261237,0.261206,0.257360,0.269785
35,44,0.400781,0.383761,0.366741,0.395172,0.423603,0.353542,0.443642,0.351500,0.454040,0.454688,0.455336,0.576561,0.563524,0.630123,0.713329,0.635808,0.545521,0.458808,0.450714,0.259688,0.193275,0.176814,0.160352,0.195714,0.231075,0.377319,0.523563,0.683005,0.621689,0.638980,0.479883,0.320786,0.317637,0.314489,0.311341,0.173052,0.124089,0.225662,0.205511,0.205633,0.220269,0.234905,0.253346,0.267574,0.362754,0.359506
35,45,0.412132,0.389437,0.366741,0.395172,0.423603,0.353542,0.443642,0.397364,0.474246,0.517861,0.561477,0.576561,0.722028,0.651190,0.687876,0.650168,0.545521,0.459935,0.450714,0.250998,0.192284,0.176318,0.160352,0.190284,0.220215,0.396466,0.572717,0.645573,0.621689,0.638980,0.631855,0.547081,0.462308,0.377535,0.292761,0.173052,0.172910,0.190032,0.162526,0.231919,0.250232,0.268546,0.308480,0.349956,0.362754,0.359506
35,46,0.412132,0.394824,0.377516,0.386252,0.394989,0.352047,0.395651,0.397364,0.453524,0.490184,0.526844,0.615165,0.722028,0.651190,0.605467,0.665704,0.584298,0.505780,0.466820,0.238087,0.186147,0.176466,0.166784,0.193500,0.220215,0.417219,0.614223,0.645573,0.662206,0.688865,0.649119,0.606121,0.501668,0.397215,0.292761,0.160604,0.172910,0.190032,0.162526,0.246982,0.287351,0.327720,0.320858,0.318875,0.375850,0.401297
35,47,0.254552,0.223049,0.191546,0.244576,0.297605,0.247110,0.395651,0.278785,0.253520,0.390182,0.526844,0.615165,0.646366,0.629022,0.610440,0.671132,0.621713,0.484609,0.447491,0.235323,0.186147,0.158403,0.130658,0.165770,0.200882,0.335938,0.470994,0.571104,0.671214,0.688865,0.649119,0.841760,0.776411,0.711061,0.645712,0.242179,0.441701,0.348272,0.266648,0.237329,0.225203,0.213077,0.228517,0.234279,0.240042,0.233699
35,48,0.186322,0.188934,0.191546,0.189033,0.186519,0.192541,0.203919,0.278785,0.248675,0.292645,0.336615,0.488949,0.646366,0.629022,0.701404,0.680544,0.642215,0.484609,0.447491,0.249594,0.166204,0.148431,0.130658,0.165770,0.200882,0.287811,0.374739,0.522977,0.671214,0.750486,0.682974,0.682775,0.670421,0.658066,0.645712,0.505513,0.441701,0.348272,0.296551,0.222886,0.201573,0.180260,0.181051,0.181842,0.182633,0.182646
36,0,0.205844,0.205844,0.205844,0.211039,0.216235,0.226052,0.235980,0.264028,0.292075,0.419980,0.442372,0.534921,0.474637,0.474977,0.600569,0.646337,0.512349,0.616565,0.567254,0.223294,0.188335,0.188966,0.189598,0.200725,0.241442,0.339907,0.438372,0.571989,0.589108,0.687005,0.653678,0.620351,0.585795,0.551239,0.516683,0.298249,0.287799,0.284146,0.270002,0.251708,0.227514,0.203320,0.178902,0.231843,0.232640,0.233438
36,1,0.176292,0.176292,0.176292,0.174475,0.172657,0.188360,0.208503,0.228646,0.248789,0.319010,0.389231,0.474958,0.468218,0.614878,0.600569,0.663953,0.511481,0.616565,0.567254,0.213567,0.181815,0.185385,0.188954,0.200725,0.244134,0.351691,0.459248,0.572738,0.642433,0.721646,0.670999,0.620351,0.685984,0.751618,0.516683,0.405066,0.322795,0.296053,0.269311,0.233369,0.218344,0.203320,0.181790,0.163319,0.154262,0.145204
36,3,0.222096,0.222096,0.222096,0.224848,0.227601,0.259262,0.253916,0.280700,0.307484,0.363803,0.420122,0.510018,0.513457,0.615635,0.619787,0.651169,0.530626,0.610050,0.544586,0.211112,0.193683,0.202522,0.211362,0.207570,0.256557,0.380745,0.504933,0.609705,0.659029,0.806898,0.740073,0.673249,0.683309,0.693370,0.490445,0.347625,0.286943,0.292740,0.298536,0.239496,0.239126,0.238756,0.238387,0.247138,0.228580,0.210022
36,4,0.189799,0.189799,0.189799,0.186853,0.183906,0.209784,0.217283,0.257103,0.264738,0.328294,0.391850,0.497036,0.504817,0.564888,0.624959,0.651169,0.540948,0.502508,0.561986,0.240843,0.194290,0.202826,0.211362,0.206846,0.255506,0.364295,0.473084,0.605584,0.636430,0.681864,0.677556,0.673249,0.739531,0.805813,0.523260,0.414147,0.366199,0.336500,0.306801,0.239496,0.225504,0.211512,0.197519,0.194218,0.202120,0.210022
36,6,0.279307,0.279307,0.279307,0.264592,0.249877,0.238727,0.304400,0.285240,0.320387,0.394489,0.468590,0.543773,0.522804,0.602241,0.729309,0.654615,0.613982,0.499603,0.565351,0.228275,0.196969,0.209325,0.221682,0.206317,0.254564,0.399232,0.543899,0.606751,0.626332,0.720013,0.690577,0.661141,0.613199,0.565256,0.517314,0.333885,0.341894,0.313030,0.284167,0.265049,0.265770,0.266490,0.253938,0.243379,0.243379,0.243379
36,7,0.279307,0.279307,0.279307,0.264592,0.249877,0.238727,0.304400,0.285240,0.320387,0.394489,0.468590,0.543773,0.522804,0.602241,0.729309,0.654615,0.613982,0.499603,0.565351,0.228275,0.196969,0.209325,0.221682,0.206317,0.254564,0.399232,0.543899,0.606751,0.626332,0.720013,0.690577,0.661141,0.613199,0.565256,0.517314,0.333885,0.341894,0.313030,0.284167,0.265049,0.265770,0.266490,0.253938,0.243379,0.243379,0.243379
36,8,0.227365,0.227365,0.227365,0.231285,0.235204,0.244030,0.252855,0.263185,0.306872,0.360625,0.414377,0.516633,0.487337,0.586669,0.686001,0.662727,0.617495,0.523813,0.561049,0.234848,0.191267,0.198600,0.205933,0.206317,0.252851,0.383494,0.514136,0.604596,0.660315,0.741570,0.686178,0.630787,0.608267,0.585746,0.563226,0.419520,0.315536,0.268522,0.284167,0.247897,0.234235,0.220573,0.198866,0.243379,0.220774,0.198170
36,9,0.210984,0.210984,0.210984,0.213223,0.211957,0.227000,0.242044,0.226132,0.283072,0.348725,0.414377,0.516633,0.507973,0.596987,0.686001,0.595629,0.544460,0.509061,0.561049,0.211447,0.176186,0.191060,0.205933,0.190236,0.252851,0.371611,0.490371,0.600337,0.660315,0.737136,0.687046,0.636955,0.628036,0.619117,0.551491,0.419520,0.346376,0.317717,0.289057,0.247897,0.233345,0.218793,0.162245,0.188946,0.165327,0.141709
36,10,0.158779,0.158779,0.158779,0.157418,0.148699,0.174510,0.200321,0.226132,0.238615,0.296416,0.354216,0.460814,0.462890,0.534836,0.606781,0.595629,0.557221,0.477346,0.561615,0.210655,0.209890,0.205396,0.200902,0.190236,0.242847,0.366609,0.490371,0.600337,0.588194,0.737136,0.570186,0.541928,0.580523,0.619117,0.551491,0.414334,0.346376,0.313607,0.349156,0.228354,0.200040,0.171725,0.101891,0.127781,0.134745,0.141709
36,11,0.138969,0.138969,0.138969,0.124373,0.120965,0.145804,0.170644,0.195483,0.196711,0.234137,0.271564,0.371283,0.437977,0.410632,0.606781,0.613087,0.563182,0.499777,0.561615,0.239677,0.185980,0.183887,0.181793,0.186425,0.242847,0.336583,0.430320,0.577842,0.588194,0.607672,0.570186,0.541928,0.566407,0.590887,0.621189,0.406320,0.382028,0.326564,0.349156,0.241969,0.206936,0.171904,0.113230,0.097219,0.086515,0.075811
36,12,0.145589,0.145589,0.145589,0.124373,0.145883,0.162136,0.178388,0.184409,0.190430,0.230805,0.271179,0.371283,0.414589,0.493710,0.572832,0.576736,0.508309,0.499777,0.533614,0.226993,0.185980,0.183887,0.181793,0.186425,0.221271,0.321700,0.422128,0.553131,0.611897,0.721916,0.706043,0.690169,0.639129,0.588089,0.661351,0.482535,0.376171,0.326564,0.339269,0.268887,0.212508,0.156130,0.113230,0.132422,0.107347,0.082271
36,13,0.219758,0.219758,0.219758,0.199815,0.145883,0.162136,0.178388,0.217913,0.257437,0.288598,0.319759,0.408210,0.414589,0.438958,0.572832,0.576736,0.489484,0.436723,0.533614,0.214744,0.185594,0.189713,0.193833,0.187798,0.243115,0.356389,0.469664,0.565115,0.605921,0.685222,0.687162,0.689101,0.647879,0.606657,0.661351,0.427273,0.296409,0.284250,0.339269,0.280537,0.239584,0.198631,0.161517,0.132422,0.142443,0.152465
36,14,0.219758,0.219758,0.219758,0.248402,0.264303,0.258030,0.251758,0.236110,0.220463,0.253491,0.286519,0.448525,0.428618,0.438958,0.551501,0.579206,0.489484,0.450949,0.512919,0.212762,0.205170,0.214200,0.223231,0.187798,0.243115,0.382527,0.521940,0.580195,0.605921,0.700698,0.694900,0.689101,0.647879,0.606657,0.586827,0.376510,0.273373,0.278515,0.309062,0.266781,0.232706,0.198631,0.193368,0.187570,0.170866,0.152465
36,15,0.167283,0.167283,0.167283,0.296574,0.264303,0.214116,0.163929,0.192196,0.220463,0.253491,0.286519,0.448525,0.399971,0.442334,0.551501,0.574026,0.477661,0.458153,0.512919,0.212762,0.197923,0.210577,0.223231,0.200660,0.258522,0.388910,0.519299,0.582261,0.623579,0.628499,0.633419,0.638339,0.621168,0.603997,0.586827,0.358458,0.248514,0.220918,0.233780,0.266781,0.226361,0.185941,0.288860,0.161692,0.180357,0.107022
36,16,0.167283,0.167283,0.167283,0.296574,0.264303,0.214116,0.163929,0.192196,0.220463,0.253491,0.286519,0.448525,0.399971,0.442334,0.551501,0.574026,0.477661,0.458153,0.512919,0.212762,0.197923,0.210577,0.223231,0.200660,0.258522,0.388910,0.519299,0.582261,0.623579,0.628499,0.633419,0.638339,0.621168,0.603997,0.586827,0.358458,0.248514,0.220918,0.233780,0.266781,0.226361,0.185941,0.288860,0.161692,0.180357,0.107022
36,17,0.227657,0.227657,0.227657,0.346365,0.296414,0.317587,0.338760,0.351154,0.430184,0.456446,0.482709,0.523416,0.535459,0.458457,0.632596,0.652874,0.526142,0.494897,0.545096,0.209783,0.196900,0.208983,0.221067,0.200660,0.259996,0.409426,0.558857,0.576910,0.623579,0.694250,0.666294,0.638339,0.602202,0.566065,0.562382,0.333251,0.215467,0.220470,0.233780,0.291362,0.257122,0.222883,0.356805,0.426842,0.180357,0.280686
36,18,0.351426,0.351426,0.351426,0.346365,0.292343,0.254929,0.345671,0.388346,0.432386,0.457548,0.482709,0.517395,0.550943,0.462308,0.632596,0.652874,0.548369,0.522361,0.533826,0.210530,0.197474,0.209000,0.220527,0.217873,0.259996,0.404143,0.548290,0.582234,0.663528,0.370201,0.497383,0.624564,0.576493,0.528421,0.490774,0.351428,0.203797,0.220470,0.245516,0.283731,0.335480,0.387229,0.370941,0.442039,0.408998,0.332342
36,19,0.333712,0.333712,0.333712,0.304412,0.281717,0.318069,0.327635,0.335163,0.432386,0.446943,0.461500,0.517395,0.486272,0.586097,0.701699,0.606117,0.606552,0.490652,0.533826,0.212403,0.197474,0.224143,0.250813,0.217873,0.268838,0.408564,0.548290,0.529763,0.592230,0.696213,0.660389,0.624564,0.541900,0.459235,0.490774,0.305540,0.203797,0.221565,0.245516,0.324890,0.348173,0.371457,0.329749,0.346519,0.342029,0.374088
36,20,0.296737,0.296737,0.296737,0.269295,0.241852,0.275175,0.285413,0.331562,0.353166,0.370949,0.388733,0.472764,0.486272,0.554114,0.643302,0.606117,0.579027,0.476617,0.523058,0.232021,0.216125,0.233469,0.250813,0.258715,0.266618,0.396058,0.525498,0.481632,0.592230,0.696213,0.629484,0.562755,0.452514,0.342273,0.536373,0.299446,0.220262,0.265984,0.243721,0.306357,0.309993,0.313630,0.307361,0.346519,0.321048,0.295577
36,21,0.271928,0.271928,0.271928,0.238640,0.205352,0.237603,0.293113,0.308608,0.329942,0.365485,0.401029,0.508226,0.459089,0.540486,0.643302,0.675826,0.557011,0.582275,0.523058,0.241335,0.213437,0.222843,0.232249,0.186731,0.256592,0.386676,0.516761,0.432615,0.645386,0.696213,0.629484,0.562755,0.452514,0.342273,0.536373,0.341044,0.228040,0.227349,0.226659,0.306357,0.306887,0.307417,0.307361,0.298129,0.290802,0.283475
36,22,0.215196,0.215196,0.215196,0.210274,0.205352,0.237603,0.278646,0.319689,0.337356,0.324955,0.312554,0.469484,0.505612,0.616221,0.660806,0.675826,0.570241,0.574513,0.619439,0.254896,0.189181,0.200294,0.211407,0.233999,0.256592,0.414220,0.571849,0.412222,0.664629,0.693429,0.701596,0.709762,0.521793,0.333823,0.467297,0.341044,0.228040,0.227349,0.226659,0.270602,0.283818,0.297033,0.308041,0.252386,0.266488,0.280589
36,23,0.150873,0.150873,0.150873,0.164243,0.177613,0.209223,0.202533,0.195843,0.280635,0.312921,0.345206,0.469484,0.480150,0.616221,0.660806,0.663477,0.570241,0.554451,0.619439,0.248277,0.191913,0.201660,0.211407,0.172106,0.251559,0.351612,0.451666,0.399154,0.664629,0.693429,0.713459,0.733489,0.525718,0.317947,0.638301,0.364969,0.430512,0.274709,0.312787,0.245064,0.256604,0.268145,0.279685,0.193356,0.214237,0.235117
36,24,0.145822,0.145822,0.145822,0.150482,0.155142,0.174217,0.185030,0.195843,0.233459,0.289333,0.345206,0.432676,0.484601,0.602384,0.636776,0.663477,0.557947,0.524794,0.563638,0.193147,0.178590,0.194343,0.210097,0.239059,0.268021,0.392994,0.517966,0.399154,0.675846,0.746516,0.740003,0.733489,0.551864,0.370239,0.638301,0.399390,0.380836,0.258264,0.243282,0.227861,0.212439,0.197017,0.195187,0.193356,0.172147,0.190750
36,25,0.113491,0.113491,0.113491,0.113184,0.112877,0.139838,0.153169,0.166499,0.179830,0.253308,0.326786,0.432676,0.433766,0.602384,0.600926,0.623223,0.566519,0.524794,0.563638,0.259991,0.178590,0.194343,0.210097,0.179807,0.241905,0.368094,0.494283,0.399154,0.675846,0.732512,0.711093,0.689673,0.657321,0.624969,0.592617,0.471991,0.380836,0.296324,0.243282,0.218234,0.193185,0.168137,0.174408,0.150674,0.137455,0.167181
36,26,0.113491,0.113491,0.113491,0.113184,0.112877,0.139838,0.153169,0.166499,0.179830,0.253308,0.326786,0.432676,0.433766,0.602384,0.600926,0.623223,0.566519,0.524794,0.563638,0.259991,0.178590,0.194343,0.210097,0.179807,0.241905,0.368094,0.494283,0.399154,0.675846,0.732512,0.711093,0.689673,0.657321,0.624969,0.592617,0.471991,0.380836,0.296324,0.243282,0.218234,0.193185,0.168137,0.174408,0.150674,0.137455,0.167181
36,32,0.117359,0.117359,0.117359,0.117359,0.117359,0.132939,0.155634,0.178329,0.201025,0.273961,0.346897,0.497279,0.505553,0.615245,0.720059,0.655442,0.596865,0.557171,0.546248,0.284401,0.171085,0.174800,0.178515,0.172104,0.246726,0.369095,0.491465,0.342404,0.660394,0.726706,0.706749,0.689155,0.682398,0.675642,0.668886,0.473371,0.461370,0.340785,0.310305,0.261668,0.213031,0.164395,0.153983,0.179237,0.160098,0.177423
36,36,0.172695,0.173699,0.174704,0.223927,0.273151,0.153047,0.205310,0.301329,0.352280,0.310445,0.268610,0.514483,0.577231,0.588328,0.569944,0.584673,0.489649,0.426927,0.443045,0.284239,0.204823,0.231665,0.258506,0.258391,0.258275,0.417780,0.577285,0.589971,0.602657,0.669432,0.610065,0.550697,0.549182,0.547667,0.546152,0.259145,0.193009,0.196193,0.199377,0.199418,0.189122,0.178827,0.111319,0.265995,0.154074,0.187036
36,37,0.345239,0.330029,0.347464,0.310307,0.273151,0.291485,0.362255,0.417284,0.352280,0.414307,0.476335,0.514483,0.718336,0.588328,0.770178,0.683481,0.612910,0.509141,0.457510,0.292661,0.234467,0.246487,0.258506,0.258391,0.258275,0.402817,0.547358,0.510559,0.602657,0.635129,0.597764,0.560399,0.523034,0.485669,0.448304,0.212233,0.193009,0.194673,0.196337,0.268631,0.275406,0.282181,0.301049,0.265995,0.349207,0.373859
36,38,0.375340,0.368101,0.365314,0.372350,0.379387,0.407778,0.399065,0.417284,0.456957,0.516953,0.576949,0.606434,0.718336,0.588328,0.770178,0.683481,0.679113,0.509141,0.457510,0.268602,0.207626,0.218309,0.228992,0.206973,0.261411,0.427546,0.593681,0.634035,0.674390,0.635129,0.597764,0.560399,0.523034,0.485669,0.448304,0.291639,0.134974,0.205540,0.191143,0.287594,0.319892,0.352190,0.373336,0.406347,0.349207,0.373859
36,39,0.375340,0.368101,0.387350,0.366818,0.346287,0.358733,0.457219,0.417284,0.441309,0.543579,0.645848,0.606434,0.635551,0.658427,0.763296,0.719271,0.655847,0.528303,0.463656,0.283822,0.229134,0.211524,0.193913,0.224631,0.255349,0.404730,0.554110,0.631347,0.674390,0.615416,0.627729,0.640042,0.576130,0.512217,0.448304,0.291639,0.134974,0.205540,0.191143,0.287594,0.301463,0.315332,0.341285,0.358691,0.412902,0.371869
36,40,0.357600,0.372321,0.387041,0.412420,0.437799,0.364100,0.450347,0.419836,0.469737,0.570697,0.671656,0.606434,0.565441,0.658427,0.763296,0.686700,0.674570,0.487162,0.463656,0.278364,0.229134,0.214629,0.200124,0.227737,0.255349,0.412646,0.569943,0.590880,0.611817,0.652443,0.587154,0.521865,0.491580,0.461294,0.431009,0.153459,0.149719,0.200154,0.185049,0.265861,0.283935,0.302008,0.338072,0.349495,0.371712,0.341040
36,41,0.297238,0.337403,0.377569,0.386989,0.396409,0.352831,0.450347,0.419836,0.497183,0.503493,0.509802,0.622182,0.608557,0.630123,0.694708,0.659796,0.609748,0.482448,0.463656,0.278364,0.208960,0.204542,0.200124,0.221954,0.243784,0.406864,0.569943,0.616279,0.643722,0.652443,0.634269,0.521865,0.483277,0.444689,0.406101,0.199080,0.148053,0.200154,0.191481,0.260540,0.281274,0.302008,0.289530,0.349495,0.371712,0.377076
36,42,0.297238,0.288938,0.280638,0.252978,0.225318,0.218223,0.334034,0.397436,0.310168,0.356862,0.403556,0.492335,0.447963,0.630123,0.694708,0.687828,0.478591,0.487762,0.419077,0.249734,0.197552,0.206074,0.214597,0.224722,0.234846,0.392029,0.549212,0.683005,0.643722,0.616535,0.634269,0.586448,0.538627,0.490806,0.442985,0.279288,0.148053,0.213852,0.208614,0.236823,0.260524,0.284225,0.289530,0.277567,0.265604,0.224144
36,43,0.298455,0.314757,0.331059,0.278188,0.225318,0.273622,0.334034,0.351500,0.320261,0.387156,0.454050,0.492335,0.454244,0.630123,0.615457,0.604242,0.477376,0.438140,0.436709,0.237110,0.192526,0.217792,0.243059,0.238952,0.234846,0.367990,0.501134,0.683005,0.565986,0.616535,0.591030,0.565524,0.479012,0.392500,0.305988,0.237304,0.201409,0.208560,0.208614,0.236823,0.242015,0.247207,0.234027,0.267574,0.280216,0.278713
36,44,0.298455,0.314757,0.331059,0.278188,0.225318,0.273622,0.334034,0.351500,0.320261,0.387156,0.454050,0.492335,0.454244,0.630123,0.615457,0.604242,0.477376,0.438140,0.436709,0.237110,0.192526,0.217792,0.243059,0.238952,0.234846,0.367990,0.501134,0.683005,0.565986,0.616535,0.591030,0.565524,0.479012,0.392500,0.305988,0.237304,0.201409,0.208560,0.208614,0.236823,0.242015,0.247207,0.234027,0.267574,0.280216,0.278713
36,45,0.355385,0.343222,0.331059,0.328353,0.325647,0.273622,0.381154,0.380631,0.413009,0.459210,0.505411,0.492335,0.454244,0.605195,0.687876,0.604242,0.477376,0.455530,0.436709,0.273161,0.216694,0.229877,0.243059,0.247207,0.251355,0.408764,0.566174,0.690348,0.565986,0.616535,0.598393,0.616963,0.514689,0.412415,0.310140,0.237304,0.179646,0.196346,0.178969,0.236629,0.252588,0.268546,0.291092,0.314865,0.280216,0.278713
36,46,0.376296,0.361419,0.346541,0.360580,0.374618,0.341108,0.395651,0.380631,0.453524,0.518513,0.583503,0.575361,0.525438,0.605195,0.605467,0.644448,0.538387,0.513647,0.488908,0.272656,0.206210,0.223297,0.240383,0.245869,0.251355,0.421071,0.590787,0.607231,0.623674,0.640730,0.649119,0.623460,0.519020,0.414580,0.310140,0.221071,0.179646,0.170488,0.172998,0.240105,0.260245,0.280384,0.320858,0.314883,0.323958,0.321823
36,47,0.297013,0.321777,0.346541,0.322073,0.297605,0.307546,0.395651,0.307113,0.282541,0.433022,0.583503,0.575361,0.639537,0.658644,0.621692,0.680903,0.645783,0.557076,0.468369,0.260602,0.206210,0.184670,0.163129,0.189171,0.215213,0.374977,0.534741,0.622473,0.710205,0.640730,0.747764,0.834370,0.742666,0.650963,0.559259,0.507346,0.424506,0.203412,0.266648,0.225837,0.228835,0.231833,0.250080,0.314883,0.248958,0.248958
36,52,0.357200,0.300481,0.243762,0.329986,0.416210,0.270640,0.330064,0.336039,0.518735,0.507224,0.495713,0.633743,0.654434,0.642900,0.631367,0.721483,0.662767,0.571890,0.481014,0.289019,0.207951,0.129643,0.193647,0.223080,0.252512,0.370621,0.488730,0.575882,0.663034,0.688179,0.668749,0.640368,0.583950,0.527533,0.471115,0.187371,0.207395,0.202888,0.198381,0.313142,0.294012,0.274881,0.384929,0.247121,0.365166,0.365166
37,0,0.293471,0.293471,0.293471,0.284960,0.276449,0.216089,0.314937,0.314178,0.313420,0.368169,0.422918,0.516213,0.489684,0.474977,0.659926,0.586884,0.513283,0.572272,0.527759,0.210027,0.188919,0.193848,0.198777,0.203706,0.245712,0.364570,0.483427,0.558169,0.635720,0.686462,0.653406,0.620351,0.717732,0.668133,0.491172,0.295990,0.287799,0.261872,0.272743,0.260658,0.248572,0.236486,0.172531,0.203964,0.206809,0.209655
37,1,0.192078,0.192078,0.192078,0.182367,0.172657,0.204696,0.225824,0.246952,0.274576,0.337374,0.400172,0.482066,0.486631,0.574863,0.659926,0.586884,0.513283,0.572272,0.527759,0.206423,0.188449,0.193535,0.198620,0.203706,0.246590,0.346537,0.446484,0.572738,0.594645,0.701780,0.674420,0.620351,0.665075,0.709799,0.491172,0.366800,0.284665,0.261872,0.269311,0.233369,0.234928,0.236486,0.190821,0.179391,0.171937,0.164484
37,3,0.211893,0.211893,0.211893,0.218680,0.225467,0.256852,0.240194,0.283300,0.326406,0.370755,0.415104,0.477665,0.484662,0.589773,0.624959,0.582644,0.523885,0.576981,0.503209,0.220251,0.195925,0.204066,0.212207,0.208303,0.251021,0.359831,0.468642,0.568884,0.589090,0.594980,0.600870,0.608339,0.636082,0.663825,0.465543,0.299526,0.257839,0.268682,0.279525,0.244423,0.237231,0.230039,0.222847,0.234332,0.223951,0.213570
37,4,0.211893,0.211893,0.211893,0.212121,0.212350,0.229774,0.233704,0.272636,0.260676,0.337890,0.415104,0.470186,0.648507,0.561750,0.624959,0.582644,0.523885,0.463500,0.485382,0.224327,0.186779,0.199493,0.212207,0.206846,0.255506,0.349569,0.443633,0.568884,0.581702,0.715219,0.661779,0.608339,0.663450,0.718562,0.523260,0.405012,0.331727,0.249045,0.291069,0.244423,0.225198,0.205973,0.186747,0.199186,0.206378,0.213570
37,6,0.220027,0.220027,0.220027,0.212464,0.204901,0.246964,0.240179,0.274532,0.324051,0.366522,0.408993,0.485195,0.648507,0.602241,0.653341,0.630476,0.544321,0.515368,0.565351,0.212448,0.192118,0.206900,0.221682,0.203456,0.255432,0.375143,0.494854,0.624847,0.626332,0.729690,0.695415,0.661141,0.622057,0.582973,0.543888,0.323406,0.334244,0.317152,0.300060,0.262305,0.240515,0.218725,0.206955,0.243379,0.243379,0.243379
37,8,0.245519,0.245519,0.245519,0.219080,0.192641,0.214322,0.236003,0.257685,0.279366,0.313343,0.347319,0.447816,0.669523,0.648199,0.626876,0.630476,0.525426,0.473266,0.539229,0.210666,0.183445,0.189216,0.194986,0.182310,0.249829,0.367357,0.484885,0.590952,0.630991,0.721184,0.725580,0.680302,0.645314,0.610326,0.511276,0.422130,0.380773,0.250902,0.290787,0.228354,0.214059,0.199765,0.186689,0.188946,0.168722,0.148499
37,9,0.181710,0.181710,0.181710,0.183648,0.185586,0.206002,0.226417,0.246832,0.267247,0.301133,0.335020,0.447816,0.443325,0.487107,0.530890,0.575630,0.417204,0.394635,0.447865,0.213000,0.206264,0.207909,0.209554,0.182310,0.242847,0.363866,0.484885,0.590952,0.597551,0.721176,0.626124,0.541928,0.576127,0.610326,0.572944,0.394695,0.375049,0.274253,0.294118,0.217856,0.192130,0.166405,0.110410,0.133035,0.140767,0.148499
37,10,0.181710,0.181710,0.181710,0.183648,0.185586,0.206002,0.226417,0.246832,0.267247,0.301133,0.335020,0.447816,0.443325,0.487107,0.530890,0.575630,0.417204,0.394635,0.447865,0.213000,0.206264,0.207909,0.209554,0.182310,0.242847,0.363866,0.484885,0.590952,0.597551,0.721176,0.626124,0.541928,0.576127,0.610326,0.572944,0.394695,0.375049,0.274253,0.294118,0.217856,0.192130,0.166405,0.110410,0.133035,0.140767,0.148499
37,11,0.156165,0.156165,0.156165,0.124373,0.180510,0.196053,0.211595,0.227138,0.200651,0.259600,0.318549,0.427156,0.382078,0.410632,0.530890,0.520690,0.439478,0.411587,0.447865,0.248960,0.206264,0.213910,0.221557,0.186425,0.242566,0.341707,0.440847,0.556385,0.597551,0.607672,0.619179,0.630687,0.558186,0.485686,0.505551,0.398033,0.375049,0.274253,0.294118,0.217856,0.190144,0.162433,0.110410,0.108755,0.105371,0.101987
37,12,0.174249,0.174249,0.174249,0.199815,0.224073,0.218744,0.213415,0.208087,0.202758,0.236413,0.270068,0.375795,0.408185,0.412551,0.570278,0.537471,0.440315,0.411587,0.461003,0.202154,0.182017,0.201787,0.221557,0.186425,0.242566,0.337895,0.433224,0.555674,0.605835,0.683472,0.657079,0.630687,0.601317,0.571948,0.600426,0.405134,0.357428,0.252847,0.282713,0.221571,0.198407,0.175244,0.151981,0.171191,0.148315,0.125439
37,13,0.249966,0.249966,0.249966,0.199815,0.238298,0.204439,0.232953,0.261468,0.289982,0.320845,0.351708,0.375795,0.408185,0.432320,0.570278,0.537471,0.440315,0.421054,0.461003,0.205708,0.182017,0.200568,0.219120,0.202394,0.255106,0.361150,0.467194,0.570229,0.629693,0.643020,0.666061,0.689101,0.628984,0.568866,0.611068,0.372719,0.296409,0.229709,0.282713,0.261838,0.250490,0.239142,0.191295,0.171191,0.195930,0.220669
37,14,0.249966,0.249966,0.249966,0.229929,0.129594,0.218095,0.225435,0.232776,0.240116,0.255708,0.271299,0.394856,0.444404,0.432320,0.551501,0.556633,0.479962,0.440834,0.497527,0.214239,0.205525,0.215008,0.224491,0.202394,0.255106,0.388523,0.521940,0.580195,0.629693,0.680185,0.684643,0.689101,0.628984,0.568866,0.611068,0.395110,0.353197,0.249929,0.309062,0.261838,0.250490,0.239142,0.219267,0.234681,0.187690,0.220669
37,15,0.172800,0.172800,0.172800,0.163363,0.129594,0.151170,0.163929,0.218392,0.248846,0.276429,0.304012,0.400765,0.382724,0.409294,0.524509,0.550305,0.482760,0.480653,0.497527,0.214239,0.196658,0.210574,0.224491,0.192597,0.255759,0.393204,0.530649,0.582261,0.659514,0.680185,0.684643,0.689101,0.613716,0.538330,0.602526,0.436576,0.361467,0.272786,0.319702,0.260313,0.229655,0.198997,0.140904,0.149155,0.180357,0.126444
37,16,0.227657,0.227657,0.227657,0.203243,0.204814,0.223944,0.241655,0.218392,0.277385,0.290698,0.304012,0.400765,0.497337,0.458457,0.632596,0.617316,0.503984,0.513150,0.508672,0.209822,0.185430,0.203249,0.221067,0.192597,0.255759,0.379490,0.503220,0.565141,0.659514,0.694250,0.700253,0.706255,0.658297,0.610340,0.562382,0.391393,0.380716,0.281616,0.319702,0.254621,0.231248,0.207875,0.206359,0.223160,0.192430,0.160851
37,17,0.190203,0.190203,0.190203,0.203243,0.157161,0.180555,0.203789,0.229395,0.255002,0.315511,0.376019,0.437982,0.507635,0.462308,0.632596,0.617316,0.548369,0.513656,0.533826,0.210343,0.173852,0.194726,0.215600,0.217873,0.230104,0.361586,0.493068,0.534434,0.670163,0.786931,0.746593,0.706255,0.644673,0.583091,0.536042,0.351428,0.392935,0.281616,0.318067,0.283731,0.245803,0.207875,0.159509,0.188928,0.192430,0.155194
37,18,0.206762,0.206762,0.206762,0.205519,0.218350,0.261939,0.232566,0.233764,0.255002,0.297270,0.339539,0.464210,0.444401,0.503709,0.564101,0.592824,0.500069,0.472695,0.533826,0.210343,0.173852,0.194726,0.215600,0.217873,0.263908,0.378488,0.493068,0.463886,0.592230,0.647236,0.635900,0.624564,0.523212,0.421859,0.536042,0.288451,0.392935,0.253683,0.318067,0.294478,0.251167,0.207855,0.232297,0.188928,0.226441,0.213514
37,19,0.206762,0.206762,0.206762,0.205519,0.218350,0.261939,0.232566,0.233764,0.255002,0.297270,0.339539,0.464210,0.444401,0.503709,0.564101,0.592824,0.500069,0.472695,0.533826,0.210343,0.173852,0.194726,0.215600,0.217873,0.263908,0.378488,0.493068,0.463886,0.592230,0.647236,0.635900,0.624564,0.523212,0.421859,0.536042,0.288451,0.392935,0.253683,0.318067,0.294478,0.251167,0.207855,0.232297,0.188928,0.226441,0.213514
37,20,0.290388,0.279883,0.269378,0.270969,0.272559,0.269254,0.280683,0.293041,0.305399,0.341656,0.377913,0.464210,0.444401,0.425499,0.570908,0.587522,0.492285,0.476446,0.523058,0.226602,0.212581,0.244634,0.276687,0.270298,0.263908,0.364246,0.464583,0.393024,0.592230,0.647236,0.594794,0.542352,0.482105,0.421859,0.442807,0.263015,0.265935,0.228242,0.248527,0.303964,0.281329,0.258694,0.232297,0.258831,0.226441,0.249226
37,21,0.290388,0.290114,0.289840,0.295197,0.300553,0.290112,0.293113,0.308608,0.335318,0.361117,0.386915,0.472764,0.454902,0.425499,0.570908,0.587522,0.537230,0.520368,0.523058,0.237480,0.216417,0.250726,0.285035,0.263543,0.277382,0.379878,0.482373,0.432615,0.593353,0.647236,0.582742,0.518248,0.415027,0.311806,0.442807,0.335424,0.228040,0.227349,0.226659,0.303964,0.299903,0.295843,0.279574,0.318636,0.281930,0.245225
37,22,0.313691,0.264443,0.215196,0.257874,0.300553,0.290112,0.287632,0.319689,0.358292,0.387486,0.416681,0.512027,0.462913,0.560219,0.643734,0.587522,0.537230,0.557635,0.564654,0.249391,0.211547,0.248291,0.285035,0.248142,0.275364,0.423606,0.571849,0.412222,0.593353,0.618105,0.596552,0.574998,0.431129,0.287259,0.467297,0.347669,0.228040,0.274709,0.226659,0.257168,0.287676,0.318185,0.309185,0.359846,0.328005,0.296163
37,23,0.313691,0.246808,0.179926,0.225018,0.270111,0.283304,0.225026,0.308426,0.280635,0.323052,0.365469,0.512027,0.681324,0.590835,0.643734,0.641935,0.547793,0.551350,0.564654,0.241454,0.203878,0.232932,0.261986,0.248142,0.275364,0.415735,0.556107,0.371218,0.646605,0.693429,0.658575,0.623721,0.470834,0.317947,0.519001,0.412364,0.305726,0.274709,0.245002,0.285886,0.263219,0.240552,0.279685,0.359846,0.297482,0.235117
37,24,0.148685,0.148685,0.148685,0.181797,0.214909,0.246165,0.225026,0.264197,0.227167,0.296318,0.365469,0.500611,0.681324,0.590835,0.678295,0.641935,0.586812,0.551350,0.594525,0.259208,0.192531,0.206542,0.220554,0.242564,0.264574,0.381159,0.497744,0.347122,0.658807,0.746516,0.692409,0.638302,0.497127,0.355953,0.637074,0.346288,0.444357,0.298965,0.269134,0.239302,0.209471,0.179640,0.172650,0.290714,0.250797,0.138277
37,30,0.163849,0.163849,0.163849,0.147549,0.131249,0.149890,0.174998,0.200106,0.177323,0.253928,0.330533,0.343091,0.443982,0.468331,0.395432,0.486450,0.418274,0.444456,0.362824,0.266897,0.170971,0.226675,0.282379,0.291643,0.300907,0.401633,0.502359,0.340407,0.550844,0.726706,0.624146,0.521586,0.558755,0.595924,0.633094,0.421068,0.407116,0.308588,0.272002,0.246388,0.233014,0.219641,0.164238,0.186134,0.187683,0.186700
37,31,0.170685,0.170685,0.170685,0.168767,0.166849,0.149890,0.174998,0.200106,0.248883,0.282959,0.317035,0.348907,0.435793,0.468331,0.411202,0.486450,0.459374,0.455045,0.422561,0.274449,0.231370,0.230562,0.229753,0.262698,0.295643,0.399001,0.502359,0.345190,0.550844,0.726706,0.584463,0.614915,0.601463,0.588011,0.574559,0.421068,0.407116,0.308588,0.272002,0.252353,0.211793,0.171234,0.170677,0.225285,0.187683,0.177423
37,32,0.142613,0.142613,0.142613,0.149263,0.155913,0.139557,0.169831,0.200106,0.220251,0.268643,0.317035,0.497279,0.429755,0.445949,0.411202,0.517747,0.629488,0.503133,0.460512,0.274449,0.199430,0.211653,0.223875,0.234355,0.244835,0.353360,0.461886,0.345190,0.660394,0.726706,0.642770,0.614915,0.601463,0.588011,0.574559,0.487349,0.374791,0.308588,0.247563,0.252353,0.216051,0.179750,0.170677,0.193588,0.167016,0.163274
37,33,0.216332,0.184401,0.152470,0.125858,0.099246,0.135287,0.176498,0.217710,0.207114,0.259904,0.312694,0.443370,0.577231,0.445949,0.619096,0.517747,0.545131,0.444686,0.455568,0.297965,0.199430,0.211653,0.223875,0.234355,0.244835,0.358730,0.472625,0.515054,0.557484,0.636119,0.642770,0.689155,0.648192,0.607230,0.566268,0.320900,0.374791,0.321687,0.268584,0.215481,0.184545,0.153608,0.143810,0.151667,0.167016,0.163274
37,34,0.216332,0.236940,0.247046,0.208477,0.169909,0.213318,0.257323,0.301329,0.259525,0.325104,0.390682,0.443370,0.577231,0.580972,0.659871,0.615252,0.599055,0.432706,0.455568,0.258284,0.204085,0.218726,0.233367,0.247104,0.260841,0.370837,0.480834,0.415274,0.557484,0.636119,0.615595,0.595070,0.554736,0.514402,0.474068,0.320900,0.314900,0.241040,0.277778,0.221022,0.205722,0.190422,0.175709,0.068175,0.203285,0.129793
37,35,0.320798,0.283922,0.247046,0.294216,0.341387,0.213318,0.287945,0.301329,0.397061,0.404176,0.411290,0.542313,0.577231,0.607683,0.659871,0.615252,0.599055,0.513418,0.450418,0.280790,0.205967,0.232237,0.258506,0.259768,0.261030,0.417406,0.573782,0.571115,0.658138,0.636119,0.661905,0.550697,0.525154,0.499611,0.474068,0.328237,0.182407,0.171361,0.175137,0.178912,0.194778,0.210643,0.162222,0.068175,0.169041,0.151223
37,36,0.342473,0.342473,0.344617,0.343002,0.341387,0.302054,0.353809,0.301329,0.397061,0.450415,0.503769,0.542313,0.718336,0.607683,0.674038,0.649186,0.669699,0.519073,0.450418,0.292661,0.227552,0.210061,0.192570,0.237051,0.281532,0.439615,0.597698,0.571115,0.658138,0.612831,0.588308,0.563786,0.521293,0.478801,0.436308,0.309357,0.182407,0.211381,0.169885,0.273790,0.295178,0.316566,0.298660,0.254432,0.356649,0.318158
37,37,0.342473,0.342473,0.344617,0.343002,0.341387,0.302054,0.353809,0.301329,0.397061,0.450415,0.503769,0.542313,0.718336,0.607683,0.674038,0.649186,0.669699,0.519073,0.450418,0.292661,0.227552,0.210061,0.192570,0.237051,0.281532,0.439615,0.597698,0.571115,0.658138,0.612831,0.588308,0.563786,0.521293,0.478801,0.436308,0.309357,0.182407,0.211381,0.169885,0.273790,0.295178,0.316566,0.298660,0.254432,0.356649,0.318158
37,38,0.331232,0.331232,0.365314,0.331029,0.296744,0.301136,0.398556,0.356444,0.369276,0.393881,0.418486,0.542313,0.718336,0.607683,0.674038,0.649186,0.590259,0.519073,0.447435,0.290395,0.254631,0.241811,0.228992,0.227475,0.281532,0.432189,0.582845,0.581903,0.580960,0.635129,0.546058,0.456987,0.450094,0.443201,0.436308,0.203626,0.169961,0.211381,0.205004,0.285994,0.308390,0.330786,0.350308,0.331300,0.356649,0.318158
37,39,0.331232,0.331232,0.350116,0.312140,0.274163,0.358733,0.398556,0.356444,0.289609,0.354047,0.418486,0.606434,0.718336,0.658427,0.677538,0.613984,0.546681,0.499558,0.447435,0.282437,0.220800,0.228401,0.236002,0.188849,0.258360,0.413015,0.567671,0.589744,0.611817,0.615416,0.669865,0.724313,0.622532,0.520752,0.418971,0.213445,0.169961,0.205540,0.197667,0.285994,0.307008,0.328022,0.339986,0.369904,0.368515,0.295393
37,40,0.389970,0.376233,0.362496,0.350369,0.338241,0.295852,0.433870,0.398946,0.378101,0.432133,0.486166,0.584422,0.706558,0.658427,0.677538,0.613984,0.589349,0.512729,0.441052,0.252136,0.220800,0.211546,0.202293,0.221106,0.239920,0.407966,0.576012,0.616279,0.611817,0.615416,0.669865,0.724313,0.622532,0.520752,0.418971,0.198401,0.146416,0.214616,0.191086,0.289432,0.308727,0.328022,0.360803,0.369904,0.377358,0.341040
37,41,0.389970,0.408734,0.427498,0.415715,0.403932,0.354815,0.433870,0.398946,0.459086,0.510718,0.562350,0.584422,0.706558,0.637354,0.694708,0.639075,0.522831,0.492221,0.454068,0.252136,0.185351,0.193822,0.202293,0.223039,0.243784,0.409898,0.576012,0.616279,0.599751,0.615416,0.669865,0.724313,0.622532,0.520752,0.418971,0.174882,0.148053,0.223488,0.190857,0.268623,0.308412,0.348200,0.360803,0.381897,0.377358,0.354711
37,42,0.413103,0.411662,0.410221,0.410556,0.410891,0.352315,0.501506,0.397436,0.474043,0.516289,0.558534,0.594580,0.706558,0.637354,0.615457,0.639075,0.516300,0.441485,0.447577,0.229452,0.185351,0.174889,0.164427,0.162057,0.203534,0.359673,0.515812,0.597811,0.599751,0.637835,0.625348,0.612861,0.577696,0.542530,0.507365,0.188215,0.148053,0.223488,0.187375,0.236823,0.272315,0.307808,0.344926,0.343228,0.341531,0.331596
37,44,0.386053,0.380814,0.375574,0.368175,0.360776,0.325033,0.381154,0.389819,0.415962,0.448264,0.480566,0.594580,0.536396,0.644314,0.649037,0.645425,0.547293,0.486109,0.441902,0.273161,0.213584,0.145416,0.185834,0.144420,0.228788,0.397481,0.566174,0.640057,0.593659,0.640730,0.597781,0.554832,0.511883,0.468933,0.425984,0.287488,0.188409,0.222318,0.199614,0.236629,0.257504,0.278378,0.303733,0.329088,0.354443,0.318404
37,45,0.386053,0.366260,0.346466,0.370858,0.395251,0.339365,0.401091,0.389819,0.486840,0.546576,0.606312,0.575361,0.528202,0.644314,0.595367,0.666186,0.547525,0.499883,0.452240,0.283918,0.214265,0.168818,0.195169,0.211978,0.228788,0.409566,0.590344,0.640057,0.623674,0.640730,0.628785,0.578085,0.527385,0.476685,0.425984,0.253204,0.174615,0.222318,0.184833,0.241119,0.261069,0.281019,0.294170,0.318197,0.342224,0.334595
37,46,0.386053,0.366260,0.346466,0.370858,0.395251,0.339365,0.401091,0.389819,0.486840,0.546576,0.606312,0.575361,0.528202,0.644314,0.595367,0.666186,0.547525,0.499883,0.452240,0.283918,0.214265,0.168818,0.195169,0.211978,0.228788,0.409566,0.590344,0.640057,0.623674,0.640730,0.628785,0.578085,0.527385,0.476685,0.425984,0.253204,0.174615,0.222318,0.184833,0.241119,0.261069,0.281019,0.294170,0.318197,0.342224,0.334595
37,47,0.320528,0.333497,0.346466,0.327891,0.309315,0.323770,0.401091,0.325989,0.325513,0.457444,0.589375,0.542835,0.628635,0.658644,0.639902,0.682498,0.642433,0.547336,0.452240,0.273371,0.182517,0.128657,0.163129,0.189171,0.215213,0.375752,0.536291,0.640057,0.679894,0.640730,0.719674,0.834370,0.771487,0.708605,0.645722,0.445198,0.362564,0.338804,0.245597,0.222843,0.230092,0.237341,0.245280,0.260409,0.275538,0.275538
37,48,0.156919,0.178168,0.199417,0.173294,0.147171,0.163515,0.218153,0.325989,0.249966,0.306768,0.363570,0.542835,0.609403,0.658644,0.655555,0.719973,0.669083,0.530608,0.468369,0.282691,0.171830,0.128657,0.151432,0.177112,0.202793,0.304200,0.405608,0.542751,0.679894,0.725017,0.719674,0.834370,0.771487,0.708605,0.645722,0.445198,0.362564,0.338804,0.375090,0.237784,0.217474,0.197165,0.223289,0.249414,0.275538,0.275538
37,49,0.174077,0.178566,0.183055,0.209344,0.235633,0.163515,0.218153,0.263799,0.249966,0.314118,0.378269,0.542835,0.604410,0.482307,0.655555,0.719973,0.671610,0.552855,0.468369,0.276472,0.171830,0.112261,0.151432,0.177112,0.202793,0.346897,0.491001,0.587543,0.684085,0.725017,0.706313,0.679342,0.668136,0.656929,0.645722,0.489198,0.462692,0.402317,0.341942,0.237784,0.228538,0.219292,0.210047,0.200801,0.191555,0.198012
37,50,0.271343,0.290565,0.309788,0.272710,0.235633,0.301098,0.322161,0.263799,0.340890,0.374680,0.408470,0.576172,0.621641,0.482307,0.634399,0.728239,0.657268,0.562397,0.467527,0.283453,0.181458,0.124234,0.170216,0.205350,0.240484,0.365743,0.491001,0.587543,0.684085,0.725017,0.706313,0.646688,0.611806,0.576925,0.542043,0.345652,0.255232,0.241319,0.227406,0.241781,0.258691,0.275601,0.292511,0.287476,0.282441,0.198012
37,51,0.420096,0.341377,0.363710,0.354827,0.345944,0.367038,0.434030,0.397858,0.466148,0.486360,0.506572,0.576172,0.621641,0.494193,0.625000,0.722524,0.680292,0.573910,0.467527,0.293889,0.202837,0.201829,0.200821,0.220653,0.240484,0.423189,0.605893,0.631684,0.657475,0.688179,0.668749,0.639952,0.607316,0.574679,0.542043,0.229317,0.255232,0.241319,0.227406,0.254155,0.310798,0.367440,0.292511,0.287476,0.282441,0.325909
37,52,0.420096,0.396754,0.373412,0.391314,0.409216,0.444769,0.434030,0.397858,0.532767,0.519669,0.506572,0.633743,0.629326,0.494193,0.634369,0.714096,0.658293,0.562910,0.467527,0.267647,0.219205,0.119272,0.200821,0.230329,0.259837,0.415379,0.570920,0.615989,0.661057,0.688179,0.638241,0.639952,0.583673,0.527394,0.471115,0.188588,0.148997,0.173689,0.198381,0.313142,0.346847,0.380551,0.409613,0.443571,0.427731,0.427731
38,2,0.288027,0.288027,0.288027,0.293916,0.299805,0.278496,0.315049,0.318274,0.341058,0.378081,0.415104,0.488476,0.485992,0.589773,0.622633,0.630582,0.486099,0.566460,0.503209,0.205082,0.182405,0.197306,0.212207,0.208303,0.251021,0.371061,0.491101,0.578130,0.629772,0.682640,0.679980,0.677321,0.670573,0.663825,0.461983,0.300640,0.234490,0.244500,0.254510,0.249708,0.244906,0.240105,0.237539,0.260801,0.232995,0.205189
38,3,0.288027,0.288027,0.288027,0.293916,0.299805,0.278496,0.315049,0.318274,0.341058,0.378081,0.415104,0.488476,0.485992,0.589773,0.622633,0.630582,0.486099,0.566460,0.503209,0.205082,0.182405,0.197306,0.212207,0.208303,0.251021,0.371061,0.491101,0.578130,0.629772,0.682640,0.679980,0.677321,0.670573,0.663825,0.461983,0.300640,0.234490,0.244500,0.254510,0.249708,0.244906,0.240105,0.237539,0.260801,0.232995,0.205189
38,4,0.288027,0.288027,0.288027,0.263566,0.239106,0.229774,0.315049,0.318274,0.324207,0.369655,0.415104,0.470186,0.468496,0.561750,0.603372,0.611088,0.486099,0.566460,0.485382,0.210495,0.183291,0.194756,0.206222,0.202332,0.246222,0.355481,0.464741,0.578130,0.581702,0.682640,0.675989,0.669337,0.693950,0.718562,0.461983,0.307225,0.271972,0.263241,0.254510,0.249708,0.244906,0.240105,0.232097,0.227476,0.217804,0.208133
38,5,0.245280,0.245280,0.245280,0.242193,0.239106,0.226300,0.270848,0.284555,0.298263,0.346402,0.394542,0.477445,0.468496,0.470970,0.603372,0.611088,0.499653,0.576981,0.551932,0.210495,0.182574,0.194398,0.206222,0.202332,0.246222,0.362088,0.477954,0.624847,0.681658,0.672472,0.670905,0.669337,0.715630,0.626020,0.536411,0.372034,0.345450,0.315602,0.285754,0.270377,0.255000,0.239623,0.215947,0.161279,0.187643,0.214007
38,7,0.226320,0.226320,0.226320,0.247115,0.267911,0.281240,0.281590,0.281940,0.282289,0.354079,0.425870,0.494287,0.494791,0.576472,0.658153,0.656193,0.543770,0.512657,0.573983,0.202813,0.191139,0.204371,0.217602,0.184475,0.249823,0.380368,0.510913,0.635960,0.659956,0.719331,0.709734,0.700137,0.683325,0.565046,0.564241,0.333357,0.334244,0.249547,0.300529,0.259974,0.246962,0.233951,0.262516,0.229763,0.242048,0.254333
38,8,0.227925,0.227925,0.227925,0.245130,0.262335,0.281240,0.300736,0.320232,0.339727,0.399192,0.458656,0.526656,0.669523,0.680274,0.691026,0.656193,0.564084,0.499132,0.573983,0.214866,0.183901,0.200752,0.217602,0.182310,0.249823,0.338970,0.428118,0.635960,0.659956,0.719331,0.583178,0.636085,0.624539,0.612993,0.572944,0.419501,0.383388,0.271685,0.300529,0.226117,0.212941,0.199765,0.175607,0.229763,0.185597,0.141430
38,9,0.176879,0.176879,0.176879,0.169479,0.162078,0.194033,0.231438,0.268842,0.306247,0.344118,0.381988,0.427253,0.669523,0.680274,0.691026,0.664119,0.499516,0.505035,0.571280,0.213000,0.184247,0.190578,0.196908,0.182310,0.236354,0.332236,0.428118,0.617343,0.650322,0.730024,0.671497,0.612970,0.612981,0.612993,0.572944,0.459365,0.444761,0.292635,0.345665,0.226117,0.203077,0.180038,0.138991,0.128586,0.135008,0.141430
38,10,0.204237,0.204237,0.204237,0.181666,0.159095,0.186554,0.207222,0.227890,0.248559,0.291415,0.334272,0.427156,0.620842,0.469114,0.648567,0.606682,0.515291,0.499489,0.571280,0.232865,0.209265,0.203086,0.196908,0.193529,0.248380,0.348542,0.448703,0.617343,0.605835,0.702781,0.666734,0.630687,0.638853,0.647020,0.592068,0.445811,0.444761,0.292635,0.345665,0.242964,0.222856,0.202748,0.138991,0.145904,0.129414,0.112923
38,11,0.268848,0.268848,0.268848,0.246461,0.224073,0.247964,0.271855,0.295746,0.319637,0.338117,0.356598,0.446964,0.466499,0.455571,0.570278,0.606682,0.503872,0.499489,0.493291,0.213753,0.192780,0.203975,0.215170,0.193529,0.248380,0.352546,0.456712,0.555674,0.605835,0.699000,0.664843,0.630687,0.597653,0.564619,0.592068,0.396084,0.407076,0.278489,0.314234,0.250641,0.228575,0.206510,0.166344,0.171453,0.146727,0.122001
38,12,0.268848,0.268848,0.268848,0.246461,0.224073,0.247964,0.271855,0.295746,0.319637,0.338117,0.356598,0.446964,0.466499,0.455571,0.570278,0.606682,0.503872,0.499489,0.493291,0.213753,0.192780,0.203975,0.215170,0.193529,0.248380,0.352546,0.456712,0.555674,0.605835,0.699000,0.664843,0.630687,0.597653,0.564619,0.592068,0.396084,0.407076,0.278489,0.314234,0.250641,0.228575,0.206510,0.166344,0.171453,0.146727,0.122001
38,13,0.268848,0.268848,0.268848,0.239037,0.209227,0.242383,0.258975,0.275566,0.292158,0.315553,0.338948,0.428586,0.466499,0.436018,0.570278,0.565408,0.503872,0.446105,0.493291,0.209364,0.192780,0.200663,0.208546,0.193469,0.248316,0.334282,0.420247,0.547774,0.590081,0.699000,0.668436,0.637871,0.600523,0.563174,0.554415,0.413029,0.407076,0.236729,0.277505,0.244667,0.218999,0.193331,0.187577,0.171453,0.165616,0.159779
38,14,0.214391,0.214391,0.214391,0.177698,0.166701,0.211105,0.220318,0.229531,0.238744,0.273311,0.307879,0.428586,0.427478,0.436018,0.524509,0.547678,0.483422,0.438171,0.497527,0.196411,0.191301,0.207896,0.224491,0.193469,0.248316,0.371658,0.495001,0.547774,0.590081,0.680185,0.659028,0.637871,0.626089,0.614308,0.602526,0.393469,0.356201,0.249929,0.277505,0.244667,0.218999,0.193331,0.219267,0.169415,0.187690,0.159779
38,15,0.182304,0.182304,0.182304,0.140485,0.166701,0.162240,0.205644,0.209504,0.213364,0.229523,0.245681,0.351256,0.382724,0.391500,0.524509,0.550305,0.418531,0.429707,0.508672,0.196411,0.171193,0.197842,0.224491,0.192597,0.255759,0.360000,0.464241,0.520643,0.561777,0.685472,0.661672,0.637871,0.626089,0.614308,0.602526,0.366664,0.367619,0.253891,0.264768,0.238389,0.210121,0.181853,0.160179,0.149155,0.143156,0.132359
38,16,0.182304,0.182304,0.182304,0.175835,0.158881,0.169048,0.205644,0.221675,0.237705,0.241693,0.245681,0.410454,0.397166,0.441799,0.552765,0.531985,0.390431,0.421876,0.508672,0.201455,0.171799,0.186621,0.201443,0.192597,0.229324,0.339812,0.450300,0.475306,0.561777,0.696723,0.687754,0.678785,0.641960,0.605134,0.568309,0.380817,0.367619,0.238329,0.264768,0.216545,0.204041,0.191538,0.177465,0.171300,0.143156,0.113582
38,17,0.182763,0.182763,0.182763,0.175835,0.169462,0.180555,0.211676,0.224691,0.237705,0.257630,0.277555,0.410454,0.455754,0.452433,0.552765,0.592824,0.522836,0.482214,0.510661,0.205687,0.183193,0.183462,0.183732,0.187495,0.229324,0.344427,0.459529,0.443154,0.670163,0.789598,0.734191,0.678785,0.593984,0.509183,0.587734,0.407774,0.402315,0.238329,0.302314,0.248090,0.219814,0.191538,0.179375,0.163757,0.148135,0.155194
38,18,0.191139,0.191139,0.191139,0.186052,0.218350,0.231892,0.232828,0.233764,0.234617,0.285591,0.336565,0.425106,0.452498,0.452433,0.578564,0.592824,0.507300,0.488156,0.510661,0.205687,0.205762,0.194747,0.183732,0.187495,0.242430,0.350980,0.459529,0.463886,0.592719,0.714047,0.643344,0.572641,0.489707,0.406773,0.587734,0.436981,0.402315,0.256161,0.248527,0.271281,0.229587,0.187893,0.181053,0.163757,0.170808,0.170233
38,19,0.209703,0.209703,0.209703,0.230429,0.251155,0.234961,0.243887,0.252812,0.264799,0.314712,0.364625,0.428053,0.452498,0.434181,0.578564,0.592824,0.469082,0.460379,0.476334,0.213473,0.205762,0.217917,0.230072,0.236251,0.242430,0.345682,0.448933,0.393024,0.592719,0.714047,0.643344,0.572641,0.489707,0.406773,0.598350,0.275303,0.265935,0.240482,0.248527,0.276654,0.241054,0.205454,0.181053,0.200320,0.170808,0.204082
38,20,0.199315,0.193066,0.186817,0.214631,0.242445,0.232213,0.213967,0.252812,0.248758,0.290394,0.332031,0.428053,0.452817,0.410809,0.527546,0.532900,0.472330,0.493905,0.476334,0.216086,0.204886,0.223272,0.241657,0.214294,0.240182,0.321374,0.402566,0.332687,0.530626,0.618105,0.609870,0.581564,0.452063,0.322562,0.443639,0.275303,0.221567,0.230004,0.239321,0.276654,0.237080,0.197505,0.170185,0.198325,0.198934,0.199543
38,21,0.199315,0.193066,0.186817,0.214631,0.242445,0.232213,0.213967,0.252812,0.248758,0.290394,0.332031,0.428053,0.452817,0.410809,0.527546,0.532900,0.472330,0.493905,0.476334,0.216086,0.204886,0.223272,0.241657,0.214294,0.240182,0.321374,0.402566,0.332687,0.530626,0.618105,0.609870,0.581564,0.452063,0.322562,0.443639,0.275303,0.221567,0.230004,0.239321,0.276654,0.237080,0.197505,0.170185,0.198325,0.198934,0.199543
38,22,0.220687,0.226126,0.231566,0.237005,0.242445,0.232213,0.304903,0.270812,0.236721,0.321152,0.405582,0.394817,0.462913,0.560219,0.527546,0.532900,0.472330,0.515519,0.491340,0.209344,0.225883,0.233770,0.241657,0.248142,0.283089,0.399235,0.515380,0.528352,0.530626,0.618105,0.596552,0.574998,0.421551,0.268103,0.443639,0.332603,0.221567,0.230004,0.239321,0.277808,0.297997,0.318185,0.180673,0.244896,0.244833,0.244770
38,23,0.220687,0.234160,0.247633,0.261106,0.274579,0.266633,0.314519,0.258378,0.354683,0.394858,0.435033,0.515863,0.681324,0.590835,0.526061,0.557925,0.485635,0.541910,0.491340,0.241454,0.220811,0.236236,0.251661,0.267375,0.283089,0.422693,0.562298,0.492940,0.543205,0.618105,0.567091,0.516076,0.398518,0.280959,0.519001,0.356672,0.194343,0.204664,0.214985,0.283295,0.299758,0.316221,0.341409,0.244896,0.283776,0.322655
38,24,0.289640,0.289640,0.289640,0.289640,0.289640,0.273982,0.314519,0.324074,0.333628,0.384330,0.435033,0.515863,0.681324,0.594083,0.678295,0.557925,0.491216,0.541910,0.537296,0.246766,0.229111,0.224832,0.220554,0.210053,0.265922,0.409791,0.553660,0.492940,0.658807,0.633968,0.636135,0.638302,0.473009,0.307716,0.519001,0.243527,0.194343,0.238600,0.220866,0.234136,0.247406,0.260677,0.304611,0.279385,0.250797,0.257516
38,30,0.204808,0.204808,0.204808,0.182615,0.160423,0.181920,0.178853,0.175787,0.222934,0.232587,0.242240,0.348907,0.335516,0.340332,0.287723,0.358588,0.459374,0.375177,0.339585,0.276249,0.292010,0.302246,0.312482,0.322717,0.332953,0.404521,0.476089,0.282976,0.550844,0.545699,0.584463,0.440477,0.450880,0.461283,0.471685,0.397938,0.335564,0.309417,0.283270,0.316177,0.288767,0.261357,0.238931,0.251524,0.226287,0.207644
38,31,0.204808,0.204808,0.204808,0.182615,0.160423,0.181920,0.178853,0.175787,0.222934,0.232587,0.242240,0.348907,0.335516,0.340332,0.287723,0.358588,0.459374,0.375177,0.339585,0.276249,0.292010,0.302246,0.312482,0.322717,0.332953,0.404521,0.476089,0.282976,0.550844,0.545699,0.584463,0.440477,0.450880,0.461283,0.471685,0.397938,0.335564,0.309417,0.283270,0.316177,0.288767,0.261357,0.238931,0.251524,0.226287,0.207644
38,32,0.167219,0.167219,0.167219,0.161566,0.155913,0.150603,0.189816,0.217710,0.215646,0.247606,0.279565,0.348907,0.295290,0.340332,0.423064,0.358588,0.471316,0.360155,0.392381,0.294454,0.292010,0.286722,0.281433,0.289132,0.296830,0.367743,0.438657,0.412733,0.506308,0.545699,0.505681,0.509777,0.500537,0.491298,0.482059,0.337484,0.283276,0.265420,0.247563,0.331897,0.280647,0.229397,0.238931,0.193588,0.182078,0.207644
38,33,0.216332,0.225161,0.233990,0.198305,0.162620,0.223659,0.189816,0.217710,0.249973,0.267198,0.284422,0.485199,0.592201,0.427055,0.534980,0.368332,0.562046,0.461161,0.392381,0.243894,0.215432,0.248433,0.281433,0.274776,0.268118,0.322849,0.377580,0.412733,0.562001,0.597978,0.454287,0.461230,0.468173,0.475116,0.482059,0.265442,0.222801,0.211171,0.199541,0.198225,0.171493,0.144760,0.143045,0.175617,0.203285,0.141492
38,34,0.254309,0.236940,0.233990,0.288279,0.342569,0.223659,0.270830,0.344803,0.418776,0.404729,0.390682,0.485199,0.592201,0.515426,0.534980,0.657007,0.562046,0.491049,0.452538,0.265776,0.204085,0.204970,0.205854,0.236986,0.268118,0.384692,0.501266,0.427044,0.562001,0.597978,0.573196,0.548414,0.523632,0.498850,0.474068,0.265442,0.222801,0.247156,0.199541,0.221022,0.228613,0.236203,0.242212,0.316989,0.203285,0.293829
38,35,0.320798,0.287072,0.339484,0.330765,0.322046,0.312500,0.319740,0.339551,0.359362,0.405021,0.450681,0.528858,0.592201,0.607683,0.686543,0.657007,0.665139,0.522698,0.452538,0.271231,0.196415,0.194492,0.192570,0.221593,0.250617,0.396085,0.541554,0.579779,0.637931,0.612831,0.516818,0.420806,0.438560,0.456314,0.474068,0.313671,0.153274,0.162704,0.172134,0.231265,0.255414,0.279563,0.312170,0.316989,0.267747,0.372996
38,36,0.307819,0.307819,0.307819,0.314932,0.322046,0.293621,0.304509,0.331935,0.359362,0.389969,0.420576,0.528858,0.647456,0.607683,0.674038,0.644846,0.653422,0.453672,0.450418,0.283946,0.218729,0.260984,0.303239,0.227475,0.244989,0.402299,0.559608,0.579779,0.637931,0.612831,0.492832,0.372834,0.396728,0.420622,0.444516,0.298895,0.153274,0.162704,0.172134,0.254675,0.273547,0.292420,0.298660,0.340025,0.269340,0.372996
38,37,0.258160,0.258160,0.258160,0.259132,0.260104,0.233962,0.279388,0.307613,0.335838,0.328972,0.322106,0.480211,0.647456,0.563192,0.683576,0.644846,0.520351,0.453672,0.450418,0.274053,0.233129,0.268184,0.303239,0.229819,0.273170,0.376575,0.479979,0.530469,0.580960,0.612831,0.569276,0.525722,0.482167,0.438613,0.395058,0.232745,0.199353,0.207166,0.195901,0.254675,0.239261,0.223847,0.233573,0.229447,0.269340,0.286611
38,38,0.278189,0.278189,0.278189,0.276176,0.274163,0.294996,0.279388,0.284499,0.289609,0.305858,0.322106,0.480211,0.647456,0.563192,0.677538,0.613984,0.515901,0.446717,0.419595,0.261942,0.208560,0.236809,0.265059,0.229819,0.273170,0.392089,0.511007,0.542711,0.574415,0.577745,0.578143,0.578541,0.517380,0.456219,0.395058,0.213445,0.199353,0.207166,0.201022,0.245251,0.268872,0.292494,0.294161,0.285454,0.281864,0.284340
38,39,0.368711,0.367457,0.366203,0.360004,0.353805,0.327016,0.392684,0.398946,0.394823,0.392301,0.389778,0.590206,0.703053,0.563192,0.677538,0.613984,0.562827,0.453198,0.419595,0.246128,0.200446,0.232752,0.265059,0.214384,0.238202,0.374605,0.511007,0.577407,0.574415,0.577745,0.554681,0.531618,0.508554,0.485490,0.462427,0.183708,0.146416,0.214616,0.201022,0.267429,0.279961,0.292494,0.314875,0.285454,0.334624,0.368942
38,40,0.368711,0.367457,0.366203,0.360004,0.353805,0.327016,0.392684,0.398946,0.394823,0.392301,0.389778,0.590206,0.703053,0.563192,0.677538,0.613984,0.562827,0.453198,0.419595,0.246128,0.200446,0.232752,0.265059,0.214384,0.238202,0.374605,0.511007,0.577407,0.574415,0.577745,0.554681,0.531618,0.508554,0.485490,0.462427,0.183708,0.146416,0.214616,0.201022,0.267429,0.279961,0.292494,0.314875,0.285454,0.334624,0.368942
38,41,0.368711,0.392009,0.415307,0.419893,0.424479,0.366088,0.392684,0.398946,0.445923,0.489551,0.533179,0.590206,0.703053,0.644632,0.736070,0.657491,0.540355,0.485432,0.419595,0.246128,0.181248,0.190881,0.200513,0.167058,0.220112,0.367152,0.514191,0.577407,0.574709,0.577745,0.586933,0.596121,0.551556,0.506992,0.462427,0.262627,0.255279,0.214616,0.203728,0.283268,0.290523,0.297778,0.314875,0.350341,0.334624,0.317924
38,42,0.465108,0.472300,0.479493,0.480655,0.481817,0.433441,0.501506,0.468668,0.542447,0.550490,0.558534,0.590206,0.703053,0.644632,0.736070,0.657491,0.582057,0.511829,0.430896,0.249706,0.181248,0.160461,0.139674,0.154236,0.182847,0.300428,0.418009,0.487343,0.574709,0.637835,0.640533,0.596121,0.551556,0.506992,0.462427,0.421234,0.255279,0.284423,0.223169,0.235254,0.250588,0.265922,0.264701,0.274248,0.283795,0.185055
38,44,0.333783,0.359539,0.385295,0.354080,0.322865,0.336934,0.417015,0.343252,0.415962,0.476966,0.537969,0.591008,0.543200,0.644314,0.753349,0.664795,0.594017,0.495107,0.441902,0.266543,0.174875,0.111074,0.133315,0.144420,0.179414,0.317565,0.455716,0.546362,0.637009,0.674348,0.664220,0.654091,0.620463,0.586834,0.553206,0.379800,0.361007,0.260170,0.239602,0.206998,0.212055,0.217112,0.208962,0.200811,0.192661,0.180277
38,45,0.394841,0.407576,0.420311,0.407781,0.395251,0.391297,0.401476,0.343252,0.504937,0.449450,0.393962,0.591008,0.541481,0.644314,0.753349,0.682498,0.602620,0.491464,0.441902,0.270185,0.214265,0.104713,0.195169,0.192677,0.190185,0.392330,0.594476,0.615743,0.637009,0.674348,0.661329,0.615866,0.594979,0.574093,0.553206,0.229010,0.336203,0.260170,0.239602,0.262094,0.296532,0.330969,0.335753,0.340536,0.345320,0.261882
38,46,0.420311,0.420311,0.420311,0.407733,0.395155,0.248169,0.401476,0.325989,0.370317,0.382460,0.394602,0.591008,0.628635,0.640415,0.749840,0.682498,0.623283,0.491464,0.462284,0.269250,0.189326,0.127980,0.161688,0.191082,0.220476,0.388864,0.557253,0.607061,0.656870,0.674348,0.661329,0.665411,0.635417,0.605424,0.575431,0.393869,0.362564,0.293600,0.232310,0.248474,0.270022,0.291570,0.283930,0.276290,0.268649,0.268649
38,48,0.195593,0.195593,0.195593,0.216023,0.236453,0.181627,0.322161,0.288153,0.226553,0.284494,0.342435,0.536862,0.598831,0.489610,0.622289,0.705892,0.661883,0.537342,0.460334,0.274676,0.179126,0.110922,0.145110,0.178364,0.211618,0.349173,0.486727,0.571954,0.657180,0.725017,0.706313,0.647024,0.617027,0.587031,0.557034,0.480675,0.418867,0.376494,0.334122,0.232748,0.224165,0.215582,0.213344,0.211106,0.208868,0.285020
38,49,0.195593,0.195593,0.195593,0.216023,0.236453,0.181627,0.322161,0.288153,0.226553,0.284494,0.342435,0.536862,0.598831,0.489610,0.622289,0.705892,0.661883,0.537342,0.460334,0.274676,0.179126,0.110922,0.145110,0.178364,0.211618,0.349173,0.486727,0.571954,0.657180,0.725017,0.706313,0.647024,0.617027,0.587031,0.557034,0.480675,0.418867,0.376494,0.334122,0.232748,0.224165,0.215582,0.213344,0.211106,0.208868,0.285020
38,50,0.341503,0.335520,0.329538,0.282995,0.236453,0.308564,0.322161,0.350609,0.379057,0.419637,0.460217,0.576172,0.603319,0.489610,0.616431,0.694546,0.638611,0.537342,0.460334,0.269465,0.195226,0.136561,0.181443,0.212855,0.244267,0.436634,0.629001,0.643090,0.657180,0.652507,0.706313,0.600170,0.585791,0.571413,0.557034,0.266629,0.418867,0.327274,0.235681,0.245132,0.265094,0.285057,0.305019,0.324981,0.335825,0.285020
38,51,0.327566,0.327566,0.363710,0.362926,0.362141,0.390971,0.423038,0.437075,0.451112,0.445830,0.440548,0.613553,0.603319,0.475766,0.625000,0.670572,0.613350,0.540439,0.467527,0.279469,0.213228,0.136561,0.181443,0.212855,0.244267,0.418302,0.592337,0.624906,0.657475,0.652507,0.637394,0.575850,0.532195,0.488540,0.444885,0.217835,0.187657,0.188297,0.188938,0.254155,0.283448,0.312740,0.310900,0.376928,0.417292,0.351076
38,52,0.356519,0.372720,0.355352,0.382284,0.409216,0.419189,0.423038,0.433787,0.444535,0.442541,0.440548,0.613553,0.530269,0.475766,0.616494,0.688185,0.627403,0.547465,0.467527,0.281659,0.219205,0.229331,0.239456,0.249647,0.259837,0.411766,0.563694,0.594379,0.625063,0.652507,0.627186,0.588862,0.524230,0.459598,0.394966,0.188588,0.148997,0.168417,0.187837,0.279192,0.306002,0.332811,0.353557,0.376928,0.417292,0.417292
39,0,0.202456,0.202456,0.202456,0.208789,0.215123,0.237936,0.229092,0.322630,0.338403,0.374706,0.411008,0.511645,0.526992,0.631036,0.653451,0.635580,0.586298,0.590195,0.555070,0.207722,0.177256,0.180907,0.184559,0.188210,0.246854,0.364042,0.481230,0.615231,0.659341,0.727793,0.669193,0.610593,0.635444,0.660294,0.492617,0.376067,0.318346,0.270897,0.295812,0.257932,0.220053,0.182173,0.152981,0.188817,0.196696,0.204575
39,1,0.252983,0.252983,0.252983,0.231948,0.210913,0.219356,0.271290,0.293865,0.275296,0.343152,0.411008,0.519135,0.516434,0.490737,0.670105,0.630582,0.533821,0.590195,0.527550,0.201661,0.172833,0.177959,0.183084,0.188210,0.226755,0.361629,0.496502,0.608460,0.618295,0.654650,0.691006,0.677321,0.714836,0.752352,0.552006,0.377516,0.318346,0.264283,0.295812,0.276910,0.258008,0.239106,0.216128,0.188817,0.191932,0.195048
39,2,0.300342,0.300342,0.300342,0.298389,0.296435,0.280023,0.337033,0.293865,0.359496,0.404957,0.450417,0.526637,0.510818,0.599512,0.670105,0.630582,0.474648,0.568247,0.527550,0.178896,0.172833,0.180339,0.187846,0.188210,0.226755,0.306158,0.385561,0.578130,0.618295,0.626180,0.651751,0.677321,0.817225,0.682140,0.491833,0.300640,0.281637,0.274498,0.267359,0.244359,0.221359,0.198359,0.216128,0.222203,0.215168,0.208133
39,3,0.300342,0.300342,0.300342,0.275789,0.251235,0.240291,0.337033,0.270142,0.318590,0.384504,0.450417,0.489415,0.460084,0.599512,0.610882,0.606202,0.474648,0.568247,0.452104,0.188689,0.172724,0.160534,0.148344,0.184596,0.219234,0.284853,0.350472,0.570120,0.592072,0.626180,0.661512,0.696843,0.726811,0.756780,0.491833,0.345027,0.324076,0.304915,0.285754,0.256623,0.227491,0.198359,0.186146,0.177075,0.163103,0.149131
39,4,0.216811,0.216811,0.216811,0.191405,0.165999,0.159046,0.252290,0.270142,0.216572,0.288209,0.359847,0.489415,0.460084,0.470970,0.610882,0.606202,0.488443,0.568247,0.452104,0.188689,0.172724,0.183088,0.193452,0.184596,0.219234,0.348594,0.477954,0.615023,0.666182,0.676402,0.686623,0.696843,0.707849,0.645161,0.582474,0.437781,0.385587,0.335670,0.285754,0.253510,0.221266,0.189022,0.148418,0.161279,0.155205,0.149131
39,5,0.216811,0.216811,0.216811,0.191405,0.165999,0.159046,0.252290,0.270142,0.216572,0.288209,0.359847,0.489415,0.460084,0.470970,0.610882,0.606202,0.488443,0.568247,0.452104,0.188689,0.172724,0.183088,0.193452,0.184596,0.219234,0.348594,0.477954,0.615023,0.666182,0.676402,0.686623,0.696843,0.707849,0.645161,0.582474,0.437781,0.385587,0.335670,0.285754,0.253510,0.221266,0.189022,0.148418,0.161279,0.155205,0.149131
39,6,0.163142,0.163142,0.163142,0.174877,0.186612,0.170144,0.200897,0.231650,0.228260,0.294054,0.359847,0.432851,0.456932,0.580603,0.615591,0.606202,0.523404,0.490824,0.522923,0.192505,0.158960,0.167661,0.176363,0.166151,0.238294,0.361843,0.485393,0.615023,0.666182,0.764105,0.730474,0.696843,0.707849,0.645161,0.582474,0.439071,0.402505,0.365187,0.327869,0.279294,0.230719,0.182143,0.135479,0.158297,0.142432,0.126566
39,10,0.274434,0.274434,0.274434,0.286117,0.297801,0.294813,0.293940,0.293067,0.292194,0.376297,0.460399,0.486333,0.647225,0.647896,0.648567,0.590998,0.525530,0.568797,0.592112,0.226498,0.194900,0.212945,0.230990,0.216742,0.259912,0.370419,0.480926,0.597461,0.630799,0.705122,0.695160,0.685198,0.627239,0.569279,0.527892,0.413522,0.308520,0.218347,0.271264,0.260733,0.248304,0.235876,0.226215,0.260296,0.250144,0.239993
39,11,0.201761,0.201761,0.201761,0.214775,0.227788,0.201477,0.219323,0.237168,0.255013,0.294441,0.333868,0.486333,0.424854,0.492194,0.559535,0.590998,0.480730,0.532638,0.493291,0.229744,0.198926,0.213241,0.227557,0.216742,0.266090,0.361322,0.456554,0.597461,0.630799,0.710473,0.697835,0.685198,0.614892,0.544585,0.527892,0.413522,0.407076,0.244031,0.314234,0.247530,0.222549,0.197567,0.226215,0.260296,0.191149,0.122001
39,13,0.163753,0.163753,0.163753,0.176252,0.149011,0.203180,0.209384,0.215589,0.221793,0.260520,0.299247,0.378721,0.388995,0.421941,0.519782,0.539964,0.461256,0.438171,0.340367,0.202995,0.193667,0.199677,0.205686,0.193469,0.248316,0.342096,0.435875,0.528129,0.591181,0.683391,0.677585,0.671779,0.604724,0.537669,0.541077,0.404658,0.286601,0.245149,0.292683,0.235955,0.212497,0.189040,0.177127,0.169415,0.169415,0.169415
39,14,0.149344,0.149344,0.149344,0.149177,0.149011,0.153136,0.172724,0.176328,0.179931,0.239589,0.299247,0.351256,0.369568,0.391500,0.519782,0.492219,0.464745,0.385986,0.340367,0.202995,0.179092,0.192389,0.205686,0.183892,0.241331,0.335255,0.429180,0.535310,0.624084,0.654814,0.666800,0.678785,0.608227,0.537669,0.541077,0.457717,0.280243,0.230653,0.312949,0.232670,0.194522,0.156375,0.147941,0.131395,0.131395,0.131395
39,15,0.149344,0.149344,0.149344,0.149177,0.149011,0.153136,0.172724,0.176328,0.179931,0.239589,0.299247,0.351256,0.369568,0.391500,0.519782,0.492219,0.464745,0.385986,0.340367,0.202995,0.179092,0.192389,0.205686,0.183892,0.241331,0.335255,0.429180,0.535310,0.624084,0.654814,0.666800,0.678785,0.608227,0.537669,0.541077,0.457717,0.280243,0.230653,0.312949,0.232670,0.194522,0.156375,0.147941,0.131395,0.131395,0.131395
39,16,0.149344,0.149344,0.149344,0.157592,0.165840,0.200937,0.172724,0.186805,0.200885,0.240993,0.281101,0.368489,0.352911,0.402384,0.568794,0.531985,0.390431,0.380139,0.336092,0.201004,0.171799,0.185264,0.198730,0.183892,0.237273,0.344437,0.451602,0.443154,0.617108,0.693343,0.686064,0.678785,0.555174,0.431563,0.552585,0.418544,0.280243,0.230653,0.312949,0.216545,0.193968,0.171391,0.169643,0.147592,0.144846,0.142100
39,17,0.166155,0.166155,0.166155,0.160533,0.154910,0.163540,0.192447,0.200452,0.208458,0.264025,0.319592,0.397885,0.447022,0.462340,0.568794,0.648930,0.523239,0.486762,0.336092,0.260943,0.185794,0.187798,0.189802,0.182927,0.237273,0.351740,0.466207,0.400283,0.617108,0.789598,0.734191,0.678785,0.560550,0.442314,0.635137,0.449662,0.353171,0.256679,0.302314,0.225098,0.198245,0.171391,0.141550,0.121009,0.125855,0.114615
39,18,0.146661,0.146661,0.146661,0.148491,0.150321,0.155018,0.172831,0.190645,0.208458,0.258721,0.308983,0.397885,0.463204,0.462340,0.640357,0.648930,0.535714,0.508849,0.353522,0.272701,0.191881,0.190842,0.189802,0.182927,0.220237,0.343222,0.466207,0.400283,0.660434,0.714047,0.731822,0.749598,0.585515,0.421433,0.684734,0.442784,0.410211,0.291785,0.323062,0.232755,0.194730,0.156705,0.135060,0.121009,0.112015,0.103731
39,19,0.152555,0.152555,0.152555,0.148314,0.144072,0.153918,0.173802,0.193685,0.213569,0.267984,0.322399,0.443179,0.596237,0.467381,0.640357,0.648930,0.532265,0.460379,0.362852,0.277367,0.191881,0.196635,0.201390,0.183706,0.220237,0.353271,0.486306,0.364201,0.660434,0.714047,0.731822,0.749598,0.585515,0.421433,0.551776,0.446184,0.410211,0.295851,0.323062,0.232755,0.196070,0.159385,0.135060,0.115930,0.112015,0.103921
39,20,0.151460,0.151460,0.151460,0.138324,0.125189,0.153918,0.176793,0.203014,0.229234,0.280077,0.330920,0.390430,0.554987,0.410809,0.527546,0.622115,0.560023,0.428971,0.345702,0.213826,0.182741,0.184563,0.186386,0.214294,0.240182,0.346554,0.452926,0.328363,0.624821,0.630827,0.690212,0.749598,0.575227,0.400856,0.429999,0.446184,0.351151,0.318668,0.286185,0.232136,0.196264,0.160392,0.123075,0.115958,0.110045,0.104133
39,21,0.220687,0.196812,0.172938,0.149063,0.125189,0.147683,0.223845,0.181369,0.138894,0.158277,0.177660,0.394817,0.554987,0.489071,0.526061,0.622115,0.560023,0.340888,0.345702,0.180048,0.142129,0.164257,0.186386,0.204846,0.236443,0.299427,0.362412,0.289096,0.543205,0.630827,0.479358,0.449929,0.360993,0.272057,0.429999,0.372572,0.351151,0.210230,0.192046,0.173862,0.189604,0.205345,0.180673,0.244896,0.177569,0.110242
39,22,0.131726,0.131726,0.131726,0.131726,0.131726,0.139758,0.199068,0.258378,0.282369,0.230014,0.177660,0.411248,0.526800,0.508977,0.526061,0.557925,0.405390,0.451904,0.362157,0.213953,0.200400,0.226031,0.251661,0.204846,0.236443,0.324793,0.413142,0.296872,0.543205,0.630827,0.636937,0.516076,0.389183,0.262291,0.417457,0.252050,0.297558,0.263215,0.228873,0.224313,0.234292,0.244271,0.220269,0.279385,0.255211,0.223293
39,23,0.190221,0.190221,0.190221,0.190221,0.190221,0.217522,0.245453,0.273384,0.301315,0.345751,0.390187,0.438495,0.526800,0.508977,0.558210,0.557925,0.624589,0.451904,0.537296,0.231359,0.221158,0.238903,0.256648,0.214702,0.252889,0.369736,0.486583,0.530031,0.573479,0.633968,0.581520,0.529071,0.406204,0.283338,0.417457,0.393128,0.246549,0.200331,0.220866,0.267890,0.256057,0.244225,0.244736,0.279385,0.255211,0.229414
39,24,0.190221,0.190221,0.190221,0.190221,0.190221,0.217522,0.245453,0.273384,0.301315,0.345751,0.390187,0.438495,0.526800,0.508977,0.558210,0.557925,0.624589,0.451904,0.537296,0.231359,0.221158,0.238903,0.256648,0.214702,0.252889,0.369736,0.486583,0.530031,0.573479,0.633968,0.581520,0.529071,0.406204,0.283338,0.417457,0.393128,0.246549,0.200331,0.220866,0.267890,0.256057,0.244225,0.244736,0.279385,0.255211,0.229414
39,25,0.260810,0.260810,0.260810,0.260810,0.260810,0.282020,0.272282,0.262544,0.252805,0.321496,0.390187,0.438495,0.418807,0.464272,0.558210,0.546405,0.508131,0.455284,0.537296,0.370912,0.204528,0.220741,0.236954,0.214702,0.252889,0.373289,0.493688,0.273161,0.573479,0.633968,0.581520,0.529071,0.406204,0.283338,0.467545,0.259729,0.246549,0.210461,0.220866,0.244009,0.239433,0.234856,0.233095,0.258670,0.204363,0.229414
39,26,0.137849,0.137849,0.137849,0.137849,0.137849,0.163451,0.193236,0.223020,0.252805,0.270362,0.287919,0.360720,0.361566,0.464272,0.434463,0.546405,0.464420,0.442832,0.381672,0.293100,0.204528,0.220741,0.236954,0.214702,0.238104,0.336203,0.434303,0.274157,0.502632,0.633968,0.533944,0.529071,0.497644,0.466217,0.434790,0.307709,0.303609,0.209571,0.242556,0.244009,0.239433,0.234856,0.205851,0.160167,0.204363,0.205159
39,29,0.161384,0.161384,0.161384,0.137555,0.113726,0.106666,0.116117,0.125568,0.135020,0.173126,0.211233,0.273168,0.253124,0.308009,0.225854,0.309033,0.259812,0.267083,0.255822,0.233165,0.157348,0.183749,0.210150,0.248007,0.285865,0.354782,0.423699,0.261468,0.461402,0.474590,0.484510,0.394275,0.402481,0.410688,0.418895,0.197696,0.209324,0.186188,0.163052,0.203079,0.185774,0.168469,0.206511,0.111801,0.120091,0.179435
39,30,0.181858,0.181858,0.181858,0.149928,0.117998,0.162819,0.178178,0.193536,0.208894,0.210063,0.211233,0.333188,0.307819,0.308009,0.287723,0.319102,0.344753,0.311332,0.339585,0.233165,0.211381,0.249213,0.287046,0.286455,0.285865,0.354782,0.423699,0.282976,0.461402,0.474590,0.484510,0.440477,0.440886,0.441294,0.441702,0.370156,0.209324,0.289481,0.163052,0.203079,0.218776,0.234473,0.203202,0.168953,0.134704,0.189792
39,31,0.173962,0.173962,0.173962,0.161892,0.149822,0.156350,0.215357,0.210065,0.204772,0.234799,0.264825,0.333188,0.353212,0.349334,0.380533,0.319102,0.406945,0.374791,0.339585,0.239459,0.215432,0.248433,0.281433,0.275548,0.269664,0.322688,0.375713,0.296948,0.454338,0.545699,0.522399,0.499100,0.479967,0.460835,0.441702,0.253413,0.283276,0.289481,0.234350,0.230578,0.207903,0.185228,0.203202,0.179767,0.182078,0.189792
39,32,0.254309,0.252901,0.251493,0.233704,0.215916,0.243686,0.215357,0.247818,0.312249,0.332056,0.351864,0.420103,0.592201,0.475164,0.620065,0.452936,0.601839,0.461161,0.392381,0.252124,0.216391,0.210780,0.205170,0.234413,0.263656,0.323424,0.383192,0.401872,0.587469,0.597978,0.574794,0.551610,0.528426,0.505243,0.482059,0.355575,0.291252,0.268979,0.250309,0.198225,0.194660,0.191095,0.188000,0.204794,0.219232,0.180657
39,33,0.254309,0.252901,0.251493,0.233704,0.215916,0.243686,0.215357,0.247818,0.312249,0.332056,0.351864,0.420103,0.592201,0.475164,0.620065,0.452936,0.601839,0.461161,0.392381,0.252124,0.216391,0.210780,0.205170,0.234413,0.263656,0.323424,0.383192,0.401872,0.587469,0.597978,0.574794,0.551610,0.528426,0.505243,0.482059,0.355575,0.291252,0.268979,0.250309,0.198225,0.194660,0.191095,0.188000,0.204794,0.219232,0.180657
39,34,0.254309,0.262051,0.251493,0.271592,0.291692,0.243686,0.295792,0.336317,0.376842,0.418354,0.459865,0.517114,0.592201,0.610725,0.620065,0.676936,0.601839,0.498523,0.435339,0.286781,0.216391,0.211122,0.205854,0.234755,0.263656,0.387917,0.512177,0.506413,0.587469,0.597978,0.608252,0.658633,0.597465,0.536297,0.475129,0.355575,0.291252,0.268979,0.250309,0.242155,0.257400,0.272646,0.262856,0.274373,0.219232,0.250744
39,35,0.295874,0.264421,0.317488,0.311274,0.305060,0.284380,0.365471,0.371157,0.376842,0.395098,0.413354,0.528858,0.592201,0.630073,0.686543,0.676936,0.571404,0.479161,0.448009,0.275526,0.209112,0.208946,0.208780,0.231858,0.254935,0.398245,0.541554,0.574076,0.637931,0.624432,0.542736,0.571877,0.539628,0.507378,0.475129,0.263023,0.210594,0.215547,0.220500,0.247563,0.263563,0.279563,0.331065,0.274373,0.305480,0.308446
39,37,0.287772,0.287772,0.287772,0.294852,0.301932,0.293877,0.308057,0.325046,0.342034,0.405174,0.468313,0.557373,0.647456,0.626695,0.683576,0.644846,0.563869,0.487608,0.448009,0.267200,0.208226,0.197218,0.186209,0.188657,0.253013,0.380112,0.507212,0.636831,0.593745,0.624432,0.595836,0.567239,0.520142,0.473046,0.425949,0.312651,0.199353,0.210745,0.195901,0.253045,0.269003,0.284962,0.314024,0.343087,0.307399,0.295960
39,38,0.327406,0.327406,0.327406,0.306146,0.284886,0.274083,0.341003,0.341519,0.342034,0.405174,0.468313,0.557373,0.647456,0.626695,0.689688,0.648215,0.515901,0.495863,0.417902,0.253178,0.208560,0.218602,0.228645,0.202469,0.256468,0.408455,0.560443,0.636831,0.609822,0.577745,0.572492,0.567239,0.520142,0.473046,0.425949,0.218969,0.146665,0.227109,0.196409,0.316698,0.345339,0.373980,0.407483,0.440985,0.399122,0.284340
39,39,0.382542,0.384746,0.386951,0.374129,0.361307,0.334772,0.423338,0.419266,0.415194,0.464399,0.513603,0.561491,0.703053,0.626695,0.689688,0.648215,0.509327,0.514268,0.417902,0.269211,0.197637,0.213141,0.228645,0.202469,0.256468,0.408455,0.560443,0.659248,0.609822,0.577745,0.556265,0.534785,0.491707,0.448630,0.405552,0.169788,0.146665,0.227109,0.196409,0.352458,0.363219,0.373980,0.377324,0.350341,0.399122,0.353469
39,40,0.382542,0.389631,0.396720,0.389652,0.382584,0.358517,0.506159,0.479115,0.452072,0.475775,0.499479,0.561491,0.703053,0.644632,0.707894,0.638646,0.555652,0.485432,0.419595,0.269211,0.197637,0.225662,0.253688,0.154236,0.261319,0.422188,0.583057,0.595798,0.608539,0.577745,0.586697,0.564871,0.511765,0.458658,0.405552,0.224042,0.164078,0.224181,0.208687,0.283268,0.323120,0.362972,0.377324,0.350341,0.376195,0.374761
39,41,0.393481,0.421278,0.449074,0.443452,0.437829,0.407624,0.506159,0.488518,0.470878,0.529065,0.587251,0.618601,0.703053,0.644632,0.707894,0.638646,0.568682,0.512277,0.432466,0.289066,0.201886,0.216576,0.231267,0.132294,0.220652,0.394138,0.567624,0.660624,0.608539,0.618441,0.591656,0.564871,0.545749,0.526627,0.507504,0.191369,0.164078,0.224181,0.208687,0.254109,0.295540,0.336971,0.354109,0.343616,0.283795,0.403137
39,42,0.393481,0.421278,0.449074,0.443452,0.437829,0.407624,0.506159,0.488518,0.470878,0.529065,0.587251,0.618601,0.703053,0.644632,0.707894,0.638646,0.568682,0.512277,0.432466,0.289066,0.201886,0.216576,0.231267,0.132294,0.220652,0.394138,0.567624,0.660624,0.608539,0.618441,0.591656,0.564871,0.545749,0.526627,0.507504,0.191369,0.164078,0.224181,0.208687,0.254109,0.295540,0.336971,0.354109,0.343616,0.283795,0.403137
39,43,0.333783,0.341972,0.350162,0.393996,0.437829,0.319016,0.331510,0.383500,0.435489,0.447170,0.458850,0.618601,0.583792,0.649104,0.729094,0.664795,0.568682,0.483624,0.439176,0.277073,0.184104,0.158709,0.133315,0.132294,0.191338,0.298138,0.404939,0.476640,0.548342,0.618441,0.600664,0.582887,0.557760,0.532632,0.507504,0.257625,0.207268,0.288060,0.247736,0.204652,0.221738,0.238824,0.385038,0.278613,0.192661,0.403137
39,44,0.211904,0.235396,0.258888,0.276393,0.293898,0.256493,0.331510,0.343252,0.333695,0.369182,0.404669,0.516110,0.539238,0.649104,0.729094,0.664795,0.588858,0.485972,0.439176,0.231857,0.176136,0.154725,0.133315,0.114654,0.173857,0.240775,0.307692,0.525770,0.567368,0.682656,0.604331,0.526007,0.519839,0.513672,0.507504,0.361670,0.336203,0.288060,0.259854,0.204652,0.190701,0.176750,0.182054,0.187357,0.192661,0.202541
39,45,0.211904,0.213515,0.215126,0.221958,0.228790,0.218093,0.174663,0.231915,0.289167,0.329533,0.369899,0.516110,0.565932,0.649104,0.769498,0.700403,0.637873,0.508335,0.453810,0.284270,0.189358,0.162343,0.135328,0.109255,0.172440,0.265701,0.358961,0.525770,0.567368,0.682656,0.688208,0.596679,0.611545,0.626410,0.641276,0.420153,0.336203,0.306803,0.277402,0.216983,0.201144,0.185305,0.177789,0.170273,0.162757,0.124599
39,48,0.194436,0.194436,0.191363,0.191859,0.192354,0.194333,0.309065,0.294154,0.279244,0.317597,0.355949,0.564173,0.569800,0.475184,0.635728,0.706424,0.642447,0.533867,0.441204,0.273679,0.180892,0.116786,0.148313,0.178898,0.209484,0.300065,0.390646,0.523913,0.657180,0.716122,0.676417,0.659647,0.649230,0.638813,0.628396,0.460846,0.394198,0.350459,0.306721,0.225848,0.220715,0.215582,0.201796,0.188009,0.174223,0.267092
39,49,0.313498,0.222526,0.290002,0.241178,0.192354,0.308564,0.309065,0.328907,0.348750,0.387745,0.426741,0.564173,0.569800,0.475184,0.580860,0.670572,0.640380,0.533867,0.441204,0.277522,0.208980,0.147732,0.215622,0.212553,0.209484,0.400362,0.591240,0.605654,0.620069,0.626622,0.676417,0.583906,0.537565,0.491225,0.444885,0.328057,0.394198,0.311676,0.229153,0.241663,0.272881,0.304099,0.322770,0.341442,0.283671,0.267092
39,50,0.313498,0.327566,0.349560,0.352194,0.354827,0.386328,0.417334,0.436703,0.456072,0.457311,0.458551,0.564173,0.594109,0.475184,0.657622,0.670572,0.617871,0.535803,0.453736,0.289027,0.216508,0.147732,0.215622,0.228100,0.240578,0.389919,0.539260,0.579665,0.620069,0.626622,0.606313,0.569421,0.527909,0.486397,0.444885,0.219070,0.223954,0.226554,0.229153,0.256841,0.285200,0.313559,0.301847,0.336133,0.283671,0.337992
39,51,0.313498,0.327566,0.349560,0.352194,0.354827,0.386328,0.417334,0.436703,0.456072,0.457311,0.458551,0.564173,0.594109,0.475184,0.657622,0.670572,0.617871,0.535803,0.453736,0.289027,0.216508,0.147732,0.215622,0.228100,0.240578,0.389919,0.539260,0.579665,0.620069,0.626622,0.606313,0.569421,0.527909,0.486397,0.444885,0.219070,0.223954,0.226554,0.229153,0.256841,0.285200,0.313559,0.301847,0.336133,0.283671,0.337992
39,52,0.372537,0.333023,0.364968,0.359898,0.354827,0.367004,0.417334,0.430934,0.444535,0.475473,0.506411,0.567836,0.536641,0.475766,0.657622,0.651888,0.593017,0.523376,0.453736,0.284940,0.225066,0.235423,0.245779,0.254454,0.263129,0.398576,0.534024,0.565091,0.596157,0.626622,0.606313,0.562199,0.523094,0.483990,0.444885,0.202998,0.160668,0.174531,0.188394,0.250441,0.282000,0.313559,0.329587,0.336133,0.342843,0.332566
