row,col,EVI_1,EVI_2,EVI_3,EVI_4,EVI_5,EVI_6,EVI_7,EVI_8,EVI_9,EVI_10,EVI_11,EVI_12,EVI_13,EVI_14,EVI_15,EVI_16,EVI_17,EVI_18,EVI_19,EVI_20,EVI_21,EVI_22,EVI_23,EVI_24,EVI_25,EVI_26,EVI_27,EVI_28,EVI_29,EVI_30,EVI_31,EVI_32,EVI_33,EVI_34,EVI_35,EVI_36,EVI_37,EVI_38,EVI_39,EVI_40,EVI_41,EVI_42,EVI_43,EVI_44,EVI_45,EVI_46
1,18,-0.357905,-0.364102,-0.370299,-0.367786,-0.365273,-0.313367,-0.392892,-0.398524,-0.404156,-0.382219,-0.360283,-0.466081,-0.377001,-0.379666,-0.382330,-0.427183,-0.472036,-0.489548,-0.434462,-0.321863,-0.414164,-0.439019,-0.463875,-0.492283,-0.520691,-0.399883,-0.279074,-0.482671,-0.298402,-0.344187,-0.233635,-0.300650,-0.081192,-0.143572,-0.205951,-0.445980,-0.308872,-0.283123,-0.257373,-0.369596,-0.326639,-0.283681,-0.324312,-0.347222,-0.328256,-0.285719
2,19,-0.287580,-0.337729,-0.332396,-0.300361,-0.268327,-0.235225,-0.202123,-0.303139,-0.404156,-0.327649,-0.251142,-0.228353,-0.205565,-0.182737,-0.237334,-0.210602,-0.257109,-0.261919,-0.266728,-0.255360,-0.275032,-0.289392,-0.303752,-0.213606,-0.373261,-0.292292,-0.211324,-0.214122,-0.216920,-0.088397,-0.173428,-0.096657,0.022200,-0.127333,-0.129598,-0.131863,-0.192632,-0.201612,-0.229487,-0.218281,-0.221718,-0.225155,-0.249553,-0.185466,-0.281110,-0.279152
3,19,-0.267193,-0.303925,-0.263740,-0.339860,-0.247464,-0.242304,-0.178178,-0.278999,-0.329610,-0.299519,-0.269428,-0.270473,-0.271518,-0.182737,-0.156044,-0.170285,-0.232801,-0.218089,-0.252972,-0.209771,-0.216327,-0.224278,-0.232228,-0.142964,-0.256475,-0.215667,-0.174859,-0.159219,-0.143579,-0.152637,-0.161696,-0.139862,0.021071,-0.093865,-0.112864,-0.131863,-0.118373,-0.201612,-0.190206,-0.233276,-0.251642,-0.270007,-0.245213,-0.220420,-0.252456,-0.296513
3,20,-0.267193,-0.303925,-0.249106,-0.297452,-0.212877,-0.242304,-0.178178,-0.224419,-0.270661,-0.254866,-0.239071,-0.273973,-0.255587,-0.139137,-0.068605,-0.187075,-0.176320,-0.218089,-0.252972,-0.198577,-0.216327,-0.270020,-0.323713,-0.218323,-0.276133,-0.225496,-0.174859,-0.159219,-0.143579,-0.090441,-0.161909,-0.127231,-0.117663,-0.108095,-0.112903,-0.117712,-0.136408,-0.155105,-0.199306,-0.243507,-0.245146,-0.246786,-0.233603,-0.220420,-0.295293,-0.297493
7,10,-0.039946,-0.039946,-0.039946,-0.039717,-0.039487,-0.040728,0.019697,0.019120,0.059703,0.163855,0.268008,0.383326,0.498645,0.404740,0.690478,0.534422,0.497538,0.427240,0.474142,0.105488,-0.067686,-0.029445,0.008796,0.114208,0.219620,0.325998,0.432377,0.593886,0.649776,0.663992,0.721648,0.546714,0.539248,0.531783,0.476163,0.420543,0.375759,0.152639,0.217668,0.160185,0.102703,0.045221,0.013122,0.030750,0.016262,0.001774
8,6,-0.061881,-0.061881,-0.061881,-0.061973,-0.062066,-0.084433,0.032124,0.023848,0.015572,0.123796,0.232021,0.447372,0.486276,0.417943,0.621798,0.504088,0.463766,0.469430,0.460267,0.131827,-0.003176,-0.021623,-0.040070,-0.005067,0.115838,0.286497,0.457157,0.526316,0.593206,0.640005,0.686805,0.669678,0.630219,0.590760,0.443991,0.408719,0.437592,0.098546,0.077498,0.056450,0.035402,0.014354,-0.006694,-0.054598,-0.070772,-0.031339
9,6,-0.061426,-0.061426,-0.061426,-0.048835,-0.036245,-0.031476,0.060444,0.081121,0.101797,0.225186,0.348576,0.447372,0.486276,0.452146,0.621798,0.515865,0.516399,0.469430,0.453655,0.143983,-0.004563,-0.004283,-0.004004,0.058545,0.198232,0.309245,0.420257,0.551349,0.625412,0.669391,0.713371,0.676558,0.658505,0.640453,0.552948,0.400797,0.293126,0.051168,0.238797,0.177705,0.116614,0.055522,0.006614,-0.028422,-0.017961,-0.050675
9,7,-0.086784,-0.086784,-0.086784,-0.061609,-0.036434,-0.031476,0.013662,0.048392,0.083123,0.215849,0.348576,0.445164,0.478167,0.453761,0.609601,0.611040,0.516399,0.513956,0.483793,0.143983,-0.004563,-0.082859,-0.161156,-0.039017,0.083123,0.248794,0.414466,0.526316,0.625412,0.703307,0.728774,0.687612,0.652269,0.616925,0.519145,0.421366,0.449006,0.213067,0.162562,0.112057,0.061552,0.011047,-0.084364,-0.028422,-0.017961,-0.050675
10,35,-0.285659,-0.284143,-0.282628,-0.254543,-0.226458,-0.318389,-0.264857,-0.269868,-0.274879,-0.279891,-0.251209,-0.333510,-0.217519,-0.188036,-0.173708,-0.241534,-0.337843,-0.237388,-0.314433,-0.297744,-0.342396,-0.320274,-0.298153,-0.256724,-0.215295,-0.173866,-0.132437,-0.259844,-0.181166,-0.055300,-0.125843,-0.109927,-0.117690,-0.125452,-0.133215,-0.165477,-0.225740,-0.170283,-0.199145,-0.228008,-0.208960,-0.189912,-0.272841,-0.247521,-0.222200,-0.253734
11,35,-0.319867,-0.291313,-0.262758,-0.277561,-0.292364,-0.276979,-0.283923,-0.295527,-0.307131,-0.318735,-0.251209,-0.352935,-0.340151,-0.257856,-0.225080,-0.203675,-0.332218,-0.279087,-0.225955,-0.112257,-0.306109,-0.376637,-0.447164,-0.405887,-0.364609,-0.323331,-0.132437,-0.275550,-0.201940,-0.128329,-0.180564,-0.136225,-0.091886,-0.117313,-0.142739,-0.158762,-0.173650,-0.214034,-0.223946,-0.233858,-0.234694,-0.235530,-0.254430,-0.215458,-0.252859,-0.326322
11,36,-0.223232,-0.243260,-0.263288,-0.240755,-0.218223,-0.276979,-0.165029,-0.186361,-0.207693,-0.229024,-0.250356,-0.352935,-0.257365,-0.159341,-0.138910,-0.203675,-0.213556,-0.223437,-0.225955,-0.107220,-0.306109,-0.371252,-0.436394,-0.452522,-0.468650,-0.333118,-0.197585,-0.275550,-0.148913,-0.022276,-0.184007,-0.127889,-0.178663,-0.160701,-0.142739,-0.171155,-0.190865,-0.156810,-0.322928,-0.233858,-0.204331,-0.174804,-0.254430,-0.184192,-0.252859,-0.233563
11,37,-0.223232,-0.243260,-0.263288,-0.240755,-0.218223,-0.276979,-0.165029,-0.186361,-0.207693,-0.229024,-0.250356,-0.352935,-0.257365,-0.159341,-0.138910,-0.203675,-0.213556,-0.223437,-0.225955,-0.107220,-0.306109,-0.371252,-0.436394,-0.452522,-0.468650,-0.333118,-0.197585,-0.275550,-0.148913,-0.022276,-0.184007,-0.127889,-0.178663,-0.160701,-0.142739,-0.171155,-0.190865,-0.156810,-0.322928,-0.233858,-0.204331,-0.174804,-0.254430,-0.184192,-0.252859,-0.233563
12,2,-0.090576,-0.090576,-0.090576,-0.084210,-0.077845,-0.071109,-0.019557,0.016174,-0.001475,0.082513,0.166502,0.359710,0.419049,0.370309,0.440615,0.443153,0.497223,0.496387,0.468936,0.092224,-0.030064,-0.049911,-0.069758,0.037860,0.145479,0.321506,0.497534,0.534256,0.628632,0.637472,0.668979,0.571587,0.550393,0.529199,0.505697,0.387249,0.360703,0.258473,0.156244,0.111593,0.066941,0.022290,-0.022361,-0.067013,-0.028336,-0.023260
12,3,-0.090576,-0.090576,-0.090576,-0.084210,-0.077845,-0.071109,-0.019557,0.016174,-0.001475,0.082513,0.166502,0.359710,0.419049,0.370309,0.440615,0.443153,0.497223,0.496387,0.468936,0.092224,-0.030064,-0.049911,-0.069758,0.037860,0.145479,0.321506,0.497534,0.534256,0.628632,0.637472,0.668979,0.571587,0.550393,0.529199,0.505697,0.387249,0.360703,0.258473,0.156244,0.111593,0.066941,0.022290,-0.022361,-0.067013,-0.028336,-0.023260
12,38,-0.260049,-0.329150,-0.263288,-0.248887,-0.234487,-0.238387,-0.269822,-0.342666,-0.415510,-0.325550,-0.235590,-0.333389,-0.269003,-0.309906,-0.379668,-0.321317,-0.395757,-0.204206,-0.255480,-0.272449,-0.403631,-0.397407,-0.391184,-0.470220,-0.549256,-0.454587,-0.359918,-0.351483,-0.343958,-0.191593,-0.368830,-0.276648,-0.254849,-0.233051,-0.211252,-0.193759,-0.176267,-0.158774,-0.191068,-0.223362,-0.229791,-0.236219,-0.247624,-0.282709,-0.261107,-0.273514
12,39,-0.260049,-0.329150,-0.263288,-0.248887,-0.234487,-0.238387,-0.269822,-0.342666,-0.415510,-0.325550,-0.235590,-0.333389,-0.269003,-0.309906,-0.379668,-0.321317,-0.395757,-0.204206,-0.255480,-0.272449,-0.403631,-0.397407,-0.391184,-0.470220,-0.549256,-0.454587,-0.359918,-0.351483,-0.343958,-0.191593,-0.368830,-0.276648,-0.254849,-0.233051,-0.211252,-0.193759,-0.176267,-0.158774,-0.191068,-0.223362,-0.229791,-0.236219,-0.247624,-0.282709,-0.261107,-0.273514
12,40,-0.287421,-0.276629,-0.265837,-0.255045,-0.244253,-0.257365,-0.269822,-0.334001,-0.398179,-0.328882,-0.259584,-0.317859,-0.343990,-0.309906,-0.177744,-0.210207,-0.249963,-0.204206,-0.255480,-0.213214,-0.301526,-0.346355,-0.391184,-0.326484,-0.261783,-0.197083,-0.132382,-0.351483,-0.091784,0.014572,-0.095636,-0.173373,-0.112698,-0.139715,-0.166733,-0.227593,-0.131676,-0.158774,-0.169560,-0.180345,-0.191131,-0.201917,-0.271308,-0.227440,-0.305852,-0.297084
13,2,-0.048865,-0.048865,-0.048865,-0.042539,-0.036213,-0.027137,0.032908,0.046494,0.038729,0.142815,0.246901,0.389872,0.430510,0.432929,0.524057,0.549839,0.571824,0.497813,0.490898,0.139122,-0.022012,0.030691,0.083394,0.136098,0.188801,0.292663,0.396526,0.485367,0.656919,0.605552,0.669945,0.670912,0.600055,0.529199,0.470071,0.394805,0.382730,0.167301,0.168296,0.137466,0.106635,0.075805,0.044975,0.014145,-0.034612,-0.082428
13,3,-0.039158,-0.039158,-0.039158,-0.015765,0.007628,0.044086,0.161595,0.116381,0.071719,0.206839,0.341958,0.434179,0.479762,0.421455,0.630398,0.521784,0.554202,0.524484,0.490898,0.161692,-0.033094,-0.041721,-0.050348,0.069227,0.188801,0.317203,0.445606,0.598618,0.693112,0.683358,0.678868,0.595438,0.590530,0.585622,0.553030,0.395527,0.388153,0.167301,0.216831,0.161157,0.105482,0.049808,-0.005867,-0.061541,-0.043605,-0.087511
13,4,0.096358,0.096358,0.096358,0.093650,0.090943,0.044086,0.237052,0.116381,0.228355,0.285156,0.341958,0.510772,0.520815,0.426353,0.630398,0.521960,0.539950,0.512950,0.529356,0.076119,-0.033094,-0.033714,-0.034334,0.077726,0.189785,0.332068,0.474352,0.558438,0.669831,0.685662,0.678868,0.674478,0.676073,0.677667,0.540712,0.411937,0.447375,0.205194,0.281799,0.221338,0.160877,0.100416,0.039955,-0.020506,-0.043605,-0.087511
13,5,0.096358,0.096358,0.096358,0.093650,0.090943,0.044086,0.237052,0.116381,0.228355,0.285156,0.341958,0.510772,0.520815,0.426353,0.630398,0.521960,0.539950,0.512950,0.529356,0.076119,-0.033094,-0.033714,-0.034334,0.077726,0.189785,0.332068,0.474352,0.558438,0.669831,0.685662,0.678868,0.674478,0.676073,0.677667,0.540712,0.411937,0.447375,0.205194,0.281799,0.221338,0.160877,0.100416,0.039955,-0.020506,-0.043605,-0.087511
14,4,0.096358,0.096358,0.096358,0.134514,0.172670,0.023633,0.158599,0.222929,0.263026,0.357639,0.452253,0.409772,0.484311,0.450596,0.658274,0.521960,0.550050,0.529766,0.529356,0.072108,-0.102362,-0.059242,-0.016121,0.098557,0.213236,0.357719,0.502202,0.589886,0.666354,0.654424,0.642494,0.715405,0.681054,0.646703,0.592412,0.419579,0.406321,0.214283,0.290430,0.187039,0.083647,-0.019744,-0.041148,-0.022661,-0.027269,-0.012536
14,5,0.198317,0.198317,0.198317,0.212969,0.227620,0.062598,0.311484,0.222929,0.278158,0.365206,0.452253,0.461703,0.544457,0.459071,0.658274,0.495185,0.561653,0.529766,0.543156,0.052585,-0.019104,-0.038422,-0.057740,0.073961,0.205661,0.353931,0.502202,0.668169,0.666354,0.837338,0.776371,0.715405,0.664384,0.613363,0.649348,0.468558,0.477810,0.301458,0.290430,0.180304,0.070178,-0.039948,-0.031304,-0.022661,-0.018991,-0.015322
14,48,-0.232916,-0.394112,-0.210013,-0.231088,-0.252164,-0.273240,-0.257837,-0.288158,-0.318480,-0.184752,-0.173266,-0.233383,-0.178424,-0.193831,-0.147010,-0.243401,-0.207687,-0.136391,-0.250929,-0.245368,-0.239807,-0.234138,-0.228469,-0.189187,-0.149905,-0.110623,-0.071341,-0.185113,-0.127500,-0.101685,-0.288613,-0.150239,-0.072040,-0.098514,-0.124987,-0.134296,-0.143605,-0.152914,-0.366695,-0.268537,-0.248158,-0.227779,-0.278389,-0.224830,-0.316851,-0.342611
14,49,-0.296177,-0.417841,-0.327484,-0.330777,-0.334069,-0.411799,-0.281320,-0.279428,-0.277536,-0.275644,-0.207214,-0.233383,-0.215380,-0.278864,-0.263462,-0.248060,-0.182755,-0.134355,-0.250929,-0.279670,-0.308412,-0.268440,-0.228469,-0.296043,-0.225085,-0.154126,-0.083167,0.124392,-0.186374,-0.154979,-0.024664,-0.170127,-0.128535,-0.126761,-0.124987,-0.235174,-0.345360,-0.211517,-0.366695,-0.307159,-0.290623,-0.274087,-0.362982,-0.224830,-0.353075,-0.309297
14,52,-0.438291,-0.438291,-0.337649,-0.271123,-0.204596,-0.216849,-0.217772,-0.197008,-0.176244,-0.162489,-0.148735,-0.254171,-0.204333,-0.216721,-0.198444,-0.180167,-0.161890,-0.130621,-0.130571,-0.241551,-0.228877,-0.226851,-0.242258,-0.217840,-0.355650,-0.208883,-0.062116,-0.064588,-0.067059,-0.069530,0.000353,-0.036992,-0.074338,-0.115563,-0.127920,-0.138680,-0.149439,-0.160198,-0.283726,-0.233188,-0.229578,-0.225968,-0.328520,-0.235824,-0.338763,-0.345796
15,2,-0.089499,-0.071461,-0.053423,-0.053483,-0.053542,-0.040237,0.039644,-0.001082,-0.041994,0.049258,0.140511,0.234058,0.248349,0.290558,0.438853,0.306737,0.337184,0.333183,0.363504,0.018175,-0.155910,-0.037245,0.081420,0.129652,0.177883,0.228845,0.279806,0.416499,0.515797,0.515258,0.514718,0.340515,0.353455,0.366396,0.330864,0.210834,0.264567,0.081313,0.061708,0.042103,0.022498,0.002892,-0.003817,-0.010526,-0.011984,-0.051020
15,3,-0.044069,-0.009695,0.024678,0.046916,0.069154,0.008953,0.091355,-0.001082,0.098775,0.217896,0.337018,0.396584,0.435061,0.290558,0.438853,0.501026,0.480189,0.454782,0.363504,0.109428,-0.052020,0.005456,0.062931,0.120407,0.177883,0.337377,0.496871,0.393599,0.515797,0.630701,0.651194,0.630576,0.524081,0.417585,0.559641,0.299356,0.364580,0.081313,0.101332,0.076689,0.052045,0.027402,0.008965,0.036637,0.038260,0.017176
15,4,-0.044069,-0.009695,0.024678,0.031608,0.038537,-0.027237,0.158599,0.046700,0.088323,0.212671,0.337018,0.449757,0.485873,0.467318,0.709125,0.543369,0.550050,0.591586,0.538670,0.109428,0.006849,0.064928,0.123007,0.181086,0.239165,0.375483,0.511801,0.592244,0.666354,0.701990,0.737626,0.713624,0.646580,0.579535,0.559641,0.465806,0.364580,0.214389,0.211916,0.138787,0.065657,-0.007472,-0.014079,0.017425,0.038260,0.002303
15,8,-0.112374,-0.112374,-0.112374,-0.095029,-0.077683,-0.076677,-0.027151,-0.017821,-0.019175,0.212548,0.196306,0.398667,0.516911,0.583644,0.650377,0.478453,0.468788,0.454895,0.494643,-0.010833,-0.149221,-0.065357,0.018507,0.102371,0.186235,0.350824,0.515413,0.547265,0.648672,0.756399,0.733177,0.711629,0.655288,0.598948,0.592206,0.390933,0.390132,0.236812,0.132322,0.080761,0.029201,-0.022359,-0.065557,0.082260,0.065100,0.065100
15,9,-0.126807,-0.126807,-0.126807,-0.117708,-0.108608,-0.076677,-0.104598,-0.017821,-0.023765,0.212548,0.196306,0.394464,0.506505,0.585807,0.665109,0.490001,0.485531,0.462149,0.489773,-0.014147,-0.119729,-0.083209,-0.046689,-0.010168,0.170772,0.326868,0.482964,0.530300,0.633805,0.760831,0.747908,0.711629,0.659671,0.607714,0.592206,0.400225,0.298541,0.196857,0.095172,0.071011,0.046851,0.022690,-0.055648,-0.013676,0.036456,0.036456
15,10,-0.126807,-0.126807,-0.126807,-0.117708,-0.108608,-0.076677,-0.104598,-0.017821,-0.023765,0.212548,0.196306,0.394464,0.506505,0.585807,0.665109,0.490001,0.485531,0.462149,0.489773,-0.014147,-0.119729,-0.083209,-0.046689,-0.010168,0.170772,0.326868,0.482964,0.530300,0.633805,0.760831,0.747908,0.711629,0.659671,0.607714,0.592206,0.400225,0.298541,0.196857,0.095172,0.071011,0.046851,0.022690,-0.055648,-0.013676,0.036456,0.036456
15,11,-0.089781,-0.089781,-0.089781,-0.081851,-0.073920,-0.051330,-0.068453,-0.014671,0.028222,0.212548,0.256918,0.422482,0.457100,0.561105,0.665109,0.495717,0.500462,0.465035,0.483238,0.015913,-0.124781,-0.062091,0.000600,0.063290,0.210193,0.343113,0.476034,0.474762,0.657071,0.760831,0.747908,0.682888,0.614362,0.545835,0.572717,0.401166,0.299168,0.197170,0.095172,0.058659,0.022146,-0.014367,-0.055648,-0.013676,0.036456,0.036456
15,12,-0.146025,-0.146025,-0.146025,-0.116343,-0.086662,-0.064589,-0.068453,-0.014671,-0.023789,0.099391,0.222572,0.394392,0.426147,0.464212,0.675168,0.494610,0.496128,0.474508,0.489069,0.053934,-0.059159,-0.022296,0.014567,0.051430,0.210193,0.347231,0.484269,0.474762,0.657071,0.766015,0.704587,0.271323,0.408579,0.545835,0.572717,0.401166,0.334170,0.267174,0.200178,0.133182,0.066186,-0.000810,-0.010104,0.021817,0.011676,-0.025295
15,13,-0.146025,-0.146025,-0.146025,-0.138195,-0.130365,-0.074576,-0.103925,-0.033530,-0.043932,0.084328,0.212588,0.405396,0.473994,0.464212,0.675168,0.491307,0.543496,0.462574,0.489069,0.005914,-0.059159,-0.022296,0.014567,0.051430,0.183970,0.340007,0.496044,0.413357,0.658727,0.766015,0.905148,0.777439,0.649731,0.522022,0.607807,0.441899,0.412375,0.320291,0.228207,0.136123,0.044039,-0.048044,-0.091730,-0.045616,-0.014562,-0.060046
15,49,-0.296177,-0.441279,-0.327484,-0.327629,-0.327774,-0.411799,-0.281320,-0.257526,-0.233732,-0.214951,-0.196170,-0.193246,-0.190323,-0.213461,-0.195699,-0.177938,-0.182755,-0.152753,-0.181263,-0.264039,-0.327231,-0.268802,-0.210373,-0.187808,-0.165242,-0.142676,-0.120111,0.129835,-0.155078,-0.117858,-0.024664,0.064048,0.152759,-0.003281,-0.159321,-0.167984,-0.146952,-0.183300,-0.244859,-0.306418,-0.297911,-0.289405,-0.319835,-0.220004,-0.307234,-0.348527
15,50,-0.296177,-0.464039,-0.327484,-0.356683,-0.385883,-0.357607,-0.281320,-0.270884,-0.260447,-0.222325,-0.184203,-0.243756,-0.380478,-0.225453,-0.180417,-0.135381,-0.207933,-0.152753,-0.247716,-0.287813,-0.248523,-0.226851,-0.276315,-0.325779,-0.375244,-0.247677,-0.120111,0.134951,0.128803,0.122655,-0.039913,-0.175987,-0.116698,-0.150218,-0.183737,-0.167984,-0.215431,-0.220675,-0.445614,-0.314438,-0.300528,-0.286617,-0.319835,-0.224220,-0.315456,-0.357316
15,51,-0.355468,-0.488765,-0.327484,-0.344146,-0.360808,-0.344963,-0.254288,-0.242598,-0.230909,-0.189822,-0.148735,-0.243756,-0.353575,-0.225453,-0.215026,-0.204598,-0.207933,-0.118063,-0.132696,-0.257015,-0.379753,-0.226851,-0.276315,-0.325779,-0.375244,-0.247677,-0.120111,0.134951,0.128803,0.122655,-0.039913,-0.071896,-0.103878,-0.135861,-0.167843,-0.160426,-0.188646,-0.216867,-0.363848,-0.314438,-0.300528,-0.286617,-0.362094,-0.236028,-0.336214,-0.313150
15,52,-0.322437,-0.493506,-0.279748,-0.293330,-0.306912,-0.344963,-0.218329,-0.214110,-0.209892,-0.179314,-0.148735,-0.251583,-0.260138,-0.259092,-0.209571,-0.160050,-0.170970,-0.118063,-0.132696,-0.212807,-0.330296,-0.226851,-0.269784,-0.312717,-0.355650,-0.267172,-0.178694,-0.141256,-0.103819,0.161799,0.027188,-0.130817,-0.099292,-0.083790,-0.131844,-0.179898,-0.149910,-0.119922,-0.363848,-0.330771,-0.307640,-0.284510,-0.362094,-0.235824,-0.336214,-0.355951
16,1,0.045983,0.032788,0.019593,0.036176,0.052759,0.008966,0.008615,0.027182,0.045749,0.135473,0.225197,0.265337,0.363765,0.368769,0.438853,0.412403,0.436337,0.357429,0.458543,0.089541,-0.007802,0.055193,0.118189,0.181184,0.244179,0.340116,0.436052,0.546968,0.515797,0.620191,0.549360,0.478528,0.465603,0.452678,0.403144,0.237240,0.231699,0.048841,0.041820,0.034799,0.027779,0.020758,0.054503,0.033274,0.028981,0.012012
16,2,0.009683,0.029662,0.049641,0.059397,0.069154,0.064801,0.116745,0.123672,0.130599,0.233500,0.336401,0.396584,0.444046,0.368769,0.548205,0.463589,0.468649,0.483094,0.458543,0.102766,-0.024200,-0.025346,-0.026492,0.108844,0.244179,0.380036,0.515893,0.393599,0.515797,0.682165,0.651194,0.635068,0.593726,0.552383,0.552234,0.254327,0.285457,0.048841,0.043481,0.038121,0.032762,0.027402,-0.006145,0.005310,0.010136,-0.003458
16,3,0.009683,0.008837,0.007992,0.009493,0.010995,-0.022331,0.072847,0.060212,0.047577,0.191989,0.336401,0.427078,0.485873,0.441813,0.709125,0.552235,0.617313,0.552398,0.519605,0.214101,0.002912,0.064655,0.126398,0.188141,0.249884,0.382889,0.515893,0.607966,0.700038,0.698394,0.753737,0.701651,0.664196,0.626740,0.552234,0.433487,0.285457,0.200711,0.154118,0.107526,0.060933,0.014341,-0.006463,0.005310,0.010136,-0.005310
16,4,0.009683,0.008837,0.007992,0.009493,0.010995,-0.022331,0.072847,0.060212,0.047577,0.191989,0.336401,0.427078,0.485873,0.441813,0.709125,0.552235,0.617313,0.552398,0.519605,0.214101,0.002912,0.064655,0.126398,0.188141,0.249884,0.382889,0.515893,0.607966,0.700038,0.698394,0.753737,0.701651,0.664196,0.626740,0.552234,0.433487,0.285457,0.200711,0.154118,0.107526,0.060933,0.014341,-0.006463,0.005310,0.010136,-0.005310
16,8,-0.112374,-0.112374,-0.112374,-0.101224,-0.090075,-0.083099,-0.027151,-0.017889,-0.024372,0.212548,0.178362,0.385920,0.423323,0.428113,0.635757,0.487463,0.493324,0.541963,0.494643,0.079889,-0.083070,-0.015743,0.051583,0.118909,0.186235,0.327458,0.468682,0.616975,0.651428,0.772325,0.798215,0.715415,0.691830,0.668245,0.619588,0.460388,0.456256,0.236812,0.176535,0.116258,0.055981,-0.004296,0.023756,0.055583,0.029937,-0.033500
16,9,-0.107014,-0.107014,-0.107014,-0.107811,-0.108608,-0.083099,-0.085259,-0.017889,-0.023765,0.212548,0.251817,0.394464,0.444341,0.454068,0.659027,0.506465,0.521208,0.448192,0.483238,0.010613,-0.108047,-0.050440,0.007167,0.064774,0.233520,0.373758,0.513995,0.616975,0.633805,0.750714,0.716795,0.715415,0.699377,0.683338,0.619588,0.464137,0.393752,0.323367,0.252982,0.182597,0.112212,0.041826,0.023756,0.037219,0.075082,0.075082
16,10,-0.087993,-0.087993,-0.087993,-0.083034,-0.078076,-0.051582,-0.059348,-0.016773,0.017445,0.228413,0.251817,0.415758,0.457100,0.471082,0.659027,0.515156,0.534570,0.452649,0.483238,-0.005764,-0.101994,-0.029405,0.043185,0.115774,0.233113,0.362025,0.490938,0.474762,0.661525,0.750714,0.716795,0.705644,0.650676,0.595708,0.592128,0.464137,0.384387,0.304636,0.224885,0.145134,0.065384,-0.014367,-0.013257,0.037219,0.075082,0.075082
16,11,-0.114363,-0.114363,-0.114363,-0.093970,-0.073577,-0.049885,-0.059348,0.007383,0.012179,0.228413,0.293446,0.424002,0.443316,0.471082,0.684587,0.480353,0.496128,0.469482,0.512366,0.056819,-0.041585,0.010868,0.063321,0.115774,0.233113,0.365939,0.498765,0.506011,0.661525,0.758014,0.732234,0.715148,0.655428,0.595708,0.592128,0.421976,0.351495,0.281013,0.210531,0.140049,0.069567,-0.000915,-0.033748,-0.009990,-0.015896,-0.078241
16,12,-0.114363,-0.114363,-0.114363,-0.095318,-0.076273,-0.048154,-0.063465,-0.011427,0.007801,0.228413,0.272760,0.424002,0.491689,0.475606,0.684587,0.491049,0.507679,0.474530,0.512366,0.037495,-0.041585,-0.018788,0.004009,0.026806,0.183970,0.348381,0.512793,0.492357,0.667961,0.758014,0.732234,0.723838,0.625630,0.527422,0.607807,0.455536,0.430478,0.335457,0.240435,0.145414,0.050393,-0.044628,-0.081924,-0.056620,-0.039368,-0.039368
16,13,-0.114363,-0.114363,-0.114363,-0.095318,-0.076273,-0.048154,-0.063465,-0.011427,0.007801,0.228413,0.272760,0.424002,0.491689,0.475606,0.684587,0.491049,0.507679,0.474530,0.512366,0.037495,-0.041585,-0.018788,0.004009,0.026806,0.183970,0.348381,0.512793,0.492357,0.667961,0.758014,0.732234,0.723838,0.625630,0.527422,0.607807,0.455536,0.430478,0.335457,0.240435,0.145414,0.050393,-0.044628,-0.081924,-0.056620,-0.039368,-0.039368
16,14,-0.111098,-0.111098,-0.111098,-0.093092,-0.075085,-0.048154,-0.060009,-0.011427,0.007801,0.126367,0.244933,0.413028,0.422661,0.457932,0.632666,0.491502,0.504102,0.474530,0.518856,0.032774,-0.079608,-0.034561,0.010487,0.055535,0.200051,0.356422,0.512793,0.505282,0.667961,0.778829,0.719630,0.723838,0.612054,0.500269,0.600944,0.425335,0.430478,0.337287,0.244096,0.150906,0.057715,-0.035476,-0.057298,-0.040685,-0.039368,-0.039368
16,51,-0.317085,-0.449217,-0.231354,-0.232874,-0.234394,-0.221779,-0.202227,-0.198359,-0.194491,-0.184797,-0.175102,-0.243756,-0.304231,-0.242490,-0.180749,-0.164307,-0.147865,-0.131423,-0.132696,-0.249316,-0.248523,-0.293478,-0.338433,-0.278919,-0.357428,-0.173313,0.010802,0.048086,0.085370,0.122655,0.055799,-0.188560,-0.116698,-0.195665,-0.167843,-0.183923,-0.200603,-0.266211,-0.331819,-0.298924,-0.324718,-0.350512,-0.362094,-0.278592,-0.397213,-0.435164
16,52,-0.317085,-0.296412,-0.275740,-0.255067,-0.234394,-0.221779,-0.183965,-0.204389,-0.224814,-0.199958,-0.175102,-0.203909,-0.280534,-0.193915,-0.171079,-0.206449,-0.286200,-0.131423,-0.132696,-0.226752,-0.163178,-0.235430,-0.307683,-0.278919,-0.357428,-0.268061,-0.178694,-0.156123,-0.133552,0.211918,0.044876,-0.188560,0.123495,-0.195665,-0.167843,-0.223648,-0.222292,-0.220937,-0.331819,-0.372664,-0.356008,-0.339352,-0.362094,-0.255013,-0.397213,-0.397213
17,1,0.127359,0.164993,0.202627,0.117218,0.031809,0.156105,0.237426,0.189895,0.282055,0.342284,0.402512,0.423758,0.467306,0.424449,0.548205,0.525318,0.551573,0.573223,0.574837,0.123745,-0.014783,0.015505,0.045794,0.149863,0.253932,0.410142,0.566352,0.533896,0.628033,0.624898,0.632318,0.639737,0.576377,0.513017,0.515158,0.346631,0.313041,0.139484,0.106819,0.074154,0.041490,0.008825,0.032128,0.031509,0.054548,0.030927
17,2,0.075200,0.138913,0.202627,0.207633,0.212639,0.180969,0.121033,0.184782,0.160431,0.281472,0.402512,0.459452,0.594576,0.477687,0.548205,0.550784,0.468649,0.601392,0.574837,0.137795,-0.024401,0.003367,0.031134,0.142533,0.253932,0.397614,0.541297,0.562627,0.628033,0.644378,0.660723,0.677069,0.622032,0.566995,0.579399,0.254332,0.212781,-0.012630,-0.001459,0.009713,0.020885,0.032057,-0.017344,-0.015069,0.010136,0.008816
17,3,0.075200,0.043845,0.012491,0.001952,-0.008587,0.180969,0.121033,0.055890,0.049881,0.195036,0.340192,0.493902,0.451942,0.558765,0.661878,0.500087,0.569665,0.576384,0.519605,0.115522,-0.104018,-0.011562,0.080894,0.173351,0.265807,0.403552,0.541297,0.616221,0.664869,0.645533,0.626197,0.606861,0.620016,0.633170,0.579399,0.417416,0.432129,0.085223,0.061305,0.037388,0.013471,-0.010446,-0.009520,-0.015069,0.024469,0.008816
17,8,-0.125777,-0.125777,-0.125777,-0.111504,-0.097231,-0.082208,-0.099522,0.001146,-0.014507,0.176171,0.186382,0.369475,0.384012,0.413613,0.593118,0.425986,0.431420,0.518888,0.489804,0.033465,-0.076477,-0.010817,0.054843,0.120503,0.186163,0.346380,0.506597,0.579012,0.651428,0.721733,0.759343,0.702100,0.686947,0.671794,0.602245,0.445261,0.415973,0.262177,0.194280,0.126383,0.058486,-0.009411,0.027921,0.053104,0.028797,-0.045160
17,11,-0.088340,-0.088340,-0.088340,-0.076815,-0.065290,-0.051268,-0.056312,0.018019,0.037034,0.211321,0.305276,0.427257,0.494642,0.475606,0.684587,0.531682,0.560220,0.517319,0.529475,0.047676,-0.106631,-0.026389,0.053853,0.134095,0.214337,0.384090,0.553842,0.618102,0.681581,0.693734,0.699335,0.661655,0.649570,0.637485,0.614955,0.456408,0.381198,0.305989,0.230780,0.155571,0.080361,0.005152,-0.053637,-0.038480,-0.037034,-0.078241
17,12,-0.116565,-0.116565,-0.116565,-0.086659,-0.056753,-0.045519,-0.062167,0.021681,0.035739,0.211321,0.312900,0.443745,0.499205,0.475606,0.684587,0.516728,0.536577,0.489545,0.529475,0.094103,-0.021192,-0.006618,0.007956,0.022530,0.217951,0.385897,0.553842,0.597056,0.681780,0.758014,0.633388,0.689603,0.644576,0.599549,0.614955,0.456899,0.490982,0.382764,0.274545,0.166327,0.058109,-0.050110,-0.089229,-0.075675,-0.037034,-0.087814
17,13,-0.099439,-0.099439,-0.099439,-0.087262,-0.075085,-0.040692,-0.043761,0.021681,0.035739,0.168525,0.301312,0.383038,0.405252,0.457932,0.632666,0.484836,0.513219,0.489545,0.536114,0.064829,-0.021192,-0.008614,0.003965,0.016543,0.214867,0.380801,0.546735,0.597056,0.681780,0.758014,0.722591,0.663006,0.603422,0.543838,0.606916,0.456899,0.490982,0.379931,0.268879,0.157828,0.046776,-0.064275,-0.070748,-0.075675,-0.063577,-0.097407
17,14,-0.090382,-0.090382,-0.090382,-0.082239,-0.074096,-0.057741,-0.079920,-0.011830,-0.016106,0.074519,0.165145,0.383038,0.405252,0.432048,0.632666,0.441107,0.471249,0.465547,0.536114,0.057978,-0.072647,-0.000768,0.071110,0.142989,0.214867,0.349387,0.483906,0.565116,0.654603,0.776047,0.698633,0.640124,0.524174,0.408224,0.606916,0.441774,0.466561,0.367602,0.268643,0.169685,0.070726,-0.028233,-0.035624,-0.070135,-0.013766,-0.009162
17,15,-0.090382,-0.090382,-0.090382,-0.082239,-0.074096,-0.057741,-0.079920,-0.011830,-0.016106,0.074519,0.165145,0.383038,0.405252,0.432048,0.632666,0.441107,0.471249,0.465547,0.536114,0.057978,-0.072647,-0.000768,0.071110,0.142989,0.214867,0.349387,0.483906,0.565116,0.654603,0.776047,0.698633,0.640124,0.524174,0.408224,0.606916,0.441774,0.466561,0.367602,0.268643,0.169685,0.070726,-0.028233,-0.035624,-0.070135,-0.013766,-0.009162
17,29,-0.148641,-0.135521,-0.122402,-0.118578,-0.114753,-0.076844,-0.031535,-0.037083,-0.042631,0.043638,0.129907,0.339081,0.361338,0.361100,0.592024,0.505711,0.450153,0.338461,0.515493,0.052385,-0.092202,-0.066751,-0.041299,-0.015848,0.145572,0.283386,0.421199,0.523071,0.616308,0.731926,0.676025,0.590895,0.602666,0.614436,0.626207,0.439964,0.334057,0.228150,0.122860,0.017571,-0.008696,-0.034962,-0.054559,-0.038737,-0.012462,-0.012462
17,30,-0.137101,-0.117117,-0.097133,-0.105943,-0.114753,-0.076844,-0.031535,0.003273,0.038081,0.083994,0.129907,0.339081,0.396333,0.361100,0.536277,0.485744,0.379094,0.338461,0.515493,0.020977,-0.127453,-0.107012,-0.086571,0.015237,0.141445,0.280320,0.419195,0.512311,0.616308,0.731926,0.611928,0.521521,0.556416,0.591311,0.626207,0.376444,0.299714,0.222985,0.111578,0.000172,0.020403,0.040634,-0.047498,-0.038737,-0.012462,-0.012462
18,2,0.075200,0.159836,0.244472,0.256917,0.269361,0.161134,0.157307,0.192949,0.228591,0.313854,0.399117,0.444572,0.501761,0.405159,0.639684,0.572977,0.597634,0.565206,0.574837,0.137795,-0.009048,0.011043,0.031134,0.142468,0.253802,0.415934,0.578065,0.639442,0.650000,0.672660,0.691607,0.687429,0.645635,0.603841,0.579399,0.315366,0.212781,0.166931,0.121081,0.075231,0.029382,-0.016468,-0.001889,0.006979,0.024469,0.030328
18,3,0.075200,0.056421,0.037643,0.032708,0.027772,0.161134,0.157307,0.114660,0.072013,0.214874,0.357734,0.493902,0.573844,0.460660,0.670512,0.572977,0.617365,0.576384,0.539373,0.085426,-0.034495,0.003337,0.041169,0.153488,0.265807,0.574217,0.578065,0.646114,0.687591,0.741297,0.709781,0.606861,0.601220,0.595579,0.579399,0.404386,0.423536,0.336683,0.249830,0.162977,0.076124,-0.010729,0.009360,0.006979,0.024469,0.012327
18,4,-0.103382,-0.103382,-0.103382,-0.080198,-0.057014,-0.029701,0.026169,0.049091,0.072013,0.188782,0.305551,0.460760,0.495972,0.460660,0.670512,0.546108,0.607583,0.594312,0.539373,0.173796,-0.034495,0.003337,0.041169,0.128330,0.215492,0.518396,0.567922,0.632666,0.687591,0.849290,0.782960,0.716630,0.656104,0.595579,0.631883,0.456646,0.423536,0.187798,0.143174,0.098550,0.053926,0.009302,0.004447,0.005727,0.000850,-0.004026
18,7,-0.075582,-0.075582,-0.075582,-0.075582,-0.075582,-0.059662,-0.076456,0.001146,0.023928,0.133310,0.242692,0.430399,0.455223,0.389935,0.593118,0.476308,0.480175,0.468375,0.471665,-0.006158,-0.141927,-0.060747,0.020434,0.101614,0.182794,0.361571,0.540347,0.590906,0.581475,0.724947,0.695074,0.749738,0.683500,0.617262,0.622968,0.458254,0.415973,0.090693,0.071958,0.053224,0.034489,0.015754,0.004560,0.015174,0.028256,-0.005492
18,10,-0.070205,-0.070205,-0.070205,-0.035380,-0.000556,0.050972,-0.028644,0.052968,0.057629,0.211321,0.308154,0.415469,0.442731,0.426082,0.628096,0.474798,0.484419,0.436919,0.511711,0.015919,-0.025170,0.034707,0.094584,0.154460,0.214337,0.341119,0.467900,0.581548,0.621517,0.743143,0.735997,0.702584,0.630016,0.557448,0.571546,0.432296,0.426192,0.339257,0.252322,0.165387,0.078452,-0.008484,-0.043763,-0.053585,-0.037130,-0.037130
18,11,-0.070205,-0.070205,-0.070205,-0.060943,-0.051682,-0.058994,-0.028644,0.052968,0.024073,0.211321,0.291313,0.431447,0.416480,0.426082,0.587965,0.460336,0.484198,0.420010,0.529475,0.018302,-0.010852,0.012091,0.035035,0.057978,0.214337,0.332331,0.450325,0.572253,0.621517,0.734121,0.620887,0.507653,0.532551,0.557448,0.572222,0.464580,0.429273,0.339779,0.250286,0.160793,0.071299,-0.018194,-0.078484,-0.084254,-0.037034,-0.085431
18,12,-0.110829,-0.110829,-0.110829,-0.075169,-0.039508,-0.034628,-0.056940,0.069086,0.050744,0.211321,0.312900,0.431447,0.435358,0.422142,0.587965,0.438417,0.455254,0.410087,0.487363,0.030864,-0.011816,0.043220,0.098256,0.153292,0.208328,0.329326,0.450325,0.554187,0.681780,0.734121,0.633388,0.326433,0.416395,0.506357,0.572222,0.475945,0.429273,0.331797,0.234321,0.136845,0.039369,-0.058107,-0.071080,-0.084037,-0.063577,-0.090858
18,13,-0.039937,-0.039937,-0.039937,-0.052479,-0.065021,-0.034628,0.011700,0.021494,0.050744,0.178279,0.305814,0.407125,0.435358,0.392419,0.553440,0.423931,0.443185,0.410087,0.536114,0.002442,-0.011816,0.043220,0.098256,0.153292,0.208328,0.345611,0.482894,0.578191,0.647768,0.744877,0.705150,0.326433,0.421415,0.516396,0.562560,0.475945,0.444638,0.342304,0.239970,0.137636,0.035301,-0.067033,-0.070748,-0.084037,-0.063577,-0.097019
18,29,-0.165148,-0.141171,-0.117193,-0.127539,-0.137884,-0.093917,-0.041500,-0.035319,-0.044949,0.042479,0.129907,0.370172,0.359592,0.524828,0.649121,0.576446,0.565328,0.436479,0.456330,0.149852,-0.091251,-0.071660,-0.052068,-0.032476,0.159085,0.302051,0.445018,0.590177,0.670108,0.731926,0.716346,0.636863,0.650955,0.665047,0.679139,0.481431,0.393473,0.305515,0.176160,0.046805,0.026519,0.006233,-0.041255,-0.047798,-0.043980,-0.052914
18,31,0.006542,0.051913,0.097284,0.069830,0.042376,0.107959,0.157904,0.181687,0.205470,0.285657,0.365845,0.411369,0.441572,0.422048,0.651779,0.585048,0.596295,0.443941,0.464682,-0.002057,-0.051423,-0.007575,0.036274,0.080122,0.123970,0.297594,0.471217,0.556235,0.656261,0.733344,0.690021,0.644432,0.635125,0.625818,0.616511,0.416450,0.474158,0.250198,0.146093,0.041988,0.004467,-0.033055,-0.078471,-0.086216,-0.076688,-0.076688
19,0,-0.020089,-0.015153,-0.010217,-0.019076,-0.027935,-0.006125,0.025324,0.080300,0.135276,0.188803,0.242330,0.434496,0.426573,0.436367,0.593551,0.519612,0.551616,0.542997,0.554086,0.181475,0.009934,0.026698,0.043463,0.143527,0.243590,0.373193,0.502796,0.634098,0.654457,0.697368,0.669870,0.642372,0.619617,0.596863,0.543660,0.444667,0.393973,0.323288,0.252603,0.181919,0.111234,0.040549,0.029488,0.029817,0.053911,0.019214
19,1,-0.042490,-0.026354,-0.010217,0.004194,0.018606,-0.006125,0.025324,0.048305,0.071287,0.156808,0.242330,0.383052,0.501761,0.436367,0.593551,0.574788,0.581871,0.565206,0.554086,0.148504,-0.051948,-0.011668,0.028611,0.147699,0.266786,0.384791,0.502796,0.634098,0.654457,0.780224,0.723250,0.636799,0.621450,0.606102,0.576883,0.457888,0.391378,0.315864,0.240350,0.164836,0.089322,0.013808,0.016751,0.029817,0.000416,0.019214
19,2,-0.042490,-0.026354,-0.010217,0.004194,0.018606,-0.006125,0.025324,0.048305,0.071287,0.156808,0.242330,0.383052,0.501761,0.436367,0.593551,0.574788,0.581871,0.565206,0.554086,0.148504,-0.051948,-0.011668,0.028611,0.147699,0.266786,0.384791,0.502796,0.634098,0.654457,0.780224,0.723250,0.636799,0.621450,0.606102,0.576883,0.457888,0.391378,0.315864,0.240350,0.164836,0.089322,0.013808,0.016751,0.029817,0.000416,0.019214
19,3,-0.042490,-0.057519,-0.072548,-0.063691,-0.054834,-0.029701,-0.029713,0.048996,-0.010497,0.059611,0.129720,0.383052,0.441987,0.520220,0.563508,0.564827,0.577213,0.537447,0.521923,0.157063,0.032540,0.040565,0.048590,0.157688,0.266786,0.530976,0.558168,0.632666,0.667955,0.734588,0.711881,0.689174,0.629439,0.569704,0.576883,0.475862,0.394654,0.311952,0.229249,0.146546,0.063844,-0.018859,-0.029730,-0.001800,0.000416,-0.015256
19,13,0.068219,0.068219,0.068219,0.052217,0.036216,0.084992,0.120709,0.121030,0.150600,0.246132,0.341665,0.447894,0.503726,0.409732,0.500645,0.443773,0.449004,0.323056,0.281435,-0.012873,-0.135540,-0.108516,-0.081493,0.051224,0.183942,0.296646,0.409349,0.515314,0.636236,0.721726,0.707472,0.616698,0.547896,0.479094,0.568515,0.459897,0.444638,0.345138,0.245638,0.146139,0.046639,-0.052861,-0.046209,-0.058975,-0.034138,-0.045760
19,17,-0.097687,-0.097687,-0.097687,-0.093335,-0.088982,-0.061388,0.010997,-0.004386,-0.000353,0.083564,0.167481,0.385150,0.380963,0.411671,0.620832,0.404282,0.447507,0.400246,0.337787,0.007424,-0.148164,-0.065190,0.017783,0.131307,0.244831,0.380955,0.517079,0.597653,0.681398,0.745720,0.737748,0.609427,0.608393,0.607359,0.606325,0.466948,0.452067,0.363146,0.274225,0.185305,0.096384,0.007464,-0.007875,-0.008269,-0.008237,-0.042260
19,28,-0.157375,-0.147335,-0.137295,-0.130047,-0.122798,-0.059156,0.078947,0.083635,0.012158,0.101176,0.190195,0.370172,0.391664,0.524828,0.675075,0.639860,0.583258,0.424502,0.395077,0.157057,-0.059250,-0.056121,-0.052992,-0.049863,0.162829,0.299577,0.436325,0.587020,0.680252,0.776022,0.702433,0.557304,0.597916,0.638528,0.679139,0.488057,0.479429,0.386407,0.293385,0.200362,0.107340,0.014318,-0.073870,-0.043331,-0.077332,-0.052914
19,29,-0.157375,-0.147335,-0.137295,-0.130047,-0.122798,-0.059156,0.078947,0.083635,0.012158,0.101176,0.190195,0.370172,0.391664,0.524828,0.675075,0.639860,0.583258,0.424502,0.395077,0.157057,-0.059250,-0.056121,-0.052992,-0.049863,0.162829,0.299577,0.436325,0.587020,0.680252,0.776022,0.702433,0.557304,0.597916,0.638528,0.679139,0.488057,0.479429,0.386407,0.293385,0.200362,0.107340,0.014318,-0.073870,-0.043331,-0.077332,-0.052914
19,30,-0.157375,-0.075421,0.006533,-0.058133,-0.122798,-0.059156,-0.028860,0.034778,0.012809,0.101502,0.190195,0.406372,0.391664,0.521722,0.651779,0.639860,0.566966,0.411045,0.513448,0.105926,-0.084043,-0.075964,-0.067885,-0.059806,0.124155,0.269411,0.414667,0.559957,0.656261,0.776022,0.702433,0.625378,0.647866,0.670353,0.692841,0.472341,0.479429,0.341347,0.248632,0.155917,0.063202,-0.029513,-0.068067,-0.043331,-0.017542,-0.103783
19,31,-0.024387,0.095962,0.216312,0.107072,-0.002168,-0.004212,0.286893,0.318194,0.349495,0.366226,0.382958,0.487068,0.467521,0.572351,0.668357,0.635028,0.583746,0.466520,0.360140,0.053229,-0.064465,-0.017310,0.029845,0.077000,0.124155,0.288674,0.453193,0.620270,0.656261,0.780924,0.693691,0.625378,0.647866,0.670353,0.692841,0.490507,0.467687,0.348679,0.195334,0.041988,0.000833,-0.040323,-0.080744,-0.086216,-0.076688,-0.102617
19,32,0.090250,0.153281,0.216312,0.163311,0.110311,0.196772,0.274219,0.181833,0.089447,0.236202,0.382958,0.500638,0.496281,0.457749,0.693540,0.635028,0.595994,0.466360,0.482440,0.053229,-0.108154,-0.033082,0.041990,0.132933,0.223876,0.379301,0.534725,0.736695,0.687284,0.780924,0.695148,0.633179,0.591188,0.549198,0.507207,0.465217,0.434958,0.158364,0.088263,0.018163,-0.011080,-0.040323,-0.015514,-0.013715,0.055573,0.051287
19,33,-0.131217,-0.102762,-0.074307,-0.055811,-0.037316,-0.028879,0.067075,0.078261,0.089447,0.199262,0.309078,0.482852,0.509835,0.612266,0.693540,0.659015,0.616507,0.486601,0.507381,-0.052843,-0.217510,-0.087760,0.041990,0.148559,0.255129,0.394927,0.534725,0.653893,0.687284,0.735029,0.742155,0.655284,0.611729,0.568174,0.524619,0.481064,0.434958,0.296026,0.157094,0.018163,0.017730,0.017297,0.010447,0.046614,0.055573,0.051287
19,34,-0.026290,-0.036747,-0.047203,0.007059,0.061321,-0.028879,0.067075,0.067702,0.068330,0.185720,0.303109,0.482852,0.477565,0.460201,0.676061,0.659015,0.603836,0.453817,0.507381,0.001705,-0.079776,-0.054647,-0.029519,0.112805,0.255129,0.396226,0.537324,0.653893,0.677210,0.735029,0.721870,0.655284,0.670005,0.684725,0.699446,0.521207,0.503407,0.395972,0.288537,0.181102,0.073667,-0.033769,-0.090628,-0.084431,-0.034461,-0.082833
20,2,-0.079645,-0.079645,-0.079645,-0.077249,-0.074853,-0.039438,-0.003603,-0.007138,-0.016547,0.089624,0.195795,0.240353,0.359208,0.356861,0.511938,0.467495,0.470984,0.407963,0.375710,0.077461,-0.067093,-0.026889,0.013315,0.116803,0.220290,0.336058,0.451826,0.525703,0.563388,0.653086,0.592582,0.532078,0.507225,0.482371,0.394803,0.283378,0.278569,0.224421,0.170272,0.116124,0.061975,0.007827,-0.008166,0.004433,0.004461,-0.006219
20,3,-0.080651,-0.080651,-0.080651,-0.073363,-0.066075,-0.030561,-0.018850,-0.007138,-0.016547,0.023580,0.063707,0.240353,0.327415,0.356861,0.497730,0.432847,0.455956,0.464041,0.483956,0.116008,0.021063,0.017189,0.013315,0.116803,0.220290,0.267412,0.314534,0.544119,0.563388,0.653086,0.620026,0.586966,0.520558,0.454150,0.443856,0.416018,0.372468,0.277393,0.182317,0.121167,0.060017,-0.001133,-0.019365,-0.056616,-0.030822,-0.025364
20,4,-0.080651,-0.080651,-0.080651,-0.073363,-0.066075,-0.030561,-0.018850,-0.007138,-0.016547,0.023580,0.063707,0.240353,0.327415,0.356861,0.497730,0.432847,0.455956,0.464041,0.483956,0.116008,0.021063,0.017189,0.013315,0.116803,0.220290,0.267412,0.314534,0.544119,0.563388,0.653086,0.620026,0.586966,0.520558,0.454150,0.443856,0.416018,0.372468,0.277393,0.182317,0.121167,0.060017,-0.001133,-0.019365,-0.056616,-0.030822,-0.025364
20,5,-0.095980,-0.095980,-0.095980,-0.073898,-0.051815,-0.030561,-0.023397,-0.016233,-0.007915,0.066728,0.141371,0.405729,0.361927,0.390868,0.497730,0.523234,0.456211,0.464041,0.483956,0.054556,-0.050058,-0.015640,0.018778,0.126030,0.233281,0.380509,0.527737,0.544119,0.594955,0.647958,0.617462,0.586966,0.497681,0.408396,0.535437,0.362704,0.372468,0.228355,0.084241,0.057306,0.030371,0.003436,-0.018257,-0.003752,0.037738,0.027241
20,6,0.187752,0.187752,0.187752,0.209026,0.230299,0.065106,0.177737,0.142548,0.074127,0.229528,0.384928,0.405729,0.361927,0.409677,0.537225,0.533062,0.472486,0.469364,0.473705,0.010363,-0.057236,-0.048920,-0.040603,0.096339,0.233281,0.347219,0.461158,0.607761,0.594955,0.729705,0.704062,0.678418,0.543407,0.408396,0.584076,0.396289,0.384209,0.234225,0.084241,0.057306,0.030371,0.003436,0.043279,0.048630,0.087710,0.027241
20,18,-0.060948,-0.060948,-0.060948,-0.048828,-0.036709,-0.028078,0.010470,0.006791,-0.009900,0.104001,0.217902,0.419485,0.392646,0.417429,0.574809,0.459270,0.535547,0.451902,0.372481,0.103332,-0.016715,-0.009766,-0.002818,0.106367,0.215552,0.360222,0.504892,0.572715,0.657758,0.730693,0.771253,0.632430,0.615306,0.598182,0.581059,0.500479,0.485432,0.389953,0.294474,0.198995,0.103517,0.008038,-0.047422,-0.006361,-0.034260,-0.015321
20,22,-0.124918,-0.124918,-0.124918,-0.115166,-0.105413,-0.054284,-0.024303,-0.007405,-0.027017,0.083989,0.194995,0.413043,0.579304,0.402141,0.606342,0.614320,0.603305,0.588349,0.439098,0.198057,0.010150,0.058809,0.107467,0.156126,0.204785,0.358998,0.513211,0.530459,0.674557,0.731125,0.716706,0.734933,0.729365,0.723797,0.718229,0.528856,0.494309,0.373920,0.280907,0.187894,0.094880,0.001867,-0.054593,-0.031321,-0.048148,-0.096639
20,23,-0.124918,-0.124918,-0.124918,-0.115166,-0.105413,-0.054284,-0.024303,-0.007405,-0.027017,0.083989,0.194995,0.413043,0.579304,0.402141,0.606342,0.614320,0.603305,0.588349,0.439098,0.198057,0.010150,0.058809,0.107467,0.156126,0.204785,0.358998,0.513211,0.530459,0.674557,0.731125,0.716706,0.734933,0.729365,0.723797,0.718229,0.528856,0.494309,0.373920,0.280907,0.187894,0.094880,0.001867,-0.054593,-0.031321,-0.048148,-0.096639
20,26,-0.095027,-0.095027,-0.095027,-0.086911,-0.078795,-0.067458,0.126951,-0.044593,-0.027645,0.063515,0.154675,0.371284,0.371837,0.365553,0.559494,0.592558,0.398650,0.560527,0.463415,0.054715,-0.092124,-0.019555,0.053014,0.125583,0.198151,0.361556,0.524960,0.530449,0.648155,0.710456,0.657057,0.575990,0.604588,0.633185,0.661783,0.443102,0.429896,0.295231,0.183772,0.072313,0.036132,-0.000049,-0.063280,-0.085583,-0.070269,-0.070269
20,39,-0.085538,-0.080373,-0.075209,0.015710,0.106629,0.142121,0.080442,0.088602,0.096762,0.200596,0.304430,0.471860,0.432804,0.549795,0.662260,0.574564,0.558964,0.436341,0.506976,0.100864,-0.018601,-0.092289,-0.053445,0.048271,0.149986,0.292724,0.435461,0.606696,0.602495,0.725746,0.684526,0.651704,0.660004,0.668304,0.676604,0.459070,0.387121,0.315171,0.243222,0.189696,0.136170,0.082644,-0.006104,-0.050391,-0.030399,-0.066932
20,40,-0.090492,-0.082851,-0.075209,-0.054827,-0.034446,-0.010043,0.054954,0.061885,0.068816,0.186623,0.304430,0.445224,0.476495,0.549795,0.688063,0.640728,0.558964,0.554620,0.510780,0.029879,-0.093951,-0.139210,-0.053445,0.048271,0.149986,0.302684,0.455383,0.546862,0.638342,0.748962,0.727520,0.662725,0.667351,0.671978,0.676604,0.493523,0.412142,0.330760,0.249379,0.137014,-1.063095,0.025809,-0.055096,-0.029364,-0.030399,-0.056461
20,41,-0.090492,-0.082851,-0.075209,-0.054827,-0.034446,-0.010043,0.054954,0.061885,0.068816,0.186623,0.304430,0.445224,0.476495,0.549795,0.688063,0.640728,0.558964,0.554620,0.510780,0.029879,-0.093951,-0.139210,-0.053445,0.048271,0.149986,0.302684,0.455383,0.546862,0.638342,0.748962,0.727520,0.662725,0.667351,0.671978,0.676604,0.493523,0.412142,0.330760,0.249379,0.137014,-1.063095,0.025809,-0.055096,-0.029364,-0.030399,-0.056461
20,42,-0.090492,-0.084724,-0.078956,-0.035848,0.007259,0.050365,0.054954,0.111673,0.168393,0.223460,0.278526,0.468247,0.487576,0.575751,0.688063,0.559650,0.552809,0.554620,0.292250,0.029879,-0.145876,-0.090444,-0.018569,0.063357,0.145283,0.347799,0.550315,0.621507,0.692698,0.748962,0.766045,0.661500,0.613203,0.564906,0.516610,0.468313,0.421891,0.318153,0.214415,0.066487,0.055383,0.044278,-0.001693,-0.029364,0.043739,-0.056461
20,43,0.387919,0.268315,0.148711,0.234606,0.320501,0.391353,0.351493,0.259943,0.168393,0.344585,0.520776,0.519988,0.511291,0.575751,0.709562,0.539793,0.547268,0.543530,0.284277,0.025025,-0.145876,-0.117333,-0.084770,0.030256,0.145283,0.324964,0.504645,0.626997,0.692698,0.729372,0.766045,0.707030,0.704560,0.702091,0.699622,0.468416,0.421891,0.302167,0.182442,0.118705,-0.932500,0.006122,-0.065973,0.012481,-0.040208,-0.019168
20,44,0.387919,0.406119,0.424319,0.383357,0.342395,0.391353,0.418948,0.418803,0.418659,0.430948,0.443237,0.519988,0.523087,0.580831,0.709562,0.523681,0.572940,0.539024,0.265457,-0.008109,-0.050803,-0.206660,-0.084770,0.019715,0.124199,0.265343,0.406486,0.534583,0.662679,0.704894,0.747108,0.752869,0.735120,0.717371,0.699622,0.513516,0.491742,0.402937,0.314133,0.118705,-0.946711,-0.012360,-0.108795,-0.067680,-0.040208,-0.085634
21,4,-0.123632,-0.123632,-0.123632,-0.087724,-0.051815,-0.044607,-0.030420,-0.016233,-0.048620,0.027705,0.104030,0.303903,0.355434,0.398904,0.541752,0.554086,0.527637,0.497915,0.468193,0.101845,-0.036545,-0.008000,0.020545,0.126913,0.233281,0.380509,0.527737,0.544119,0.645374,0.651431,0.769934,0.573579,0.570248,0.566918,0.535437,0.468314,0.379129,0.251854,0.124580,0.082691,0.040803,-0.001085,-0.031681,-0.010208,0.023995,-0.011936
21,6,-0.032496,-0.032496,-0.032496,-0.020987,-0.009478,0.030835,0.009097,0.034143,-0.055219,0.059988,0.175196,0.358553,0.342382,0.414643,0.486904,0.413832,0.377270,0.347036,0.441396,-0.003839,-0.123749,-0.048118,0.027513,0.103143,0.178774,0.304671,0.430567,0.530363,0.564550,0.678626,0.663436,0.641647,0.544042,0.446438,0.454911,0.251735,0.351692,0.253944,0.156196,0.089909,0.023622,-0.042664,-0.033813,-0.035872,0.004866,-0.038864
21,7,-0.032496,-0.032496,-0.032496,-0.020987,-0.009478,0.030835,0.009097,0.034143,-0.055219,0.059988,0.175196,0.358553,0.342382,0.414643,0.486904,0.413832,0.377270,0.347036,0.441396,-0.003839,-0.123749,-0.048118,0.027513,0.103143,0.178774,0.304671,0.430567,0.530363,0.564550,0.678626,0.663436,0.641647,0.544042,0.446438,0.454911,0.251735,0.351692,0.253944,0.156196,0.089909,0.023622,-0.042664,-0.033813,-0.035872,0.004866,-0.038864
21,8,-0.082091,-0.082091,-0.082091,-0.045785,-0.009478,-0.008840,-0.027188,0.026258,0.036140,0.174053,0.311965,0.358553,0.389903,0.395155,0.570459,0.464660,0.501043,0.518271,0.478734,0.067783,-0.059609,0.007635,0.074879,0.142123,0.209367,0.347909,0.486450,0.589779,0.619864,0.700902,0.671274,0.641647,0.593238,0.544830,0.543467,0.459616,0.351692,0.253944,0.156196,0.099245,0.042294,-0.014657,-0.033813,-0.045556,-0.039851,-0.117754
21,9,-0.041012,-0.041012,-0.041012,-0.046596,-0.052180,-0.008840,-0.009692,0.026258,0.087517,0.210301,0.333086,0.395545,0.438870,0.395155,0.574444,0.410688,0.445197,0.441655,0.493277,0.043390,-0.032021,0.028326,0.088673,0.149020,0.209367,0.366236,0.523104,0.589779,0.619864,0.689438,0.681600,0.632752,0.579646,0.526540,0.569841,0.374691,0.382444,0.312689,0.242933,0.157070,0.071207,-0.014657,-0.052514,-0.045556,-0.039851,-0.039851
21,10,-0.041012,-0.041012,-0.041012,-0.033309,-0.025607,0.030784,-0.009692,0.020291,0.033208,0.069859,0.106510,0.395545,0.370377,0.358256,0.447723,0.410688,0.445197,0.380118,0.410437,0.043390,-0.044401,-0.034264,-0.024126,0.090978,0.206082,0.338480,0.470878,0.596115,0.541657,0.689438,0.492591,0.632752,0.512065,0.391378,0.584565,0.191715,0.198832,0.163182,0.127533,0.091883,0.056234,0.020584,-0.010255,-0.016205,-0.019643,-0.019643
21,18,-0.030338,-0.002602,0.025134,-0.005787,-0.036709,0.004733,0.056397,0.047807,0.108443,0.214105,0.319766,0.430339,0.579589,0.417429,0.603764,0.458440,0.477199,0.483380,0.371004,0.109904,-0.000370,-0.024836,-0.049302,0.083125,0.215552,0.378239,0.540925,0.572715,0.692801,0.697694,0.698180,0.622410,0.574669,0.526928,0.479187,0.389744,0.373946,0.299529,0.225113,0.150696,0.076279,0.001862,-0.002650,-0.006361,0.017875,-0.007090
21,19,-0.010993,0.007071,0.025134,0.042165,0.059195,0.126196,0.056397,0.072900,0.204948,0.262357,0.319766,0.430339,0.579589,0.401186,0.603764,0.458440,0.477199,0.447986,0.372481,0.109904,-0.037602,-0.036177,-0.034752,0.092701,0.220155,0.350699,0.481244,0.505371,0.617086,0.697694,0.624916,0.568047,0.538427,0.508807,0.479187,0.216704,0.373946,0.299105,0.224264,0.149423,0.074582,-0.000259,0.008521,0.057869,0.017875,-0.017893
21,20,-0.010993,-0.045840,-0.080687,-0.028925,-0.022278,-0.025017,0.091514,0.072900,0.118315,0.208692,0.299068,0.415663,0.405988,0.407004,0.596070,0.579906,0.446348,0.445732,0.356020,0.042780,-0.037602,0.026837,0.091276,0.155715,0.220155,0.318667,0.417180,0.456989,0.617086,0.736740,0.624916,0.609127,0.576541,0.543955,0.511370,0.363487,0.310464,0.257441,0.204418,0.151395,0.098372,0.045349,0.045385,0.057869,0.056319,0.019206
21,21,-0.029812,-0.047870,-0.065928,-0.052935,0.045525,0.013861,0.035450,0.072483,0.032815,0.177490,0.322165,0.447743,0.463921,0.434611,0.596070,0.581976,0.512940,0.521878,0.352629,0.133187,-0.011264,0.034215,0.079694,0.125172,0.170651,0.311369,0.452086,0.449736,0.645222,0.736740,0.674146,0.640727,0.597608,0.554489,0.511370,0.420942,0.494309,0.395185,0.296060,0.196935,0.097810,-0.001315,-0.046642,-0.032884,0.011694,-0.035208
21,22,0.104800,0.019436,-0.065928,-0.010201,0.045525,0.013861,0.108685,0.177387,-0.017760,0.152203,0.322165,0.479029,0.438065,0.429529,0.606342,0.567758,0.494573,0.472329,0.352629,0.163523,-0.021054,0.026872,0.074799,0.122725,0.170651,0.322812,0.474974,0.492267,0.645222,0.748129,0.697995,0.640727,0.625694,0.610662,0.595630,0.503545,0.494309,0.394811,0.295312,0.195814,0.096316,-0.003183,-0.036579,0.002422,0.011694,0.006204
21,23,0.104800,0.018310,-0.068180,0.051242,0.170664,0.029780,0.108685,0.131275,-0.020720,0.155490,0.331701,0.393790,0.530420,0.394302,0.606342,0.578974,0.585779,0.470610,0.409660,0.117367,0.009221,-0.035410,-0.080041,0.032706,0.145453,0.310213,0.474974,0.503919,0.658397,0.748129,0.699084,0.625000,0.656076,0.687152,0.718229,0.490273,0.466406,0.177713,0.132635,0.087558,0.042481,-0.002597,-0.012086,-0.018972,0.052563,0.005403
21,24,-0.042931,-0.063597,-0.084264,-0.098679,-0.113094,-0.026406,0.033719,-0.026499,-0.020720,0.155490,0.331701,0.340408,0.530420,0.335401,0.587231,0.592558,0.578448,0.418810,0.409660,0.091412,-0.012301,-0.046171,-0.080041,0.056779,0.193599,0.338059,0.482519,0.587149,0.589569,0.710716,0.751162,0.479427,0.559027,0.638628,0.718229,0.480153,0.466406,0.230320,0.177062,0.123805,0.070547,0.017289,-0.052523,-0.018972,-0.070269,-0.055457
21,25,-0.042931,-0.063597,-0.084264,-0.098679,-0.113094,-0.026406,0.033719,-0.026499,-0.020720,0.155490,0.331701,0.340408,0.530420,0.335401,0.587231,0.592558,0.578448,0.418810,0.409660,0.091412,-0.012301,-0.046171,-0.080041,0.056779,0.193599,0.338059,0.482519,0.587149,0.589569,0.710716,0.751162,0.479427,0.559027,0.638628,0.718229,0.480153,0.466406,0.230320,0.177062,0.123805,0.070547,0.017289,-0.052523,-0.018972,-0.070269,-0.055457
21,26,-0.103835,-0.103835,-0.103835,-0.103154,-0.102472,-0.026406,-0.037443,-0.044593,-0.036938,0.065114,0.167167,0.340408,0.321104,0.335401,0.587231,0.592558,0.420810,0.371089,0.463415,0.042624,-0.125306,-0.100211,-0.075117,0.059241,0.193599,0.318283,0.442966,0.530449,0.589569,0.710716,0.643423,0.446463,0.508977,0.571491,0.634005,0.480153,0.415855,0.194072,0.142665,0.091258,0.039850,-0.011557,-0.052523,-0.038420,-0.052207,-0.052207
21,38,0.113956,0.128120,0.142283,0.122543,0.102803,0.179530,0.185196,0.152128,0.289050,0.318871,0.348691,0.432461,0.374748,0.502555,0.591594,0.574564,0.508544,0.399525,0.506976,0.052122,-0.123189,-0.156704,-0.053049,0.050607,0.154263,0.282569,0.410876,0.529785,0.591199,0.710689,0.684526,0.552166,0.567587,0.583009,0.598430,0.423811,0.356220,0.288629,0.221038,0.153447,0.085856,0.018265,-0.030844,0.024554,0.051627,-0.007179
21,41,-0.103899,-0.103899,-0.103899,-0.064540,-0.025181,0.080994,0.116567,0.149301,0.178831,0.305969,0.433107,0.480786,0.498573,0.582380,0.672301,0.493446,0.550242,0.434035,0.340809,-0.027265,-0.132073,-0.069505,0.057826,0.147634,0.237441,0.388837,0.540233,0.608951,0.677668,0.748962,0.725745,0.607455,0.574952,0.542450,0.509948,0.477445,0.421891,0.293729,0.165568,0.037406,0.055031,0.072655,0.005667,-0.034357,0.033231,-0.038930
21,42,0.092805,0.092805,0.092805,0.182580,0.272355,0.337859,0.372321,0.149301,0.178831,0.305969,0.433107,0.519824,0.489955,0.569697,0.677620,0.493975,0.501466,0.397396,0.336789,0.031083,-0.053572,-0.051671,-0.041914,0.097763,0.237441,0.369835,0.502229,0.589948,0.677668,0.771707,0.718453,0.728255,0.649674,0.571093,0.492512,0.413931,0.421891,0.300924,0.179956,0.058988,-1.210585,0.012702,-0.038570,-0.034584,0.038407,-0.055722
21,43,0.092805,0.092805,0.092805,0.182580,0.272355,0.337859,0.372321,0.149301,0.178831,0.305969,0.433107,0.519824,0.489955,0.569697,0.677620,0.493975,0.501466,0.397396,0.336789,0.031083,-0.053572,-0.051671,-0.041914,0.097763,0.237441,0.369835,0.502229,0.589948,0.677668,0.771707,0.718453,0.728255,0.649674,0.571093,0.492512,0.413931,0.421891,0.300924,0.179956,0.058988,-1.210585,0.012702,-0.038570,-0.034584,0.038407,-0.055722
21,44,0.394815,0.394815,0.394815,0.365967,0.337119,0.343787,0.372321,0.300502,0.419629,0.467646,0.515663,0.542705,0.494603,0.569697,0.677620,0.496602,0.551675,0.466957,0.336789,0.051257,-0.053572,-0.154637,-0.041914,0.041833,0.125579,0.318370,0.511161,0.593340,0.675520,0.771707,0.738953,0.521409,0.557705,0.594000,0.526293,0.458586,0.368843,0.265558,0.162273,0.058988,0.037651,0.016314,-0.022741,-0.002212,0.038407,-0.033294
21,45,0.214030,0.172580,0.131130,0.074272,0.017414,0.270961,0.222592,0.300502,0.310506,0.372373,0.434241,0.485148,0.494603,0.580831,0.643758,0.496602,0.578733,0.486164,0.268711,0.051257,-0.056533,-0.061966,-0.067398,0.029091,0.125579,0.316485,0.507392,0.591456,0.675520,0.771707,0.738953,0.653036,0.623518,0.594000,0.528234,0.462469,0.368843,0.254201,0.139558,0.024916,0.020615,0.016314,-0.029252,-0.030045,-0.015800,-0.059515
21,47,-0.117212,-0.117212,-0.117212,-0.078183,-0.039154,-0.066033,0.043454,0.002256,0.028502,0.181116,0.333730,0.399540,0.497405,0.546823,0.671863,0.499668,0.608942,0.573748,0.323476,0.073204,-0.025355,-0.025391,-0.025427,0.063816,0.153059,0.342121,0.531182,0.645471,0.653297,0.676449,0.699602,0.525986,0.566437,0.606887,0.545285,0.483683,0.469508,0.376803,0.284098,0.104140,0.064546,0.024953,-0.018240,-0.001252,0.031474,-0.059106
22,3,-0.071510,-0.071510,-0.071510,-0.054949,-0.038389,-0.044607,-0.030726,-0.016844,0.066571,0.093686,0.120801,0.368660,0.338638,0.440012,0.548929,0.491347,0.507697,0.600442,0.483830,0.096454,-0.029117,-0.001980,0.025157,0.114687,0.204217,0.361015,0.517812,0.547798,0.635674,0.641480,0.643583,0.645685,0.550313,0.454941,0.427750,0.320469,0.374417,0.244250,0.114084,0.079527,0.044970,0.010414,0.005079,-0.005438,0.014055,-0.006039
22,4,-0.123632,-0.123632,-0.123632,-0.093060,-0.062488,-0.044607,-0.030726,-0.016844,0.001137,0.150851,0.120801,0.337016,0.349876,0.415484,0.528588,0.537843,0.485076,0.493920,0.502764,0.115338,-0.002406,0.032645,0.067697,0.158991,0.250286,0.385668,0.521051,0.547798,0.645374,0.651431,0.648558,0.645685,0.550313,0.454941,0.597129,0.434545,0.404716,0.259400,0.114084,0.079527,0.044970,0.010414,-0.031681,-0.005438,0.010507,-0.016702
22,5,-0.133784,-0.133784,-0.133784,-0.111221,-0.088658,-0.054978,-0.103332,-0.044229,-0.010058,0.048827,0.107712,0.337016,0.278710,0.333843,0.439083,0.482638,0.404092,0.453428,0.502764,0.115338,-0.002406,-0.017313,-0.032220,0.109033,0.250286,0.375730,0.501175,0.485882,0.645374,0.740434,0.687738,0.635043,0.568533,0.502023,0.583012,0.396828,0.399957,0.299735,0.199513,0.130960,0.062407,-0.006146,-0.042625,-0.018877,0.010507,-0.016702
22,6,-0.171340,-0.171340,-0.171340,-0.137428,-0.103515,-0.067492,-0.106423,-0.044229,-0.055219,-0.017702,0.019814,0.358553,0.278710,0.354147,0.429952,0.468507,0.404092,0.194366,0.368263,-0.017759,-0.136332,-0.108887,-0.081441,0.022781,0.127004,0.188743,0.250482,0.485882,0.430369,0.648555,0.425528,0.641647,0.562941,0.484236,0.405531,0.200180,0.348688,0.160622,0.156196,0.085224,0.014253,-0.056719,-0.110605,-0.122817,-0.053085,-0.076125
22,7,-0.116794,-0.116794,-0.116794,-0.110155,-0.103515,-0.050794,-0.047857,0.026258,0.025791,0.151413,0.277036,0.358553,0.320106,0.354147,0.581657,0.468507,0.538707,0.431773,0.478734,0.066722,-0.086319,-0.083880,-0.081441,0.075385,0.232210,0.362727,0.493244,0.594063,0.664067,0.709750,0.717094,0.724438,0.655140,0.585842,0.516544,0.430933,0.351692,0.207151,0.156196,0.076880,-0.002436,-0.081752,-0.110605,-0.122817,-0.117127,-0.111438
22,8,-0.116794,-0.116794,-0.116794,-0.089175,-0.061557,-0.050794,-0.047857,0.026258,0.011619,0.119549,0.227480,0.410188,0.463370,0.470306,0.581657,0.575173,0.516957,0.497223,0.535935,0.066722,-0.032021,-0.006667,0.018687,0.125448,0.232210,0.408377,0.584543,0.594063,0.664067,0.765061,0.732853,0.724438,0.598791,0.473144,0.567512,0.464170,0.455297,0.355441,0.255585,0.170269,0.084953,-0.000363,-0.038855,-0.046945,-0.046945,-0.046945
22,9,-0.116794,-0.116794,-0.116794,-0.089175,-0.061557,-0.050794,-0.047857,0.026258,0.011619,0.119549,0.227480,0.410188,0.463370,0.470306,0.581657,0.575173,0.516957,0.497223,0.535935,0.066722,-0.032021,-0.006667,0.018687,0.125448,0.232210,0.408377,0.584543,0.594063,0.664067,0.765061,0.732853,0.724438,0.598791,0.473144,0.567512,0.464170,0.455297,0.355441,0.255585,0.170269,0.084953,-0.000363,-0.038855,-0.046945,-0.046945,-0.046945
22,17,-0.031446,-0.025984,-0.020523,-0.040885,-0.061248,-0.046795,-0.057236,0.082248,0.060976,0.196587,0.332197,0.406495,0.579589,0.424988,0.583926,0.410441,0.471561,0.429967,0.404668,0.088330,-0.004166,-0.020752,-0.037338,0.091906,0.221151,0.351617,0.482083,0.601555,0.692801,0.746278,0.736485,0.673657,0.649435,0.625212,0.600990,0.437410,0.400882,0.335010,0.269139,0.174284,0.079429,-0.015427,-0.031258,-0.020987,0.013418,-0.034192
22,18,-0.031446,-0.025984,-0.020523,-0.040885,-0.061248,-0.046795,-0.057236,0.082248,0.060976,0.196587,0.332197,0.406495,0.579589,0.424988,0.583926,0.410441,0.471561,0.429967,0.404668,0.088330,-0.004166,-0.020752,-0.037338,0.091906,0.221151,0.351617,0.482083,0.601555,0.692801,0.746278,0.736485,0.673657,0.649435,0.625212,0.600990,0.437410,0.400882,0.335010,0.269139,0.174284,0.079429,-0.015427,-0.031258,-0.020987,0.013418,-0.034192
22,19,0.036345,0.007911,-0.020523,0.046782,0.114088,0.050541,-0.001813,0.112993,0.188712,0.260455,0.332197,0.406495,0.579589,0.376040,0.498339,0.410441,0.471561,0.384022,0.356020,0.088330,-0.026929,-0.016308,-0.005687,0.109873,0.225433,0.350151,0.474869,0.438992,0.572017,0.643736,0.645383,0.673657,0.584971,0.496285,0.407599,0.191277,0.400882,0.335010,0.269139,0.182763,0.096388,0.010012,0.013337,-0.000903,0.013418,-0.017788
22,20,0.036345,0.014659,-0.007027,-0.000312,0.044085,0.060665,0.138574,0.112993,0.054631,0.151500,0.248370,0.447743,0.410932,0.318390,0.568412,0.460122,0.412904,0.397439,0.356020,0.045863,-0.026929,0.036162,0.099252,0.162343,0.225433,0.329334,0.433235,0.438992,0.572017,0.643736,0.645383,0.562105,0.493451,0.424797,0.356143,0.179806,0.156123,0.132440,0.108756,0.085073,0.061390,0.037707,0.045385,0.050418,0.023978,0.029674
22,23,0.267413,0.275763,0.284112,0.169476,0.054839,0.315030,0.355983,0.106269,0.352120,0.341911,0.331701,0.503544,0.540536,0.429521,0.648650,0.578974,0.468788,0.447607,0.316051,0.037021,-0.053718,-0.066880,-0.080041,0.032706,0.145453,0.360850,0.576247,0.503919,0.687756,0.748129,0.705110,0.662090,0.619150,0.576211,0.533271,0.311267,0.229292,0.147316,0.065340,-0.016635,-0.011086,-0.005538,-0.015520,0.024901,0.052563,0.014219
22,24,-0.042931,-0.035041,-0.027152,0.013844,0.054839,-0.005934,0.033719,0.106269,0.178027,0.172597,0.167167,0.378303,0.386084,0.335401,0.430805,0.464610,0.366945,0.158981,0.248927,-0.045429,-0.163259,-0.119188,-0.075117,0.053304,0.181725,0.346518,0.511310,0.465543,0.589569,0.703825,0.691785,0.652157,0.612528,0.572899,0.533271,0.293204,0.217922,0.142641,0.067359,-0.007923,-0.012871,-0.017820,-0.062707,-0.049657,-0.029708,-0.063255
22,25,-0.067807,-0.022057,0.023693,-0.017015,-0.057722,-0.057872,-0.001712,0.009674,0.051406,0.109286,0.167167,0.353780,0.321104,0.451928,0.430805,0.464610,0.383488,0.337459,0.248927,-0.009192,-0.156184,-0.115650,-0.075117,0.053304,0.181725,0.308056,0.434387,0.424509,0.589569,0.680767,0.605938,0.279751,0.352273,0.424794,0.497316,0.293204,0.243638,0.194072,0.093075,-0.007923,-0.017262,-0.026601,-0.062707,-0.055815,-0.029708,-0.029708
22,26,-0.067807,-0.096996,-0.126184,-0.077958,-0.029732,-0.057872,-0.001712,0.021298,0.107469,0.142691,0.177912,0.335965,0.354510,0.451928,0.447157,0.458695,0.386124,0.395235,0.347438,-0.023976,-0.156184,-0.113798,-0.071412,0.058349,0.188110,0.294776,0.401442,0.418856,0.547239,0.680767,0.628813,0.590966,0.559749,0.528533,0.497316,0.322953,0.274332,0.225712,0.134581,0.043450,0.035726,0.028002,-0.005931,-0.030401,-0.024851,-0.024851
22,41,-0.073102,-0.073102,-0.073102,-0.047805,-0.022507,0.020646,0.077037,0.054219,0.097605,0.259860,0.422114,0.480786,0.489346,0.582380,0.540438,0.511288,0.537956,0.484126,0.527692,-0.012936,-0.127915,-0.069505,-0.004359,0.116541,0.237441,0.393739,0.550036,0.581235,0.612434,0.754225,0.722634,0.563763,0.589513,0.615264,0.641014,0.445221,0.382251,0.320288,0.258326,0.196363,0.134400,0.072437,-0.003617,-0.016079,0.047111,-0.032489
22,42,-0.020891,-0.020891,-0.020891,0.125732,0.272355,0.303217,0.315434,0.054219,0.097605,0.259860,0.422114,0.519824,0.431177,0.537536,0.462890,0.467707,0.453202,0.411659,0.326546,0.017816,-0.074890,-0.039625,-0.004359,0.116541,0.237441,0.382771,0.528101,0.570268,0.612434,0.742584,0.679441,0.441078,0.503198,0.565318,0.627438,0.351911,0.382251,0.265574,0.148898,0.032221,0.014178,-0.003864,-0.039146,-0.024882,0.038407,-0.041449
22,43,0.364563,0.364563,0.364563,0.356643,0.348724,0.303217,0.351801,0.300502,0.387066,0.455877,0.524688,0.540646,0.487391,0.581612,0.615709,0.469807,0.551675,0.482875,0.336789,0.017816,-0.074890,-0.068277,-0.067850,0.068304,0.204457,0.399015,0.593573,0.634547,0.675520,0.742584,0.738953,0.737439,0.633817,0.530196,0.627438,0.143034,0.163518,0.119753,0.075987,0.032221,0.017389,0.002558,-0.002643,-0.002212,0.038407,-0.033294
22,44,0.214030,0.214629,0.215228,0.129450,0.043671,0.313472,0.351801,0.369433,0.387066,0.417221,0.447377,0.468787,0.400624,0.581612,0.643758,0.469807,0.553374,0.497040,0.336789,0.041201,-0.072961,-0.076179,0.017366,0.110912,0.204457,0.399015,0.593573,0.636384,0.679195,0.760699,0.738953,0.737439,0.633817,0.530196,0.685042,0.374409,0.163518,0.108661,0.053803,-0.001054,0.000752,0.002558,-0.039498,-0.024121,0.020966,-0.017892
22,45,-0.126638,-0.122714,-0.118791,-0.037560,0.043671,-0.057063,0.009703,0.022927,0.011336,0.115828,0.220320,0.416153,0.420924,0.433187,0.643758,0.485968,0.573746,0.505280,0.391891,0.167674,0.011303,-0.076179,-0.025427,0.072457,0.170341,0.343126,0.515911,0.597553,0.679195,0.760699,0.739848,0.756638,0.681762,0.606887,0.685042,0.504961,0.424908,0.302876,0.180844,0.035358,0.001559,-0.032240,-0.039498,-0.026264,0.005504,-0.065963
22,46,-0.126638,-0.122714,-0.118791,-0.037560,0.043671,-0.057063,0.009703,0.022927,0.011336,0.115828,0.220320,0.416153,0.420924,0.433187,0.643758,0.485968,0.573746,0.505280,0.391891,0.167674,0.011303,-0.076179,-0.025427,0.072457,0.170341,0.343126,0.515911,0.597553,0.679195,0.760699,0.739848,0.756638,0.681762,0.606887,0.685042,0.504961,0.424908,0.302876,0.180844,0.035358,0.001559,-0.032240,-0.039498,-0.026264,0.005504,-0.065963
22,47,-0.097878,-0.097878,-0.097878,-0.097878,-0.097878,-0.053948,-0.001999,0.022927,0.001617,0.167673,0.333730,0.388358,0.420924,0.433187,0.633670,0.525926,0.562182,0.505069,0.388056,0.078895,-0.058324,-0.076179,-0.025427,0.063350,0.152127,0.348266,0.544405,0.609138,0.673871,0.760699,0.739848,0.756638,0.681762,0.606887,0.685042,0.492028,0.469508,0.358819,0.248130,0.052105,0.014396,-0.023312,-0.033929,-0.026264,0.005504,-0.056710
22,48,-0.089251,-0.089251,-0.089251,-0.089251,-0.089251,-0.068134,-0.002174,-0.025394,-0.018977,0.107850,0.234677,0.386709,0.430914,0.443346,0.633670,0.501142,0.562182,0.510692,0.388056,0.094211,0.002168,-0.062054,-0.043321,0.054403,0.152127,0.335913,0.519698,0.596785,0.673871,0.673262,0.732460,0.746572,0.676729,0.606887,0.549457,0.492028,0.469508,0.352294,0.248130,0.165303,0.082476,-0.000351,-0.066305,-0.049639,-0.040728,-0.129690
23,4,-0.088297,-0.088297,-0.088297,-0.068772,-0.049247,0.003257,0.021155,0.039052,0.020902,0.287184,0.227096,0.337016,0.418566,0.375127,0.607382,0.563401,0.519067,0.497205,0.531862,0.074640,-0.020065,0.003783,0.027631,0.105640,0.183648,0.348924,0.514200,0.582050,0.566110,0.662461,0.654073,0.645685,0.604919,0.564154,0.524460,0.391351,0.389035,0.240980,0.092925,0.067752,0.042579,0.017406,-0.030423,0.002991,-0.013771,0.028637
23,5,-0.107049,-0.107049,-0.107049,-0.089552,-0.072055,-0.054978,-0.065848,-0.002979,0.043105,0.142345,0.241585,0.337016,0.389982,0.384772,0.498217,0.520676,0.460374,0.447831,0.435288,0.074640,-0.020065,-0.019861,-0.019658,0.081995,0.183648,0.308568,0.433488,0.469357,0.566110,0.662461,0.648752,0.635043,0.562166,0.489290,0.524460,0.435468,0.390344,0.294929,0.199513,0.124680,0.049846,-0.024988,-0.058892,-0.052844,-0.013771,-0.032076
23,6,-0.114613,-0.114613,-0.114613,-0.114613,-0.114613,-0.096000,-0.108359,-0.044229,-0.070510,0.033547,0.137603,0.336660,0.389982,0.373922,0.498217,0.520676,0.323753,0.332019,0.472546,-0.024754,-0.076599,-0.048129,-0.019658,0.057767,0.135192,0.255298,0.375403,0.469357,0.540878,0.671686,0.653365,0.635043,0.587066,0.539089,0.491113,0.333333,0.350375,0.173993,0.151492,0.074367,-0.002759,-0.079884,-0.082552,-0.061774,-0.039633,-0.075446
23,8,-0.062178,-0.062178,-0.062178,-0.062178,-0.062178,-0.047632,-0.041752,0.000341,0.041964,0.146675,0.251387,0.416772,0.463370,0.461494,0.613570,0.575173,0.574477,0.492414,0.492055,0.130122,0.021346,0.033215,0.045085,0.138647,0.232210,0.389290,0.546370,0.594063,0.651436,0.715649,0.743243,0.717064,0.649064,0.581065,0.594650,0.450160,0.433768,0.215524,0.231310,0.162251,0.093193,0.024134,-0.016405,-0.007092,-0.007092,-0.007092
23,10,-0.056700,-0.056700,-0.056700,-0.056700,-0.056700,-0.038303,-0.036076,0.020492,0.060486,0.165964,0.271443,0.419317,0.432962,0.526372,0.619781,0.618728,0.560115,0.499599,0.571275,0.132217,-0.031264,-0.029911,-0.028559,0.117750,0.264059,0.393658,0.523258,0.645246,0.678616,0.710559,0.711933,0.742384,0.640641,0.538898,0.673038,0.458481,0.450977,0.288986,0.210660,0.142218,0.073776,0.005334,-0.020821,-0.028195,-0.040736,-0.040736
23,13,-0.111161,-0.111161,-0.111161,-0.087027,-0.062894,-0.059880,-0.057749,0.022939,0.063167,0.141510,0.219854,0.433762,0.599059,0.604282,0.609506,0.583631,0.487930,0.483193,0.575824,0.123113,0.005638,-0.007389,-0.020416,0.121568,0.263552,0.387834,0.512117,0.631898,0.669462,0.746992,0.702990,0.703285,0.701532,0.699779,0.698026,0.450458,0.469261,0.323231,0.236287,0.149343,0.062399,-0.024545,-0.043500,-0.039961,-0.020223,-0.052438
23,14,-0.087554,-0.087554,-0.087554,-0.072558,-0.057563,-0.022047,-0.007801,0.051583,0.063167,0.206758,0.350348,0.433762,0.599059,0.635063,0.671067,0.583631,0.532367,0.553144,0.581582,0.136795,-0.010453,0.008763,0.027980,0.145766,0.263552,0.383446,0.503341,0.624518,0.669462,0.733081,0.653982,0.703285,0.701532,0.699779,0.698026,0.445198,0.369385,0.226388,0.176402,0.126415,0.076428,0.026442,0.006608,0.023943,0.031139,0.029090
23,17,-0.122971,-0.122971,-0.122971,-0.105080,-0.087189,-0.080396,-0.074429,0.009094,-0.000981,0.107638,0.216257,0.406495,0.541140,0.458073,0.530568,0.612417,0.461678,0.528640,0.404668,0.171858,0.032096,0.004354,-0.023388,0.089668,0.202723,0.342403,0.482083,0.618738,0.666164,0.767756,0.668087,0.726967,0.691659,0.656351,0.621043,0.454675,0.502682,0.385910,0.269139,0.162470,0.055802,-0.050866,-0.077362,-0.010019,-0.021925,-0.102196
23,18,0.054377,0.054377,0.054377,0.018605,-0.017168,0.050541,0.060488,0.173863,0.064031,0.140144,0.216257,0.406495,0.541140,0.376040,0.530568,0.612417,0.461678,0.384022,0.349047,0.171858,-0.025403,-0.005071,0.015261,0.124271,0.233280,0.342693,0.452106,0.547842,0.597105,0.700374,0.631568,0.562762,0.560657,0.558552,0.556447,0.386254,0.502682,0.285343,0.068005,0.034819,0.001632,-0.031554,-0.037603,-0.010019,-0.021925,-0.044625
23,19,-0.023945,-0.023945,-0.023945,0.049404,0.122752,0.055746,0.174810,0.173863,0.054631,0.177862,0.301093,0.379391,0.336061,0.318390,0.475655,0.460122,0.432699,0.267537,0.349047,0.261846,-0.025403,-0.018677,-0.011951,0.110665,0.233280,0.305919,0.378559,0.547842,0.597105,0.700374,0.668143,0.562762,0.493889,0.425016,0.356143,0.378302,0.274869,0.171437,0.068005,0.048232,0.028459,0.008686,0.005503,0.014105,0.023978,0.015786
23,23,0.267413,0.268480,0.269547,0.234916,0.200285,0.276126,0.251420,0.247534,0.372289,0.400328,0.428367,0.497458,0.504830,0.413355,0.629971,0.575454,0.513331,0.441514,0.316051,0.050383,-0.039402,-0.041919,-0.044437,0.059196,0.162830,0.333600,0.504371,0.412624,0.687756,0.695858,0.737266,0.637128,0.599854,0.562580,0.525306,0.257024,0.189634,0.122244,0.054853,-0.012537,-0.008514,-0.004491,-0.010998,-0.002693,0.044281,-0.003147
23,24,0.063099,0.095155,0.127211,0.163748,0.200285,-0.005934,0.178121,0.247534,0.262003,0.255627,0.249251,0.353780,0.477022,0.413355,0.472437,0.492382,0.359180,0.158981,0.316051,0.009773,-0.123069,-0.071961,-0.020854,0.090569,0.201991,0.356445,0.510899,0.412624,0.567451,0.703825,0.687680,0.613429,0.565805,0.518180,0.470556,0.179766,0.132973,0.086180,0.039386,-0.007407,-0.009957,-0.012507,-0.047942,-0.002693,-0.015665,-0.059367
23,25,-0.008144,-0.001592,0.004960,0.012290,0.019621,0.070963,0.102521,0.075551,0.095811,0.172531,0.249251,0.353780,0.311008,0.336642,0.472437,0.492382,0.419421,0.388509,0.248927,0.003592,-0.166206,-0.091892,-0.017579,0.092206,0.201991,0.318189,0.434387,0.412624,0.567451,0.684618,0.597807,0.639520,0.592118,0.544717,0.497316,0.179766,0.132973,0.086180,0.039386,-0.007407,-0.013426,-0.019446,-0.047942,-0.035336,-0.015665,-0.015665
23,26,-0.008144,-0.003486,0.001172,0.002413,0.003654,0.070963,0.102521,0.075551,0.089234,0.136826,0.184418,0.351261,0.393746,0.450509,0.474283,0.458695,0.366080,0.149273,0.306107,-0.023976,-0.214139,-0.121935,-0.029731,0.079189,0.188110,0.344971,0.501832,0.382184,0.568328,0.639304,0.609791,0.615079,0.561706,0.508333,0.454960,0.373547,0.293140,0.212733,0.132326,0.051919,0.014983,-0.021952,-0.059518,-0.006705,-0.012603,-0.012603
23,43,0.138908,0.140892,0.142876,0.169261,0.195647,-0.063368,0.193898,0.148835,0.338074,0.329378,0.320683,0.374339,0.487391,0.514928,0.483402,0.441057,0.508174,0.447535,0.559930,0.066824,-0.012126,-0.068277,-0.067850,0.056604,0.181059,0.341100,0.501141,0.560621,0.620102,0.742584,0.718444,0.651005,0.590600,0.530196,0.663851,0.195260,0.446747,0.308631,0.170516,0.032401,0.006248,-0.019904,-0.002449,-0.015518,0.031675,-0.050453
23,44,0.138908,0.119840,0.100771,0.063476,0.026181,0.229107,0.193898,0.265986,0.338074,0.312904,0.287733,0.355592,0.412417,0.520847,0.475632,0.441057,0.524922,0.431081,0.376504,0.076537,-0.017432,-0.068277,-0.069608,0.055726,0.181059,0.341100,0.501141,0.563620,0.626099,0.715230,0.718444,0.541303,0.535749,0.530196,0.663851,0.349404,0.424908,0.282920,0.140933,-0.001054,0.001121,0.003297,-0.010785,-0.008294,0.021605,-0.010112
23,45,-0.135187,-0.119848,-0.104510,-0.039164,0.026181,-0.063918,-0.007069,-0.004632,0.036283,0.121440,0.206598,0.416153,0.412417,0.427081,0.609931,0.432321,0.575101,0.563603,0.391891,0.112723,-0.000592,-0.061181,-0.035065,0.060579,0.156223,0.295668,0.435113,0.530606,0.626099,0.715230,0.695737,0.756638,0.662078,0.567518,0.685042,0.463078,0.424908,0.302876,0.180844,0.114226,0.047608,-0.019009,-0.024025,-0.007999,0.018514,0.018514
24,3,-0.083734,-0.083734,-0.083734,-0.063576,-0.043419,-0.011396,0.022414,0.056225,0.041992,0.287184,0.270760,0.404498,0.418790,0.439070,0.595141,0.541583,0.473243,0.404040,0.512696,0.084205,-0.025773,0.024798,0.075368,0.125939,0.176510,0.351182,0.525854,0.502671,0.586139,0.654831,0.663883,0.672935,0.601042,0.529148,0.516126,0.405954,0.341420,0.254520,0.167619,0.111372,0.055125,-0.001123,-0.019475,0.021692,0.012462,0.031788
24,4,-0.082929,-0.082929,-0.082929,-0.055251,-0.043058,-0.011396,-0.040995,-0.002979,0.043105,0.287184,0.243213,0.404498,0.380107,0.374569,0.549423,0.524592,0.438611,0.462455,0.460323,0.068964,-0.025773,0.024798,0.075368,0.125939,0.176510,0.305258,0.434007,0.469357,0.572660,0.640690,0.731314,0.618541,0.534360,0.450180,0.516126,0.378833,0.390344,0.278981,0.167619,0.115422,0.063224,0.011027,-0.019184,-0.020473,0.012462,-0.005806
24,5,-0.082929,-0.082929,-0.082929,-0.055251,-0.043058,-0.011396,-0.040995,-0.002979,0.043105,0.287184,0.243213,0.404498,0.380107,0.374569,0.549423,0.524592,0.438611,0.462455,0.460323,0.068964,-0.025773,0.024798,0.075368,0.125939,0.176510,0.305258,0.434007,0.469357,0.572660,0.640690,0.731314,0.618541,0.534360,0.450180,0.516126,0.378833,0.390344,0.278981,0.167619,0.115422,0.063224,0.011027,-0.019184,-0.020473,0.012462,-0.005806
24,6,-0.055251,-0.055251,-0.055251,-0.055251,-0.063913,-0.057315,-0.074191,-0.002979,-0.007900,0.075959,0.159817,0.364824,0.380107,0.401510,0.529990,0.517253,0.407048,0.384030,0.460323,0.031316,-0.015630,0.022076,0.059781,0.097487,0.135192,0.186949,0.238705,0.469357,0.506594,0.558810,0.588676,0.618541,0.576065,0.533589,0.491113,0.174492,0.360237,0.173993,0.110666,0.064272,0.017879,-0.028515,-0.026485,-0.010884,0.005594,-0.015957
24,9,-0.031069,-0.031069,-0.031069,-0.031069,-0.031069,-0.032722,-0.042911,0.015086,0.047819,0.180197,0.312575,0.416772,0.473634,0.471726,0.633696,0.621567,0.603330,0.517720,0.558849,0.102179,0.004180,0.013862,0.023543,0.137529,0.251515,0.378263,0.505012,0.606430,0.654459,0.744823,0.743243,0.717064,0.636300,0.555537,0.609176,0.467771,0.443942,0.280618,0.210660,0.160380,0.110101,0.059822,0.003338,0.029651,0.029651,0.029651
24,10,-0.059755,-0.059755,-0.059755,-0.059755,-0.059755,-0.038303,-0.040602,0.015086,0.047819,0.180197,0.312575,0.414397,0.572671,0.471726,0.660337,0.618122,0.621506,0.496715,0.560578,0.173678,0.002473,-0.006833,-0.016138,0.117688,0.251515,0.387882,0.524250,0.606430,0.654459,0.710559,0.735333,0.754153,0.669344,0.584534,0.609176,0.454113,0.449963,0.280618,0.210660,0.145480,0.080300,0.015120,-0.020821,-0.000950,0.008495,0.008495
24,11,-0.112769,-0.112769,-0.112769,-0.090997,-0.069224,0.002592,-0.047550,0.043814,0.039489,0.152379,0.265269,0.414397,0.572671,0.605365,0.638060,0.618122,0.531016,0.460193,0.556648,0.146577,0.002473,-0.006300,-0.015072,0.108820,0.232712,0.371128,0.509544,0.631898,0.667610,0.691118,0.741636,0.754153,0.706117,0.658080,0.610044,0.454113,0.450410,0.220201,0.245586,0.157786,0.069985,-0.017815,-0.033968,-0.038581,0.008495,-0.023888
24,12,-0.040212,-0.040212,-0.040212,0.014284,0.068780,0.002592,0.030414,0.043814,0.081180,0.212157,0.343134,0.444081,0.426630,0.528486,0.630343,0.612019,0.540443,0.485370,0.556648,0.116350,-0.016625,-0.002068,0.012490,0.134145,0.255801,0.382672,0.509544,0.631898,0.653816,0.777332,0.741636,0.737368,0.720424,0.703481,0.686538,0.457659,0.445761,0.318148,0.245586,0.158914,0.072241,-0.014432,-0.045252,-0.038581,-0.042200,-0.096683
24,13,-0.082280,-0.082280,-0.082280,-0.064843,-0.047406,0.013265,0.003527,0.043584,0.081180,0.215764,0.350348,0.444081,0.505296,0.589825,0.674355,0.612019,0.567537,0.485370,0.567179,0.155138,-0.010453,0.001018,0.012490,0.134145,0.255801,0.376602,0.497404,0.629124,0.653816,0.777332,0.744615,0.737368,0.720424,0.703481,0.686538,0.443905,0.382189,0.226388,0.288161,0.201740,0.115320,0.028900,0.019427,-0.009545,0.024478,0.038877
24,14,-0.082280,-0.082280,-0.082280,-0.064843,-0.047406,0.013265,0.003527,0.043584,0.081180,0.215764,0.350348,0.444081,0.505296,0.589825,0.674355,0.612019,0.567537,0.485370,0.567179,0.155138,-0.010453,0.001018,0.012490,0.134145,0.255801,0.376602,0.497404,0.629124,0.653816,0.777332,0.744615,0.737368,0.720424,0.703481,0.686538,0.443905,0.382189,0.226388,0.288161,0.201740,0.115320,0.028900,0.019427,-0.009545,0.024478,0.038877
24,15,-0.110326,-0.110326,-0.110326,-0.097508,-0.084690,-0.029630,-0.036616,0.043584,0.087738,0.213314,0.338890,0.467732,0.586595,0.487376,0.674355,0.632836,0.569440,0.540367,0.567179,0.188038,0.000939,0.016008,0.031076,0.134575,0.238074,0.383015,0.527956,0.629124,0.687642,0.742826,0.723055,0.703285,0.673301,0.643317,0.613333,0.487059,0.427051,0.385994,0.211474,0.132741,0.054008,-0.024725,0.019427,0.014953,0.024478,-0.081813
24,19,0.217897,0.217897,0.217897,0.204287,0.190677,0.243640,0.255660,0.173863,0.303612,0.317642,0.331672,0.513438,0.445404,0.454299,0.606777,0.606644,0.503850,0.448289,0.349047,0.028472,-0.159745,-0.066689,0.026367,0.129823,0.233280,0.371443,0.509606,0.547842,0.654605,0.754813,0.753541,0.721576,0.687942,0.654309,0.620675,0.465007,0.444471,0.325376,0.206282,0.136144,0.066006,-0.004132,0.001232,0.020848,0.036366,0.014358
24,20,0.051434,0.134665,0.217897,0.184829,0.151761,0.102051,0.255660,0.221090,0.211815,0.295507,0.379200,0.513438,0.487761,0.486873,0.656452,0.606644,0.506472,0.442958,0.349047,0.131275,-0.046512,-0.013373,0.019767,0.141467,0.263168,0.399346,0.535524,0.542944,0.607029,0.668320,0.672359,0.676397,0.640184,0.603971,0.567757,0.517476,0.467195,0.317927,0.168659,0.111062,0.053465,-0.004132,-0.013954,-0.002365,0.011358,-0.002275
24,21,0.095686,0.039937,-0.015812,0.055329,0.126469,0.102051,0.043699,0.221090,0.243405,0.306008,0.368612,0.497458,0.505305,0.489761,0.656452,0.668646,0.502704,0.567836,0.393366,0.131275,-0.046512,-0.026832,-0.007153,0.108948,0.225049,0.380287,0.535524,0.542944,0.661218,0.788441,0.737912,0.687384,0.657959,0.628534,0.599109,0.533152,0.467195,0.317927,0.168659,0.106944,0.045229,-0.016486,-0.038173,-0.034002,0.011358,-0.021808
24,22,0.095686,0.116253,0.136820,0.192115,0.247410,0.213789,0.199083,0.318783,0.243405,0.331210,0.419014,0.497458,0.505305,0.489761,0.666492,0.668646,0.502343,0.523707,0.393366,0.108742,-0.010845,-0.024195,-0.037546,0.093752,0.225049,0.361627,0.498206,0.512255,0.661218,0.737937,0.726324,0.637128,0.624725,0.612322,0.599919,0.382464,0.492639,0.289110,0.085581,0.054557,0.023532,-0.007493,-0.023564,-0.034002,0.033455,0.013126
24,23,0.095686,0.116253,0.136820,0.192115,0.247410,0.213789,0.199083,0.318783,0.243405,0.331210,0.419014,0.497458,0.505305,0.489761,0.666492,0.668646,0.502343,0.523707,0.393366,0.108742,-0.010845,-0.024195,-0.037546,0.093752,0.225049,0.361627,0.498206,0.512255,0.661218,0.737937,0.726324,0.637128,0.624725,0.612322,0.599919,0.382464,0.492639,0.289110,0.085581,0.054557,0.023532,-0.007493,-0.023564,-0.034002,0.033455,0.013126
24,24,0.171234,0.214424,0.257614,0.252512,0.247410,0.184362,0.277736,0.318783,0.350990,0.370530,0.390071,0.450252,0.521855,0.483290,0.536033,0.605460,0.442940,0.568115,0.393366,0.075798,-0.037468,-0.037507,-0.037546,0.099246,0.236038,0.370611,0.505183,0.512255,0.645341,0.737937,0.549605,0.530613,0.541670,0.552727,0.563783,0.382464,0.284996,0.187528,0.090061,-0.007407,0.009197,0.025800,-0.026133,0.018987,0.029795,-0.001491
24,25,0.171234,0.088097,0.004960,0.072794,0.140627,0.005868,0.077085,0.075551,0.218783,0.304427,0.390071,0.450252,0.387269,0.429631,0.584616,0.663398,0.438475,0.373449,0.400967,0.092109,-0.041544,-0.031918,-0.022291,0.106873,0.236038,0.344051,0.452063,0.382184,0.645341,0.684618,0.660145,0.637393,0.614640,0.591887,0.569134,0.199139,0.162334,0.125529,0.088724,0.051919,0.018537,-0.014845,-0.023291,-0.007336,0.029795,-0.069093
24,26,-0.061289,-0.041023,-0.020757,-0.026193,-0.031630,0.005868,0.077085,0.075551,0.034591,0.134710,0.234829,0.406211,0.385101,0.560055,0.515101,0.517099,0.495298,0.370351,0.306107,0.025844,-0.138798,-0.081674,-0.024550,0.097482,0.219515,0.351029,0.482543,0.382184,0.685443,0.684618,0.622338,0.623045,0.605075,0.587104,0.569134,0.399014,0.312240,0.225467,0.138693,0.051919,0.018280,-0.015360,-0.039325,-0.016188,-0.018137,-0.069093
24,35,0.127381,0.127381,0.127381,0.070664,0.094233,0.190147,0.125492,0.192651,0.175128,0.265360,0.355592,0.494509,0.544468,0.520653,0.651176,0.595121,0.494425,0.505548,0.402503,0.084116,-0.054612,-0.136337,-0.046666,0.043005,0.116291,0.317189,0.518087,0.626438,0.671116,0.758736,0.728707,0.698678,0.668650,0.638621,0.608593,0.388645,0.332928,0.277211,0.221494,0.154524,0.087555,0.020585,0.008983,-0.008179,-0.033420,0.041206
24,44,-0.132876,-0.132876,-0.132876,-0.133385,-0.133894,-0.079940,-0.054473,-0.066413,-0.078354,0.035698,0.149749,0.355592,0.359107,0.514928,0.498425,0.485839,0.511067,0.435632,0.566523,0.192581,0.020947,-0.072099,0.004313,0.080726,0.157139,0.339118,0.521098,0.610337,0.699576,0.719164,0.755397,0.678890,0.644207,0.609524,0.663851,0.474802,0.435276,0.297230,0.159184,0.021138,0.011168,0.001199,-0.029456,-0.031201,0.009688,-0.001793
24,45,-0.128248,-0.128248,-0.128248,-0.131071,-0.133894,-0.102919,-0.005304,-0.004632,-0.062121,0.059115,0.180351,0.331046,0.359107,0.401775,0.589575,0.475919,0.519262,0.482984,0.500897,0.182023,0.021837,-0.061181,0.011287,0.083755,0.156223,0.335129,0.514036,0.575364,0.636692,0.719164,0.718683,0.678890,0.644207,0.609524,0.613605,0.465606,0.435276,0.323813,0.212349,0.136278,0.060207,-0.015863,-0.077135,-0.031201,0.009688,0.009688
24,50,-0.096581,-0.096581,-0.096581,-0.086871,-0.077161,-0.056767,-0.026000,-0.004959,0.016082,0.088140,0.160198,0.296894,0.368861,0.309314,0.470233,0.566278,0.413362,0.368529,0.364469,0.169934,-0.031449,-0.009724,0.012002,0.076039,0.140076,0.259818,0.379560,0.440813,0.502065,0.647844,0.603957,0.528190,0.511480,0.494769,0.399627,0.276847,0.235780,0.163504,0.091228,-0.037089,-0.030173,-0.023257,-0.053730,-0.013690,-0.021598,-0.029507
24,51,-0.096581,-0.096581,-0.096581,-0.086871,-0.077161,-0.056767,-0.026000,-0.004959,0.016082,0.088140,0.160198,0.296894,0.368861,0.309314,0.470233,0.566278,0.413362,0.368529,0.364469,0.169934,-0.031449,-0.009724,0.012002,0.076039,0.140076,0.259818,0.379560,0.440813,0.502065,0.647844,0.603957,0.528190,0.511480,0.494769,0.399627,0.276847,0.235780,0.163504,0.091228,-0.037089,-0.030173,-0.023257,-0.053730,-0.013690,-0.021598,-0.029507
24,52,-0.066813,-0.066813,-0.066813,-0.071987,-0.077161,-0.052790,-0.026000,-0.008197,0.009606,0.109751,0.209895,0.333867,0.387602,0.437737,0.520482,0.451616,0.494868,0.450067,0.565223,0.103215,-0.094194,-0.062861,-0.031527,0.039239,0.110006,0.276006,0.442005,0.524181,0.606357,0.647844,0.573269,0.528190,0.511480,0.494769,0.516410,0.408417,0.349480,0.213216,0.076951,-0.018582,0.037545,0.093672,0.033122,-0.013690,0.014691,0.043072
25,2,-0.029238,-0.029238,-0.029238,-0.028194,-0.027149,0.019921,0.038073,0.056225,0.081407,0.317040,0.268356,0.429675,0.383710,0.422352,0.570096,0.533738,0.525824,0.460653,0.516960,0.118393,-0.035938,0.026859,0.089656,0.161259,0.232862,0.319719,0.406576,0.502671,0.545071,0.654831,0.637020,0.619208,0.519816,0.420425,0.446413,0.257803,0.321678,0.258689,0.195700,0.132711,0.069722,0.006733,-0.010927,0.010016,0.003126,-0.012647
25,4,-0.091910,-0.091910,-0.091910,-0.066283,-0.054422,-0.021732,-0.047396,0.017992,0.053815,0.195462,0.337108,0.437476,0.474891,0.487135,0.566183,0.624423,0.438611,0.463181,0.483446,0.072029,-0.026420,0.026002,0.078424,0.130845,0.183267,0.322193,0.461120,0.544886,0.606330,0.654831,0.803978,0.678217,0.574843,0.471469,0.481614,0.447262,0.398484,0.315120,0.231756,0.148392,0.065028,-0.018336,-0.039940,-0.039159,0.015753,-0.025272
25,5,-0.113338,-0.113338,-0.113338,-0.066283,-0.084599,-0.063306,-0.081364,0.017992,-0.015128,0.116490,0.248108,0.423298,0.378162,0.430855,0.571573,0.532634,0.424573,0.422212,0.499709,0.096629,0.027908,0.066748,0.105588,0.144427,0.183267,0.328626,0.473986,0.544886,0.651857,0.700751,0.747047,0.618541,0.572899,0.527256,0.481614,0.437248,0.401517,0.271241,0.140966,0.092302,0.043639,-0.005024,-0.039940,-0.010884,0.005594,-0.022445
25,9,-0.088758,-0.088758,-0.088758,-0.064413,-0.040068,-0.032722,-0.025007,0.015086,0.027596,0.112978,0.198359,0.410689,0.434486,0.471726,0.618056,0.590684,0.507827,0.449625,0.539703,0.117863,-0.009186,-0.013382,-0.017578,0.114629,0.246837,0.356839,0.466841,0.606430,0.626628,0.725412,0.734435,0.697786,0.655673,0.613561,0.571448,0.405842,0.449531,0.197969,0.172039,0.119147,0.066255,0.013363,-0.043891,-0.003060,-0.003060,-0.003060
25,11,-0.116969,-0.116969,-0.116969,-0.090463,-0.063957,0.036030,-0.050753,0.099858,0.140205,0.182186,0.224167,0.399851,0.572671,0.471726,0.669855,0.584911,0.489450,0.518133,0.565854,0.138382,-0.013622,-0.012439,-0.011256,0.110728,0.232712,0.376763,0.520814,0.621326,0.674803,0.753735,0.692428,0.712990,0.678675,0.644359,0.610044,0.422552,0.453970,0.188521,0.194257,0.123566,0.052876,-0.017815,-0.034725,-0.060571,-0.042229,-0.023888
25,12,0.035598,0.035598,0.035598,0.073878,0.112158,0.036030,0.105012,0.099858,0.129064,0.235223,0.341382,0.432164,0.478015,0.479943,0.669855,0.614440,0.540443,0.527700,0.526863,0.141739,0.019887,0.004338,-0.011211,0.124972,0.261155,0.390984,0.520814,0.621326,0.674803,0.750692,0.692141,0.737368,0.691307,0.645247,0.599186,0.451687,0.455610,0.265759,0.194257,0.118672,0.043087,-0.032499,-0.064997,-0.060571,-0.078627,-0.096683
25,13,-0.075219,-0.075219,-0.075219,-0.061313,-0.047406,0.049080,0.001801,0.045638,0.129064,0.229240,0.329416,0.444081,0.586595,0.479943,0.640884,0.614440,0.558065,0.527700,0.395786,0.119384,0.019887,0.021759,0.023631,0.142393,0.261155,0.379589,0.498024,0.574066,0.619725,0.733362,0.688118,0.737368,0.691307,0.645247,0.599186,0.393092,0.358945,0.227958,0.242855,0.161630,0.080405,-0.000820,0.018184,-0.026571,-0.002760,0.021052
25,14,-0.120225,-0.120225,-0.120225,-0.099862,-0.079499,-0.046936,-0.061531,0.045638,0.025457,0.124590,0.223724,0.415553,0.586595,0.608781,0.630967,0.584192,0.520575,0.518237,0.402767,0.113669,-0.007012,0.005783,0.018577,0.122536,0.226494,0.374828,0.523163,0.574066,0.665376,0.739375,0.744615,0.737368,0.696821,0.656275,0.615728,0.463964,0.386812,0.194667,0.211474,0.145724,0.079975,0.014225,0.018184,0.017167,0.022774,0.028381
25,15,-0.057152,-0.057152,-0.057152,-0.057152,-0.057152,-0.055520,-0.061963,0.006010,-0.005694,0.131580,0.268854,0.415553,0.566181,0.604908,0.643635,0.584192,0.596658,0.503888,0.450645,0.234647,0.045669,0.032123,0.018577,0.122536,0.226494,0.366207,0.505920,0.645378,0.665376,0.765962,0.769745,0.752710,0.727019,0.701328,0.675637,0.455638,0.458836,0.194667,0.211474,0.143055,0.074635,0.006215,0.002027,-0.009637,0.009434,0.016202
25,20,0.023765,0.079555,0.135346,0.143553,0.151761,0.027069,0.152968,0.095952,0.223790,0.334147,0.444504,0.377227,0.623031,0.443844,0.618225,0.557763,0.435033,0.422216,0.373189,0.038894,-0.035721,0.005471,0.046663,0.143119,0.239576,0.376928,0.514279,0.551910,0.687664,0.727061,0.651164,0.575267,0.589334,0.603400,0.617466,0.491973,0.348483,0.263371,0.178260,0.117927,0.057594,-0.002738,-0.009742,-0.003218,-0.001478,-0.002275
25,21,0.023765,0.002430,-0.018905,0.024109,0.067123,0.027069,0.027789,0.095952,0.257895,0.318948,0.380000,0.541244,0.623031,0.443844,0.701038,0.633608,0.586340,0.555240,0.411189,0.118261,-0.035721,-0.015920,0.003880,0.113468,0.223056,0.368668,0.514279,0.551910,0.673401,0.727061,0.697362,0.667663,0.669575,0.671488,0.673400,0.502274,0.438952,0.348965,0.258978,0.168991,0.079004,-0.010983,-0.026582,-0.025265,-0.001478,-0.033774
25,22,0.081357,0.098114,0.114870,0.203152,0.291434,0.213789,0.147229,0.318783,0.257895,0.345006,0.432117,0.541244,0.519663,0.483290,0.701038,0.605460,0.567507,0.528337,0.393366,0.119898,0.013155,-0.005700,-0.024555,0.099250,0.223056,0.368050,0.513045,0.512255,0.673401,0.788441,0.831740,0.681930,0.679087,0.676243,0.673400,0.487317,0.492639,0.402785,0.312931,0.209150,0.105369,0.001588,-0.001706,-0.025265,0.008521,-0.010058
25,23,0.217270,0.217479,0.217688,0.254561,0.291434,0.315134,0.224589,0.318783,0.370396,0.398643,0.426890,0.527286,0.661053,0.483290,0.720702,0.618785,0.600142,0.491386,0.393366,0.118280,-0.008604,-0.016580,-0.024555,0.105742,0.236038,0.368290,0.500541,0.512255,0.689937,0.804198,0.888222,0.652554,0.659502,0.666451,0.673400,0.487317,0.361037,0.293820,0.226602,0.159385,0.092168,0.024950,-0.001706,0.015640,0.008741,0.007626
25,24,0.217270,0.144356,0.071442,0.162742,0.254041,0.018735,0.103687,0.097117,0.255328,0.341109,0.426890,0.527286,0.661053,0.429631,0.720702,0.579486,0.612344,0.518637,0.400967,0.163035,-0.041544,-0.035139,-0.028734,0.103652,0.236038,0.376101,0.516163,0.507065,0.689937,0.804198,0.748129,0.650709,0.670502,0.690295,0.710088,0.293550,0.361037,0.254425,0.147812,0.093593,0.039374,-0.014845,-0.062923,-0.033771,0.008741,-0.089777
25,25,-0.087765,-0.088341,-0.088917,-0.068720,-0.048524,0.018735,0.103687,0.097117,0.034591,0.162707,0.290823,0.471440,0.453054,0.560055,0.722736,0.607584,0.612344,0.547705,0.400967,0.038473,-0.153922,-0.085999,-0.018076,0.121044,0.260164,0.398849,0.537535,0.507065,0.685443,0.744190,0.728135,0.712079,0.711415,0.710752,0.710088,0.468622,0.459646,0.345030,0.230413,0.159968,0.089523,0.019077,-0.037594,-0.034240,-0.018137,-0.089777
25,26,-0.087765,-0.088341,-0.088917,-0.068720,-0.048524,0.018735,0.103687,0.097117,0.034591,0.162707,0.290823,0.471440,0.453054,0.560055,0.722736,0.607584,0.612344,0.547705,0.400967,0.038473,-0.153922,-0.085999,-0.018076,0.121044,0.260164,0.398849,0.537535,0.507065,0.685443,0.744190,0.728135,0.712079,0.711415,0.710752,0.710088,0.468622,0.459646,0.345030,0.230413,0.159968,0.089523,0.019077,-0.037594,-0.034240,-0.018137,-0.089777
25,42,-0.104011,-0.104011,-0.104011,-0.108038,-0.112065,-0.055938,0.029264,-0.013702,-0.056668,0.084158,0.224983,0.354023,0.345652,0.519736,0.548144,0.411726,0.513737,0.391050,0.538412,0.097985,-0.036161,-0.072099,0.004313,0.080726,0.157139,0.303347,0.449555,0.598651,0.624314,0.730679,0.728368,0.667682,0.606996,0.546310,0.663687,0.437208,0.437071,0.332254,0.227438,0.048628,0.038661,0.028694,0.002980,-0.008025,-0.009851,-0.042383
25,43,-0.112355,-0.112355,-0.112355,-0.109903,-0.107450,-0.068347,-0.028927,-0.042797,-0.056668,0.092483,0.241634,0.333531,0.338928,0.519736,0.548144,0.411726,0.510607,0.435632,0.531015,0.094467,-0.069165,-0.072099,0.007072,0.086244,0.165415,0.298672,0.431928,0.528121,0.624314,0.722568,0.685238,0.647907,0.598195,0.548483,0.663687,0.432673,0.424261,0.285407,0.146552,0.027254,0.018602,0.009950,0.008319,0.013170,0.058325,0.012199
25,44,-0.112355,-0.112355,-0.112355,-0.109903,-0.107450,-0.068347,-0.028927,-0.042797,-0.056668,0.092483,0.241634,0.333531,0.338928,0.519736,0.548144,0.411726,0.510607,0.435632,0.531015,0.094467,-0.069165,-0.072099,0.007072,0.086244,0.165415,0.298672,0.431928,0.528121,0.624314,0.722568,0.685238,0.647907,0.598195,0.548483,0.663687,0.432673,0.424261,0.285407,0.146552,0.027254,0.018602,0.009950,0.008319,0.013170,0.058325,0.012199
25,45,-0.103042,-0.103042,-0.103042,-0.105246,-0.107450,-0.055805,-0.073164,-0.060041,-0.046919,0.066716,0.180351,0.348691,0.338928,0.416411,0.529550,0.406555,0.518309,0.485707,0.528643,0.035574,0.021837,-0.072923,0.006523,0.085969,0.165415,0.317956,0.470497,0.545950,0.621402,0.722568,0.718683,0.612270,0.594532,0.576794,0.620129,0.423244,0.424261,0.285407,0.146552,0.017960,0.019143,0.020325,0.008319,0.013170,0.058325,0.045759
25,46,-0.062864,-0.062864,-0.062864,-0.071038,-0.079211,-0.055805,-0.073164,-0.034291,0.004583,0.082822,0.161062,0.334937,0.342119,0.416411,0.520727,0.380800,0.499672,0.449787,0.502273,0.012028,-0.069782,-0.061998,0.018810,0.099618,0.180426,0.302523,0.424619,0.509357,0.594095,0.720731,0.681035,0.628728,0.602761,0.576794,0.620129,0.401564,0.383453,0.277409,0.171366,0.085203,0.012294,-0.060615,-0.005396,-0.010753,0.027237,-0.168809
25,48,-0.090813,-0.090813,-0.090813,-0.093672,-0.096531,-0.084789,-0.050173,-0.044608,-0.039043,0.054620,0.148284,0.258398,0.301342,0.439177,0.481543,0.365304,0.491186,0.388774,0.363207,0.102953,-0.029597,-0.061998,-0.010641,0.099764,0.210169,0.331397,0.452624,0.495993,0.539362,0.653622,0.595791,0.621124,0.600859,0.580594,0.560329,0.305197,0.378721,0.297236,0.215750,0.067242,0.031183,-0.004876,-0.067072,-0.087087,-0.067178,-0.067178
25,49,-0.078528,-0.078528,-0.078528,-0.083120,-0.087712,-0.071813,-0.028363,0.010551,-0.038287,0.054998,0.148284,0.299060,0.301639,0.439177,0.481543,0.404127,0.455196,0.388774,0.466006,0.070634,-0.029597,-0.016945,-0.010641,0.099764,0.210169,0.296901,0.383634,0.461498,0.539362,0.621452,0.595791,0.621124,0.600859,0.580594,0.560329,0.396951,0.361546,0.227065,0.092585,0.038568,0.016846,-0.004876,-0.048687,-0.069496,-0.067178,-0.061174
25,50,-0.078528,-0.078528,-0.078528,-0.079943,-0.081357,-0.071813,-0.032187,-0.030960,-0.029733,0.099657,0.229047,0.341426,0.526887,0.515158,0.562070,0.566278,0.453432,0.515578,0.360627,0.211221,-0.009978,-0.016945,-0.004005,0.068036,0.140076,0.285744,0.431411,0.511429,0.591446,0.647844,0.603957,0.644253,0.593222,0.542190,0.491158,0.396951,0.361546,0.227065,0.092585,0.000510,0.018647,0.036784,-0.030796,-0.016928,-0.024216,-0.061774
25,51,-0.071095,-0.071095,-0.071095,-0.076226,-0.081357,-0.054798,-0.031507,-0.032899,-0.034290,0.087802,0.209895,0.364919,0.526887,0.515158,0.562070,0.566278,0.557536,0.498401,0.565223,0.113692,-0.094194,-0.016945,-0.017401,0.065739,0.148880,0.313725,0.478570,0.542464,0.606357,0.647844,0.653672,0.644253,0.569511,0.494769,0.481626,0.415648,0.394624,0.253480,0.112335,0.009587,0.026159,0.042730,0.022789,-0.016928,0.061204,-0.061774
25,52,-0.051061,-0.051061,-0.051061,-0.039490,-0.027919,-0.054137,-0.031507,-0.032899,-0.034290,0.050909,0.136109,0.361572,0.526887,0.406335,0.492577,0.575680,0.548470,0.498401,0.589045,0.238212,0.007993,-0.016945,-0.017401,0.065739,0.148880,0.308008,0.467137,0.578084,0.606357,0.698282,0.653672,0.667804,0.647941,0.628077,0.608213,0.420018,0.394624,0.253480,0.112335,-0.014210,0.023150,0.060511,0.004433,0.029805,0.061204,-0.001186
26,4,-0.084429,-0.084429,-0.084429,-0.064731,-0.045033,0.073201,-0.021900,0.036686,0.095273,0.317040,0.359862,0.459101,0.474891,0.487135,0.634877,0.606161,0.560743,0.569730,0.578718,0.176489,0.038579,0.012519,-0.013541,0.092233,0.198008,0.361894,0.525779,0.574207,0.616443,0.653802,0.696784,0.739767,0.605618,0.471469,0.598217,0.386396,0.419899,0.304245,0.188590,0.072936,0.023982,-0.024971,-0.025572,0.019158,0.015753,0.120101
26,5,-0.116569,-0.116569,-0.116569,-0.094250,-0.071931,-0.042209,-0.073536,-0.031029,0.011478,0.129793,0.248108,0.423298,0.451079,0.487135,0.708023,0.612343,0.557201,0.530254,0.625272,0.213111,0.047461,0.016960,-0.013541,0.092233,0.198008,0.369232,0.540457,0.574207,0.683008,0.738633,0.757134,0.739767,0.692584,0.645400,0.598217,0.437248,0.419899,0.295943,0.171987,0.117887,0.063787,0.009687,-0.025572,-0.014056,-0.001433,-0.020862
26,6,-0.116569,-0.116569,-0.116569,-0.086247,-0.055925,-0.047434,-0.073536,0.022282,0.005607,0.144809,0.284012,0.423298,0.586425,0.495449,0.733951,0.612343,0.593329,0.544845,0.625272,0.227802,0.047725,0.011452,-0.024820,0.105810,0.236441,0.387555,0.538669,0.591296,0.693220,0.738633,0.757134,0.761803,0.719731,0.677660,0.635589,0.474261,0.446231,0.385229,0.324228,0.219381,0.114534,0.009687,-0.023138,-0.049437,-0.052206,-0.054975
26,7,-0.116628,-0.116628,-0.116628,-0.086276,-0.055925,-0.028852,-0.058381,0.022282,0.101514,0.231870,0.362226,0.460006,0.586425,0.472978,0.733951,0.633162,0.593329,0.598380,0.627953,0.227802,0.037666,0.006423,-0.024820,0.105810,0.236441,0.378322,0.520204,0.591296,0.693220,0.736878,0.754412,0.768632,0.724284,0.679937,0.635589,0.466336,0.464138,0.374569,0.324228,0.218720,0.113212,0.007704,-0.055056,-0.049437,-0.052206,-0.054975
26,8,-0.097852,-0.097852,-0.097852,-0.064658,-0.031463,-0.028852,-0.018277,0.026935,0.037883,0.160732,0.283581,0.460006,0.586425,0.475811,0.684999,0.656193,0.592990,0.449625,0.627953,0.202970,0.043570,0.019022,-0.005527,0.120655,0.246837,0.361827,0.476818,0.616775,0.676860,0.736878,0.754412,0.778140,0.709243,0.640346,0.571448,0.466198,0.455743,0.374569,0.328798,0.205866,0.082934,-0.039998,-0.059808,-0.049687,-0.049687,-0.049687
26,9,-0.101972,-0.101972,-0.101972,-0.086781,-0.071590,-0.057366,-0.056727,0.026935,0.019146,0.151363,0.283581,0.433527,0.564205,0.475811,0.684999,0.615499,0.550718,0.444040,0.507362,0.153603,0.007459,-0.003119,-0.013696,0.114147,0.241990,0.362526,0.483061,0.616775,0.676860,0.736878,0.755450,0.712990,0.664174,0.615358,0.566542,0.466198,0.455743,0.354550,0.328798,0.215375,0.101951,-0.011472,-0.062106,-0.061858,-0.061858,-0.061858
26,10,-0.101972,-0.101972,-0.101972,-0.086781,-0.071590,-0.057366,-0.056727,0.026935,0.019146,0.151363,0.283581,0.433527,0.564205,0.475811,0.684999,0.615499,0.550718,0.444040,0.507362,0.153603,0.007459,-0.003119,-0.013696,0.114147,0.241990,0.362526,0.483061,0.616775,0.676860,0.736878,0.755450,0.712990,0.664174,0.615358,0.566542,0.466198,0.455743,0.354550,0.328798,0.215375,0.101951,-0.011472,-0.062106,-0.061858,-0.061858,-0.061858
26,11,-0.107820,-0.107820,-0.107820,-0.087598,-0.067376,-0.039773,-0.049989,0.027621,0.102355,0.212539,0.322722,0.433527,0.564205,0.475811,0.675423,0.615499,0.580889,0.482635,0.526863,0.138382,-0.016743,-0.013977,-0.011211,0.115389,0.241990,0.363401,0.484813,0.597080,0.664545,0.735357,0.755450,0.712990,0.664174,0.615358,0.566542,0.469911,0.440159,0.300163,0.277901,0.177297,0.076692,-0.023912,-0.056880,-0.061858,-0.057534,-0.053211
26,12,-0.038067,-0.038067,-0.038067,-0.007241,0.023585,-0.039773,0.015682,0.027621,0.102355,0.221868,0.341382,0.432164,0.446318,0.457943,0.596913,0.627883,0.506007,0.473769,0.526863,0.141507,0.001054,-0.005079,-0.011211,0.109269,0.229748,0.357281,0.484813,0.597080,0.599129,0.735357,0.692141,0.678024,0.638403,0.598782,0.559161,0.439785,0.433182,0.265759,0.277901,0.176988,0.076075,-0.024838,-0.049336,-0.057763,-0.066862,-0.075961
26,13,-0.058694,-0.058694,-0.058694,-0.048100,-0.037505,-0.013593,-0.007149,0.045638,0.101660,0.179842,0.258024,0.432164,0.559844,0.457943,0.557033,0.566009,0.466066,0.473769,0.505319,0.095381,0.001054,0.019590,0.038126,0.133937,0.229748,0.344953,0.460158,0.574066,0.599129,0.733362,0.696366,0.678024,0.638403,0.598782,0.559161,0.393092,0.386779,0.138879,0.242855,0.170896,0.098937,0.026978,-0.023812,-0.057250,-0.027411,0.002429
26,14,-0.099790,-0.099790,-0.099790,-0.090471,-0.081153,-0.046936,-0.046501,0.045638,0.021064,0.102302,0.183540,0.394583,0.559844,0.558438,0.557033,0.584192,0.502383,0.416150,0.505319,0.159940,-0.010538,-0.006258,-0.001977,0.113095,0.228168,0.339032,0.449895,0.574066,0.614597,0.739375,0.696366,0.678024,0.631391,0.584758,0.538124,0.420096,0.352050,0.178578,0.118168,0.081849,0.045530,0.009211,-0.023812,0.017167,0.016113,0.015060
26,17,-0.088117,-0.088117,-0.088117,-0.072562,-0.057007,-0.046306,-0.047953,0.011904,0.034813,0.137884,0.240956,0.382719,0.515206,0.553697,0.592187,0.568484,0.489888,0.497123,0.456730,0.106427,-0.058882,-0.012916,0.033050,0.118277,0.203504,0.351487,0.499471,0.511619,0.591193,0.710369,0.721181,0.621323,0.620038,0.618752,0.617466,0.411513,0.376381,0.290604,0.204826,0.134209,0.063592,-0.007025,-0.067679,-0.058912,-0.043822,-0.059886
26,18,-0.088117,-0.088117,-0.088117,-0.078143,-0.068169,-0.047530,-0.047953,0.011904,0.070268,0.135913,0.201559,0.377227,0.354652,0.432435,0.510218,0.488205,0.394813,0.288715,0.456730,-0.042785,-0.193894,-0.080422,0.033050,0.118277,0.203504,0.297510,0.391517,0.511619,0.591193,0.715810,0.669687,0.621323,0.620038,0.618752,0.617466,0.202593,0.307348,0.256087,0.204826,0.134209,0.063592,-0.007025,-0.049358,-0.037604,-0.026110,-0.047747
26,19,-0.088117,-0.088117,-0.088117,-0.078143,-0.068169,-0.047530,-0.047953,0.011904,0.070268,0.135913,0.201559,0.377227,0.354652,0.432435,0.510218,0.488205,0.394813,0.288715,0.456730,-0.042785,-0.193894,-0.080422,0.033050,0.118277,0.203504,0.297510,0.391517,0.511619,0.591193,0.715810,0.669687,0.621323,0.620038,0.618752,0.617466,0.202593,0.307348,0.256087,0.204826,0.134209,0.063592,-0.007025,-0.049358,-0.037604,-0.026110,-0.047747
26,20,-0.079104,-0.079104,-0.079104,-0.052848,-0.026593,0.027069,-0.050920,0.095952,0.045999,0.176301,0.306603,0.377227,0.439618,0.443844,0.510218,0.488205,0.435033,0.287446,0.361902,-0.042785,-0.034466,-0.004061,0.026345,0.107696,0.189047,0.290282,0.391517,0.551910,0.549660,0.637340,0.629332,0.621323,0.620038,0.618752,0.617466,0.365361,0.076797,0.127529,0.178260,0.107745,0.037230,-0.033284,-0.026704,-0.011404,-0.039040,-0.056883
26,21,-0.094138,-0.094138,-0.094138,-0.065474,-0.036809,0.038828,-0.086313,0.095952,0.045999,0.151347,0.256695,0.425331,0.445695,0.443844,0.625521,0.633608,0.559531,0.512310,0.411189,0.091792,-0.034466,-0.016310,0.001846,0.112451,0.223056,0.314256,0.405457,0.551910,0.661673,0.728074,0.724664,0.710998,0.698465,0.685933,0.673400,0.464207,0.438952,0.374366,0.309780,0.213277,0.116773,0.020270,-0.066021,-0.061940,-0.039040,-0.056883
26,22,-0.080953,-0.080953,-0.080953,-0.041396,-0.001840,0.038828,-0.056351,0.138210,0.047445,0.183559,0.319673,0.425331,0.445695,0.492825,0.625521,0.618785,0.565578,0.528337,0.439869,0.125257,-0.031631,-0.000929,0.029772,0.126414,0.223056,0.361082,0.499108,0.517071,0.661673,0.728074,0.788843,0.651234,0.658623,0.666012,0.673400,0.466537,0.462007,0.385894,0.309780,0.200180,0.090579,-0.019021,-0.056819,-0.061940,-0.033521,-0.033521
26,23,0.217688,0.217688,0.217688,0.107924,-0.001840,0.093645,0.224589,0.138210,0.093775,0.216511,0.339247,0.470690,0.508064,0.492825,0.711363,0.618785,0.631231,0.539129,0.439869,0.115188,-0.074917,-0.022573,0.029772,0.132321,0.234870,0.367706,0.500541,0.517071,0.689937,0.768989,0.785793,0.652151,0.659234,0.666317,0.673400,0.466537,0.443839,0.315255,0.186671,0.116441,0.046211,-0.024019,-0.011497,-0.041080,0.008741,0.008741
26,25,-0.087765,-0.089410,-0.091055,-0.070934,-0.050813,0.007756,0.103687,0.088027,0.040106,0.191373,0.342640,0.471440,0.514919,0.630740,0.736516,0.638141,0.637459,0.552999,0.464157,0.065094,0.005016,-0.006521,-0.018059,0.104263,0.226585,0.385621,0.544658,0.478689,0.714968,0.752744,0.615626,0.478509,0.555702,0.632895,0.710088,0.447126,0.404271,0.317342,0.230413,0.159485,0.088557,0.017628,-0.036059,-0.030974,-0.029746,-0.031116
26,41,0.174741,0.174741,0.174741,0.161886,0.149030,0.091254,0.274226,0.209208,0.068861,0.247483,0.426105,0.498239,0.626378,0.532686,0.659122,0.474189,0.524171,0.466757,0.458510,0.121862,-0.017620,-0.073410,-0.096953,0.033061,0.163075,0.331174,0.499274,0.587915,0.676557,0.740152,0.730631,0.653235,0.575838,0.498442,0.663687,0.483784,0.400837,0.317889,0.234942,0.151994,0.103894,0.055794,-0.010007,0.013644,0.067322,-0.010982
26,43,-0.072871,-0.072871,-0.072871,-0.072871,-0.072871,0.005361,0.119369,0.033734,0.028744,0.186209,0.343674,0.435602,0.585659,0.519741,0.657626,0.455438,0.550167,0.376039,0.342889,0.102491,-0.066246,-0.073410,0.026128,0.125665,0.225202,0.371335,0.517468,0.569435,0.621402,0.722568,0.700123,0.639752,0.579380,0.519009,0.663687,0.487655,0.432333,0.258063,0.083792,0.074203,0.045128,0.016054,0.036094,0.063640,0.058325,0.007648
26,45,-0.062864,-0.062864,-0.062864,-0.070523,-0.078181,-0.028017,0.010471,0.021842,0.043402,0.146317,0.249232,0.334937,0.477530,0.383942,0.499041,0.361624,0.446210,0.400930,0.510511,0.012028,-0.042350,-0.009394,0.071645,0.152684,0.233723,0.345958,0.458192,0.515854,0.573516,0.652304,0.619916,0.581480,0.543043,0.504606,0.620129,0.401564,0.383453,0.277409,0.171366,0.054066,0.038638,0.023209,0.007875,0.041517,0.027237,-0.023820
26,49,0.018572,0.018572,0.018572,0.045485,0.072398,0.050157,0.145208,0.010551,0.038654,0.154580,0.270507,0.383121,0.403293,0.478686,0.501600,0.510262,0.573332,0.528132,0.530727,0.129883,0.018209,-0.002059,0.037543,0.122562,0.207581,0.335099,0.462617,0.519418,0.576219,0.694935,0.636373,0.613763,0.538193,0.462622,0.387052,0.311481,0.368658,0.286857,0.205056,0.038568,0.067886,0.097203,0.048603,0.055400,0.039475,0.039475
26,50,0.018572,0.018572,0.018572,0.026628,0.034684,0.050157,-0.000667,0.002650,0.005967,0.164278,0.322589,0.408611,0.448243,0.478686,0.632839,0.605222,0.573332,0.511514,0.400370,0.152103,0.035808,-0.002059,-0.007706,0.099937,0.207581,0.339158,0.470736,0.531091,0.591446,0.694935,0.661020,0.720039,0.669593,0.619147,0.568701,0.388218,0.368658,0.286857,0.205056,0.028064,0.043330,0.058595,0.026739,-0.017793,0.032946,0.032946
26,51,-0.030004,-0.030004,-0.030004,-0.028961,-0.027919,0.017597,-0.000667,0.046963,0.005967,0.121825,0.237682,0.427817,0.526887,0.515158,0.581742,0.605222,0.546000,0.484257,0.554223,0.113692,-0.074693,-0.011877,-0.008173,0.103432,0.215036,0.346803,0.478570,0.540537,0.602503,0.694935,0.667856,0.720039,0.697878,0.675717,0.653556,0.452013,0.451465,0.374693,0.297920,0.058832,0.043624,0.028416,0.012379,-0.017793,0.001622,0.001622
26,52,0.003554,0.003554,0.003554,-0.030592,-0.064737,-0.054137,0.029580,0.046963,0.116895,0.194435,0.271975,0.361572,0.519039,0.538762,0.601784,0.624837,0.547474,0.484257,0.561587,0.156918,-0.093320,-0.037216,-0.008173,0.103432,0.215036,0.327715,0.440393,0.521448,0.602503,0.672938,0.667856,0.667804,0.663055,0.658305,0.653556,0.451729,0.320274,0.240897,0.161519,0.030391,0.023916,0.017441,0.010081,0.003288,0.001622,0.001622
27,0,0.016213,0.016213,0.016213,0.061201,0.106188,0.093891,0.119664,0.145437,0.181624,0.401051,0.354573,0.481399,0.575028,0.459689,0.655630,0.584193,0.503704,0.445832,0.608194,0.132842,0.014164,0.049833,0.085502,0.154604,0.223705,0.346400,0.469095,0.638530,0.643339,0.688211,0.651610,0.615009,0.472197,0.329386,0.380932,0.253079,0.266020,0.200396,0.134771,0.069147,0.114245,0.159343,0.144632,0.129921,0.078869,0.087677
27,1,-0.008938,-0.008938,-0.008938,0.046054,0.101045,0.073605,0.126815,0.180025,0.233235,0.326545,0.354573,0.481399,0.575028,0.461326,0.655630,0.633688,0.609529,0.608861,0.608194,0.218523,0.074593,0.080047,0.085502,0.154604,0.223705,0.358195,0.492684,0.622648,0.628258,0.724681,0.669845,0.615009,0.499846,0.384682,0.425985,0.320122,0.359188,0.283617,0.208046,0.069147,0.114245,0.159343,0.046645,0.113415,0.063719,0.017749
27,2,-0.015430,-0.015430,-0.015430,0.055117,0.125665,-0.025240,0.039065,0.103370,0.167675,0.326545,0.357044,0.459101,0.594099,0.461326,0.634877,0.702139,0.603672,0.635255,0.666838,0.171305,0.052164,0.038989,0.025815,0.108982,0.192149,0.342417,0.492684,0.622648,0.603567,0.724681,0.688783,0.652885,0.547884,0.442882,0.524969,0.445886,0.359188,0.312627,0.266065,0.022190,0.086475,0.150759,0.026299,-0.054899,0.034479,0.017749
27,3,-0.015430,-0.015430,-0.015430,0.055117,0.125665,-0.025240,0.039065,0.103370,0.167675,0.326545,0.357044,0.459101,0.594099,0.461326,0.634877,0.702139,0.603672,0.635255,0.666838,0.171305,0.052164,0.038989,0.025815,0.108982,0.192149,0.342417,0.492684,0.622648,0.603567,0.724681,0.688783,0.652885,0.547884,0.442882,0.524969,0.445886,0.359188,0.312627,0.266065,0.022190,0.086475,0.150759,0.026299,-0.054899,0.034479,0.017749
27,4,-0.063939,-0.063939,-0.063939,-0.028338,0.007263,-0.025240,-0.032809,0.043893,0.120594,0.208900,0.297206,0.459101,0.594099,0.495516,0.698722,0.659474,0.616497,0.641668,0.666838,0.197878,0.047461,0.036638,0.025815,0.088538,0.151260,0.321341,0.491422,0.574207,0.645660,0.738633,0.724755,0.695572,0.569227,0.442882,0.524969,0.455619,0.386628,0.326346,0.266065,0.179067,0.092068,0.005069,-0.034211,0.019158,0.034479,-0.078422
27,7,-0.067021,-0.067021,-0.067021,-0.067021,-0.067021,-0.028307,-0.068662,0.019660,0.044671,0.193140,0.341609,0.432646,0.600335,0.495938,0.716778,0.683451,0.659085,0.591710,0.627953,0.242507,0.076581,0.031108,-0.014365,0.124562,0.263488,0.391846,0.520204,0.620845,0.693715,0.765238,0.746875,0.768632,0.711904,0.655175,0.598447,0.464283,0.486031,0.341359,0.331063,0.217368,0.103672,-0.010023,-0.049870,-0.054538,-0.066778,-0.079019
27,8,-0.106318,-0.106318,-0.106318,-0.084261,-0.062203,-0.028307,-0.062920,0.012021,0.037883,0.189746,0.341609,0.432646,0.477912,0.495938,0.716778,0.693012,0.649282,0.530199,0.599315,0.232658,0.061995,0.026651,-0.008693,0.127398,0.263488,0.395978,0.528467,0.643604,0.703048,0.765238,0.746875,0.778140,0.732453,0.686766,0.641078,0.463849,0.486031,0.341359,0.352875,0.227520,0.102165,-0.023190,-0.059808,-0.049281,-0.061443,-0.073605
27,9,-0.106318,-0.106318,-0.106318,-0.089403,-0.072488,-0.058875,-0.062920,0.012021,0.045472,0.149551,0.253630,0.433527,0.456668,0.498108,0.689192,0.680182,0.611789,0.531481,0.599315,0.194769,0.043072,0.019820,-0.003432,0.120972,0.245377,0.386585,0.527794,0.643604,0.703048,0.765238,0.737465,0.767171,0.721301,0.675431,0.629561,0.463849,0.475034,0.345764,0.352875,0.231946,0.111017,-0.009912,-0.072311,-0.064546,-0.064546,-0.064546
27,10,-0.113912,-0.113912,-0.113912,-0.087636,-0.061359,-0.048626,-0.048244,0.027621,0.048025,0.175379,0.302734,0.433527,0.607196,0.498108,0.689192,0.653769,0.580889,0.568559,0.624519,0.205631,0.043033,0.021605,0.000178,0.122777,0.245377,0.378439,0.511500,0.597080,0.681841,0.735357,0.750936,0.767171,0.721301,0.675431,0.629561,0.476402,0.475034,0.300163,0.277901,0.179198,0.080495,-0.018208,-0.071538,-0.064546,-0.068093,-0.071639
27,11,-0.116356,-0.116356,-0.116356,-0.091783,-0.067210,-0.048626,-0.046748,0.027621,0.048025,0.184855,0.321684,0.469907,0.511110,0.457943,0.727836,0.627883,0.583442,0.583069,0.624519,0.269164,0.028928,0.014553,0.000178,0.102925,0.205673,0.358587,0.511500,0.597080,0.646508,0.735357,0.750936,0.749454,0.707033,0.664613,0.622192,0.451138,0.456808,0.323629,0.330150,0.212618,0.095086,-0.022446,-0.058714,-0.062009,-0.060159,-0.058308
27,12,-0.116356,-0.116356,-0.116356,-0.091783,-0.067210,-0.048626,-0.046748,0.027621,0.048025,0.184855,0.321684,0.469907,0.511110,0.457943,0.727836,0.627883,0.583442,0.583069,0.624519,0.269164,0.028928,0.014553,0.000178,0.102925,0.205673,0.358587,0.511500,0.597080,0.646508,0.735357,0.750936,0.749454,0.707033,0.664613,0.622192,0.451138,0.456808,0.323629,0.330150,0.212618,0.095086,-0.022446,-0.058714,-0.062009,-0.060159,-0.058308
27,13,-0.092952,-0.092952,-0.092952,-0.065030,-0.037108,-0.034735,0.002499,0.065782,0.104656,0.231117,0.357579,0.469907,0.514224,0.457943,0.651053,0.666610,0.566634,0.583069,0.615819,0.220913,0.028928,-0.000854,-0.030636,0.087519,0.205673,0.346175,0.486677,0.584241,0.624627,0.733404,0.728335,0.740224,0.700880,0.661536,0.622192,0.449416,0.386779,0.332035,0.330150,0.229295,0.128441,0.027586,-0.042772,-0.057250,-0.052836,-0.048422
27,14,-0.087748,-0.087748,-0.087748,-0.062428,-0.037108,-0.025429,0.001359,0.065782,0.139209,0.255856,0.372503,0.513682,0.559844,0.652349,0.744855,0.642437,0.573586,0.541072,0.615819,0.257547,0.012395,0.003874,-0.004647,0.111761,0.228168,0.363542,0.498915,0.584241,0.676378,0.733404,0.728335,0.753309,0.681581,0.609853,0.538124,0.428247,0.365135,0.222058,0.219412,0.149534,0.079656,0.009778,-0.042772,-0.027049,-0.037735,-0.048422
27,15,-0.114500,-0.114500,-0.114500,-0.072554,-0.030609,-0.043006,-0.063450,0.032751,0.098167,0.227060,0.355952,0.513682,0.544110,0.580948,0.617786,0.679334,0.560564,0.598187,0.579755,0.134793,-0.046297,-0.025472,-0.004647,0.116329,0.237304,0.373900,0.510495,0.648075,0.676378,0.733404,0.759122,0.721731,0.676214,0.630697,0.585181,0.454864,0.377154,0.222058,0.219412,0.149534,0.079656,0.009778,0.010727,0.029102,0.049117,0.069132
27,16,-0.095693,-0.095693,-0.095693,-0.079930,-0.064167,-0.043006,-0.066346,0.032751,0.008151,0.182052,0.355952,0.382719,0.506351,0.562068,0.617786,0.627404,0.560564,0.443122,0.579755,0.139068,-0.111556,-0.066900,-0.022244,0.107530,0.237304,0.368137,0.498970,0.648075,0.722038,0.756012,0.721181,0.721731,0.676214,0.630697,0.585181,0.366628,0.210932,0.152919,0.094906,0.078766,0.062626,0.046486,-0.004052,-0.003363,0.032902,0.069171
27,17,-0.066351,-0.066351,-0.066351,-0.058712,-0.051073,-0.040555,-0.037751,0.011904,0.031478,0.118619,0.205760,0.382719,0.515206,0.515130,0.515053,0.512865,0.468154,0.384535,0.522132,0.103440,-0.049888,-0.064296,0.033050,0.127279,0.221508,0.357726,0.493944,0.511619,0.599055,0.686861,0.721181,0.666133,0.615147,0.564161,0.513174,0.229654,0.210932,0.207879,0.204826,0.135233,0.065639,-0.003955,-0.026384,-0.003363,0.032902,0.022046
27,18,-0.066351,-0.066351,-0.066351,-0.057418,-0.048486,0.009873,-0.037751,0.011904,0.052708,0.128479,0.204251,0.370148,0.352435,0.437557,0.522679,0.488205,0.478606,0.353126,0.522132,-0.016944,-0.139067,-0.088359,0.023059,0.122284,0.221508,0.327603,0.433697,0.511619,0.599055,0.686861,0.664717,0.666133,0.608309,0.550485,0.492661,0.120911,0.221481,0.213154,0.204826,0.135233,0.065639,-0.003955,-0.034944,-0.017681,0.010616,-0.047747
27,19,-0.055598,-0.055598,-0.055598,-0.054855,-0.054113,-0.064313,-0.020077,-0.000501,0.012775,0.136736,0.260697,0.370148,0.529489,0.391749,0.522679,0.505203,0.395054,0.387667,0.361902,-0.016944,0.032706,0.029525,0.026345,0.107696,0.189047,0.307137,0.425226,0.499838,0.550496,0.637340,0.651737,0.666133,0.608309,0.550485,0.492661,0.195947,0.076797,0.089526,0.102255,0.059206,0.016158,-0.026891,-0.031078,-0.045414,0.010616,-0.008860
27,20,-0.086067,-0.086067,-0.086067,-0.078544,-0.071021,-0.053367,-0.073362,-0.000501,0.012775,0.102216,0.191658,0.406384,0.529489,0.391749,0.512041,0.553344,0.488458,0.454402,0.548672,0.030393,-0.057720,-0.034704,-0.011687,0.098810,0.209306,0.354207,0.499108,0.499838,0.527714,0.696283,0.628261,0.560238,0.550991,0.541743,0.532496,0.454303,0.328211,0.215233,0.102255,0.064628,0.027002,-0.010625,-0.063908,-0.061940,-0.050010,-0.089336
27,21,-0.077021,-0.077021,-0.077021,-0.067484,-0.057947,-0.053367,-0.057964,0.032438,0.031630,0.165318,0.299006,0.406384,0.418479,0.460161,0.699159,0.632161,0.568482,0.525967,0.548672,0.092489,-0.031323,-0.021505,-0.011687,0.098810,0.209306,0.350166,0.491027,0.543785,0.645011,0.732511,0.685853,0.639196,0.642785,0.646373,0.649962,0.474043,0.400739,0.327798,0.254857,-0.010108,-0.018520,-0.026931,-0.051933,-0.041080,-0.033521,-0.033521
27,22,-0.077021,-0.077021,-0.077021,-0.067484,-0.057947,-0.053367,-0.057964,0.032438,0.031630,0.165318,0.299006,0.406384,0.418479,0.460161,0.699159,0.632161,0.568482,0.525967,0.548672,0.092489,-0.031323,-0.021505,-0.011687,0.098810,0.209306,0.350166,0.491027,0.543785,0.645011,0.732511,0.685853,0.639196,0.642785,0.646373,0.649962,0.474043,0.400739,0.327798,0.254857,-0.010108,-0.018520,-0.026931,-0.051933,-0.041080,-0.033521,-0.033521
27,23,-0.060692,-0.060692,-0.060692,-0.059319,-0.057947,-0.033946,-0.025864,0.032438,0.068063,0.203655,0.339247,0.470690,0.624215,0.460161,0.699159,0.632161,0.598512,0.575106,0.428947,0.104200,-0.065908,-0.009744,0.046421,0.139464,0.232508,0.361767,0.491027,0.543785,0.652688,0.732511,0.640269,0.632553,0.638356,0.644159,0.649962,0.474043,0.454869,0.301068,0.147266,0.027448,0.003397,-0.020653,-0.007724,-0.041080,-0.041080,-0.041080
27,24,-0.050855,-0.050855,-0.050855,-0.046300,-0.041744,-0.029220,-0.011207,0.088027,0.062947,0.201209,0.339471,0.470690,0.624215,0.460161,0.691714,0.620289,0.549689,0.587008,0.482162,0.239653,0.050556,0.025784,0.001011,0.116760,0.232508,0.345875,0.459241,0.478689,0.652688,0.756781,0.637524,0.665076,0.660038,0.655000,0.649962,0.441218,0.421845,0.284556,0.147266,0.027448,0.026408,0.025368,-0.033327,-0.028349,-0.028349,-0.028349
27,25,-0.067917,-0.067917,-0.067917,-0.066539,-0.065161,-0.029220,-0.024035,0.088027,0.109629,0.229054,0.348479,0.495171,0.495566,0.589070,0.723819,0.647828,0.667667,0.616238,0.482162,0.277239,0.056671,0.028841,0.001011,0.114799,0.228586,0.337397,0.446208,0.478689,0.618853,0.756781,0.687782,0.549117,0.569807,0.590497,0.671777,0.404659,0.458256,0.388191,0.318127,0.111924,0.043451,-0.025021,-0.033066,-0.052956,-0.052956,-0.052956
27,26,-0.019263,-0.019263,-0.019263,-0.020529,-0.021794,-0.000503,0.097056,0.092369,0.163653,0.256066,0.348479,0.495171,0.642549,0.617875,0.746828,0.666287,0.646862,0.616238,0.464157,0.252144,0.006455,0.000105,-0.006246,0.101516,0.209277,0.356416,0.503555,0.508689,0.667083,0.764579,0.693766,0.622952,0.560699,0.498447,0.671777,0.476852,0.462377,0.354661,0.246945,0.052316,0.014377,-0.023562,-0.033066,-0.050872,-0.027163,-0.027163
27,27,-0.019263,-0.019263,-0.019263,-0.016048,-0.012833,-0.000424,0.097056,0.092369,0.127946,0.248140,0.368333,0.510044,0.642549,0.617875,0.738147,0.666287,0.643362,0.601344,0.442144,0.148847,0.006455,-0.010216,-0.026886,0.091195,0.209277,0.365008,0.520738,0.508689,0.667083,0.764579,0.719576,0.674574,0.579279,0.483984,0.671777,0.484755,0.462377,0.354661,0.246945,0.171402,0.095860,0.020318,-0.037642,-0.050872,-0.027163,-0.077810
27,28,-0.078167,-0.078167,-0.078167,-0.060058,-0.041949,-0.036490,0.040293,0.052898,0.079212,0.202470,0.325729,0.510044,0.528426,0.617875,0.738147,0.654490,0.643362,0.568977,0.442144,0.238966,-0.052567,-0.031733,-0.010900,0.098573,0.208047,0.356962,0.505878,0.598945,0.692013,0.778937,0.720733,0.662528,0.558114,0.453701,0.674902,0.493383,0.462450,0.402843,0.343236,0.235596,0.127957,0.020318,-0.034917,-0.034500,-0.041492,-0.085216
27,29,-0.086992,-0.086992,-0.086992,-0.064471,-0.041949,-0.036490,0.124214,0.052898,0.079212,0.178018,0.276825,0.482121,0.592264,0.566672,0.678644,0.629010,0.635999,0.553795,0.442144,0.238966,0.031852,0.010476,-0.010900,0.098573,0.208047,0.371621,0.535196,0.467815,0.692013,0.778937,0.724358,0.669778,0.671486,0.673194,0.674902,0.449678,0.440970,0.392103,0.343236,0.226121,0.109006,-0.008109,-0.024273,-0.051102,-0.050462,-0.071907
27,45,-0.048260,-0.048260,-0.048260,-0.043716,-0.039172,0.003699,0.009947,0.021842,0.018751,0.136837,0.254923,0.360062,0.328229,0.468589,0.490567,0.397091,0.409807,0.366703,0.510511,0.053244,0.016876,0.071088,0.125300,0.179511,0.233723,0.362929,0.492134,0.505701,0.519267,0.597531,0.684135,0.420529,0.462568,0.504606,0.560965,0.372702,0.360466,0.253617,0.146768,0.027119,0.028147,0.029174,-0.019075,-0.028098,-0.001031,-0.056335
27,46,0.036805,0.036805,0.036805,-0.001183,-0.039172,0.003699,0.095999,0.095648,0.095296,0.197195,0.299094,0.358943,0.312605,0.465330,0.502185,0.322920,0.409807,0.403641,0.534886,0.150418,0.051962,-0.009394,0.071645,0.152684,0.233723,0.327905,0.422088,0.470677,0.519267,0.597531,0.595164,0.420529,0.467341,0.514153,0.560965,0.259462,0.360466,0.253617,0.146768,0.082819,0.044144,0.005469,0.095564,0.004749,0.016728,0.023743
27,47,0.078573,0.078573,0.078573,0.098188,0.117803,0.133471,0.095999,0.127453,0.232403,0.307322,0.382241,0.407198,0.466587,0.465330,0.502185,0.611552,0.493092,0.479321,0.534886,0.174587,0.051962,0.094900,0.137837,0.180774,0.223711,0.367638,0.511565,0.543892,0.576219,0.662744,0.637743,0.617766,0.623466,0.629167,0.634867,0.406843,0.358983,0.294866,0.230750,0.117283,0.116106,0.114929,0.095564,0.065386,0.016728,0.023743
27,48,0.078573,0.078573,0.078573,0.075377,0.072181,0.099182,0.145208,0.125600,0.211230,0.296735,0.382241,0.450072,0.571170,0.539665,0.610294,0.611552,0.574658,0.512392,0.590931,0.162060,0.006956,0.051382,0.095808,0.140234,0.184660,0.338277,0.491893,0.577463,0.663033,0.674337,0.709513,0.720039,0.691648,0.663257,0.634867,0.406843,0.445240,0.386217,0.327194,0.117283,0.080857,0.044432,0.034927,0.021470,0.019606,-0.007718
27,49,0.078573,0.078573,0.078573,0.075377,0.072181,0.099182,0.145208,0.125600,0.211230,0.296735,0.382241,0.450072,0.571170,0.539665,0.610294,0.611552,0.574658,0.512392,0.590931,0.162060,0.006956,0.051382,0.095808,0.140234,0.184660,0.338277,0.491893,0.577463,0.663033,0.674337,0.709513,0.720039,0.691648,0.663257,0.634867,0.406843,0.445240,0.386217,0.327194,0.117283,0.080857,0.044432,0.034927,0.021470,0.019606,-0.007718
28,0,0.084758,0.084758,0.084758,0.077262,0.069767,0.099062,0.120508,0.141953,0.163398,0.401051,0.395097,0.481399,0.486458,0.497235,0.655630,0.598963,0.544577,0.501472,0.637905,0.163358,0.017791,0.054413,0.091035,0.158245,0.225454,0.368576,0.511697,0.631536,0.643238,0.719601,0.680873,0.642144,0.485765,0.329386,0.379747,0.261153,0.302269,0.240452,0.178635,0.073735,0.080921,0.088106,0.169085,0.103079,0.151735,0.133273
28,1,0.030203,0.030203,0.030203,0.053001,0.075799,0.072030,0.086163,0.100296,0.114429,0.401051,0.395097,0.460971,0.539650,0.494042,0.655630,0.671225,0.584308,0.554321,0.615753,0.193453,0.036824,0.029901,0.022978,0.124216,0.225454,0.383134,0.540813,0.606419,0.643178,0.724681,0.678176,0.631671,0.520577,0.409483,0.495441,0.401354,0.375576,0.256172,0.136768,0.073735,0.060387,0.047038,0.064956,0.066181,0.083531,0.021761
28,2,-0.045939,-0.045939,-0.045939,-0.033557,-0.021175,-0.024359,0.021904,0.068166,0.114429,0.326545,0.353707,0.460971,0.488103,0.494042,0.698722,0.698309,0.697740,0.554321,0.666838,0.206900,0.052164,0.020237,-0.011690,0.075214,0.162117,0.351465,0.540813,0.629738,0.687033,0.724681,0.681322,0.637963,0.523723,0.409483,0.578376,0.415752,0.375576,0.234759,0.093942,0.018685,-0.004021,-0.026726,-0.009342,-0.054899,-0.033736,0.021761
28,3,-0.111871,-0.111871,-0.111871,-0.096947,-0.082024,-0.024359,-0.013408,-0.002457,0.008494,0.106094,0.203694,0.460971,0.502412,0.500420,0.698722,0.698309,0.654781,0.562439,0.666838,0.177102,0.038626,0.013468,-0.011690,0.075214,0.162117,0.336284,0.510451,0.629738,0.687033,0.726243,0.732836,0.635166,0.539000,0.442835,0.578376,0.438936,0.399319,0.332692,0.266065,0.009306,-0.014270,-0.037845,-0.009342,-0.021539,-0.033736,-0.016109
28,7,-0.105375,-0.105375,-0.105375,-0.018366,0.068643,-0.049852,-0.074465,0.099102,0.109819,0.177143,0.244466,0.432646,0.600335,0.495938,0.662272,0.651433,0.619029,0.591710,0.636186,0.162196,0.032184,0.011746,-0.008693,0.085631,0.179955,0.344271,0.508588,0.582103,0.651822,0.719013,0.713435,0.700255,0.666319,0.632383,0.598447,0.441618,0.434239,0.249289,0.261502,0.204387,0.147271,0.090156,0.033040,-0.032523,-0.039423,-0.046323
28,9,-0.110231,-0.110231,-0.110231,-0.091424,-0.072617,-0.052402,-0.077263,0.012021,0.041867,0.140810,0.239754,0.425831,0.607196,0.498108,0.670697,0.694070,0.622892,0.591536,0.662310,0.169454,0.043072,0.017311,-0.008451,0.082250,0.172951,0.348804,0.524657,0.643604,0.678615,0.763156,0.737465,0.716902,0.678511,0.640119,0.601727,0.430042,0.428274,0.237460,0.297428,0.194981,0.092535,-0.009912,-0.062469,-0.066947,-0.071426,-0.075904
28,10,-0.113538,-0.113538,-0.113538,-0.089599,-0.065661,-0.033798,-0.061966,-0.014474,0.033019,0.140604,0.248189,0.425831,0.607196,0.498108,0.670697,0.694070,0.644638,0.584569,0.662310,0.216394,0.061013,0.027167,-0.006678,0.083136,0.172951,0.315873,0.458795,0.611832,0.678615,0.763156,0.731233,0.720767,0.681087,0.641407,0.601727,0.448261,0.428274,0.298414,0.314866,0.205879,0.096891,-0.012096,-0.068960,-0.063343,-0.082726,-0.102110
28,11,-0.112035,-0.112035,-0.112035,-0.087639,-0.063242,-0.034735,-0.051496,-0.009238,0.033019,0.163559,0.294099,0.480586,0.607196,0.493523,0.688285,0.668544,0.625083,0.537851,0.594204,0.237516,0.017604,0.005463,-0.006678,0.099498,0.205673,0.332234,0.458795,0.611832,0.660225,0.763156,0.731233,0.740224,0.697421,0.654618,0.611815,0.473270,0.456808,0.288979,0.276337,0.183349,0.090362,-0.002625,-0.006293,-0.050076,-0.038575,-0.027074
28,16,-0.116824,-0.116824,-0.116824,-0.085657,-0.054491,-0.041917,-0.077585,0.032751,0.005994,0.185112,0.364230,0.440898,0.607704,0.496551,0.713696,0.625691,0.655219,0.570817,0.579755,0.151790,-0.111556,-0.066900,-0.022244,0.099302,0.220849,0.397491,0.574132,0.648075,0.728250,0.756012,0.769696,0.741765,0.702921,0.664078,0.625235,0.359032,0.192859,0.110166,0.094906,0.063458,0.032009,0.000560,0.040575,0.066782,0.071298,0.075814
28,17,-0.059496,-0.059496,-0.059496,-0.064974,-0.070452,-0.046724,-0.077585,0.027238,0.021355,0.139971,0.258587,0.440898,0.607704,0.462421,0.634615,0.625691,0.584558,0.499606,0.522132,0.206149,0.000102,-0.132031,0.023059,0.113812,0.204565,0.400309,0.596054,0.648387,0.705835,0.756012,0.769696,0.741765,0.687524,0.633282,0.579041,0.234120,0.192859,0.137348,0.081838,0.057154,0.032469,0.007784,-0.005882,0.012384,0.042941,0.030276
28,18,-0.059496,-0.059496,-0.059496,-0.035025,-0.010553,0.009873,-0.008670,0.027238,0.132141,0.195364,0.258587,0.443115,0.447948,0.462421,0.634615,0.609565,0.478606,0.540121,0.522132,0.191753,0.040418,-0.084816,0.023059,0.117958,0.212858,0.365190,0.517522,0.648387,0.674369,0.736576,0.757941,0.666133,0.608309,0.550485,0.492661,0.366907,0.207856,0.144847,0.081838,0.057154,0.032469,0.007784,-0.004307,-0.001422,0.010616,0.017786
28,19,-0.025623,-0.025623,-0.025623,-0.027205,-0.028787,-0.023534,0.021729,0.077512,0.079588,0.204615,0.329643,0.443115,0.465845,0.488120,0.661543,0.643522,0.512372,0.561616,0.533148,0.191753,0.040418,0.019022,-0.002374,0.105242,0.212858,0.346044,0.479230,0.580375,0.629768,0.736576,0.757941,0.666133,0.608309,0.550485,0.492661,0.402397,0.340120,0.330997,0.321875,0.201259,0.080643,-0.039973,-0.064548,-0.045414,-0.050010,-0.044440
28,20,-0.071458,-0.071458,-0.071458,-0.075881,-0.080304,-0.023534,-0.041694,0.077512,0.079588,0.191302,0.303016,0.406384,0.624579,0.488120,0.661543,0.631837,0.508375,0.521227,0.533148,0.155258,0.025286,0.018718,0.012151,0.120006,0.227861,0.334557,0.441252,0.580375,0.629768,0.696283,0.758323,0.706210,0.662060,0.617910,0.573759,0.443537,0.376712,0.349294,0.321875,0.204036,0.086198,-0.031640,-0.053684,-0.056448,-0.050010,-0.082346
28,21,-0.077472,-0.077472,-0.077472,-0.067936,-0.058400,-0.038992,-0.057964,0.032438,0.065828,0.191028,0.316229,0.406384,0.474524,0.460161,0.666137,0.608645,0.532433,0.485723,0.540991,0.128961,-0.019336,-0.003593,0.012151,0.120006,0.227861,0.354312,0.480762,0.543785,0.611731,0.696283,0.677869,0.659454,0.656290,0.653126,0.649962,0.450100,0.369858,0.311921,0.253985,0.009817,0.014341,0.018865,-0.051933,-0.028155,-0.001603,-0.001603
28,22,-0.069276,-0.069276,-0.069276,-0.056948,-0.044620,-0.035023,-0.041028,0.032438,0.063191,0.192789,0.322388,0.437478,0.469113,0.460161,0.613620,0.608645,0.551758,0.504755,0.383525,0.222990,-0.065908,-0.035877,-0.005846,0.102914,0.211675,0.347702,0.483728,0.543785,0.634923,0.740506,0.714286,0.553378,0.585573,0.617767,0.649962,0.450100,0.443834,0.295550,0.147266,0.057924,0.018636,-0.020653,-0.023671,-0.028155,-0.028155,-0.028155
28,23,-0.055932,-0.055932,-0.055932,-0.050276,-0.044620,-0.029220,-0.038375,0.045145,0.062947,0.139673,0.216399,0.437478,0.610315,0.589070,0.613620,0.578949,0.549689,0.423335,0.426289,0.141804,-0.013064,-0.003533,0.005997,0.108836,0.211675,0.347702,0.483728,0.446842,0.583100,0.740506,0.646945,0.571813,0.605134,0.638455,0.671777,0.426585,0.407976,0.277621,0.147266,0.057924,0.027186,-0.003552,-0.053987,-0.039112,-0.039112,-0.039112
28,24,-0.055932,-0.055932,-0.055932,-0.050276,-0.044620,-0.029220,-0.038375,0.045145,0.062947,0.139673,0.216399,0.437478,0.610315,0.589070,0.613620,0.578949,0.549689,0.423335,0.426289,0.141804,-0.013064,-0.003533,0.005997,0.108836,0.211675,0.347702,0.483728,0.446842,0.583100,0.740506,0.646945,0.571813,0.605134,0.638455,0.671777,0.426585,0.407976,0.277621,0.147266,0.057924,0.027186,-0.003552,-0.053987,-0.039112,-0.039112,-0.039112
28,25,-0.064361,-0.064361,-0.064361,-0.057765,-0.051169,0.013018,-0.034737,0.045145,0.068547,0.142473,0.216399,0.446993,0.418505,0.589070,0.650712,0.596483,0.614481,0.423335,0.426289,0.200591,0.013571,0.009784,0.005997,0.117291,0.228586,0.327708,0.426829,0.446842,0.610622,0.703650,0.687782,0.681363,0.633883,0.586402,0.671777,0.412691,0.420801,0.320617,0.220433,0.081285,0.028541,-0.024204,-0.053987,-0.040733,-0.040733,-0.040733
28,26,-0.027661,-0.027661,-0.027661,-0.023746,-0.019831,0.013018,-0.034737,0.090890,0.164862,0.250314,0.335767,0.446993,0.512719,0.589070,0.650712,0.630827,0.622544,0.524654,0.426289,0.254773,-0.003687,-0.003809,-0.003932,0.110277,0.224486,0.353493,0.482500,0.471550,0.610622,0.703650,0.804358,0.681363,0.572576,0.463789,0.671777,0.457603,0.455514,0.323188,0.190861,0.047268,0.007716,-0.031837,-0.044768,-0.041030,-0.016164,-0.016164
28,27,-0.027661,-0.027661,-0.027661,-0.019845,-0.012028,0.004575,0.040293,0.090890,0.108502,0.233506,0.358511,0.510044,0.494357,0.597481,0.709280,0.630827,0.622544,0.530243,0.442144,0.127135,-0.003687,-0.015286,-0.026886,0.098800,0.224486,0.369444,0.514403,0.471550,0.639046,0.750639,0.837950,0.797188,0.756426,0.715664,0.674902,0.465900,0.446730,0.318795,0.190861,0.133338,0.075814,0.018291,-0.045516,-0.041030,-0.016164,-0.052510
28,28,-0.071473,-0.071473,-0.071473,-0.050961,-0.030449,-0.029984,0.040293,0.052898,0.073854,0.198518,0.323182,0.510044,0.494357,0.597481,0.741504,0.601665,0.601602,0.460208,0.442144,0.127135,-0.043129,-0.041653,-0.040177,0.094819,0.229814,0.374314,0.518814,0.467815,0.682822,0.750639,0.837950,0.734814,0.714843,0.694872,0.674902,0.484216,0.446730,0.394983,0.343236,0.234921,0.126606,0.018291,-0.027342,-0.013218,-0.021202,-0.074396
28,43,-0.111056,-0.111056,-0.111056,-0.092091,-0.073125,-0.074894,-0.003459,0.070350,-0.060788,0.070978,0.202745,0.338496,0.381579,0.480311,0.548380,0.544943,0.457018,0.354821,0.487835,0.098113,-0.083440,-0.052848,0.029781,0.112411,0.195040,0.390246,0.585452,0.595946,0.606441,0.747737,0.683324,0.631381,0.566885,0.502390,0.654631,0.498392,0.398472,0.328321,0.258169,0.188018,0.117867,0.047715,-0.034931,-0.084515,-0.051866,-0.050689
28,45,-0.049864,-0.049864,-0.049864,-0.031264,-0.012664,0.008051,0.060718,0.025540,0.117557,0.151688,0.185819,0.387053,0.302112,0.462859,0.463357,0.503534,0.451478,0.319858,0.443667,0.060270,0.013355,-0.006991,0.072421,0.151832,0.231244,0.323809,0.416375,0.478896,0.541417,0.597531,0.621323,0.425896,0.416524,0.407151,0.560965,0.272193,0.211131,0.149794,0.088456,0.027119,0.002778,-0.021562,-0.091410,-0.021765,-0.043138,-0.085572
28,46,0.005612,0.005612,0.005612,-0.003526,-0.012664,0.008051,0.155436,0.129232,0.086336,0.198672,0.311008,0.387053,0.508873,0.462859,0.532851,0.503534,0.451478,0.425352,0.483385,0.172171,0.047548,-0.006991,0.072421,0.151832,0.231244,0.315560,0.399877,0.470647,0.541417,0.597531,0.595107,0.425896,0.470919,0.515942,0.560965,0.218810,0.211131,0.143370,0.075609,0.026540,-0.017876,-0.062292,-0.091410,-0.094447,-0.078584,-0.152750
28,47,0.066853,0.066853,0.066853,0.077763,0.088674,0.104819,0.172643,0.129232,0.181209,0.281073,0.380937,0.450072,0.498955,0.522100,0.532851,0.611130,0.591051,0.479321,0.555574,0.134541,0.047548,0.087592,0.127635,0.167678,0.207722,0.332571,0.457420,0.387948,0.586548,0.665138,0.630854,0.489021,0.537636,0.586252,0.634867,0.366638,0.142826,0.122255,0.101683,0.026540,0.015940,0.005340,-0.013991,-0.033323,-0.078584,-0.152750
29,1,0.001942,0.001942,0.001942,0.038870,0.075799,0.072030,0.087307,0.102585,0.174647,0.340744,0.356505,0.479925,0.604644,0.494042,0.681639,0.651386,0.584308,0.527242,0.615753,0.175610,0.054469,0.044424,0.034379,0.126350,0.218321,0.319295,0.420268,0.606419,0.643178,0.704588,0.646477,0.588367,0.498846,0.409325,0.486875,0.302122,0.303276,0.220022,0.136768,0.075492,0.067934,0.060376,0.048781,0.069357,0.089934,0.053886
29,2,-0.053104,-0.053104,-0.053104,-0.053104,-0.053104,0.005443,0.054014,0.102585,0.041551,0.340744,0.351054,0.447743,0.597575,0.494042,0.688355,0.671961,0.624667,0.527242,0.635023,0.169805,0.049025,0.014956,-0.019113,0.005047,0.156619,0.316405,0.476190,0.571434,0.640518,0.704588,0.660543,0.616499,0.512912,0.409325,0.539663,0.432144,0.303276,0.223786,0.144297,0.025096,0.027412,0.029729,-0.006459,0.035620,0.089934,0.053886
29,6,-0.031718,-0.031718,-0.031718,0.087665,0.207049,0.017354,0.003747,0.099102,0.109819,0.239571,0.369322,0.472129,0.631393,0.496625,0.751021,0.664939,0.663739,0.537202,0.684227,0.164641,0.021192,-0.001230,-0.023652,0.079007,0.181666,0.323627,0.465587,0.579036,0.697919,0.719013,0.805955,0.736759,0.668438,0.600116,0.531795,0.449608,0.436581,0.249289,0.278297,0.216983,0.155668,0.094354,0.033040,0.006806,-0.008648,-0.024103
29,7,-0.031718,-0.031718,-0.031718,-0.012236,0.007245,0.017354,0.003747,0.049452,0.068061,0.218692,0.369322,0.472129,0.631393,0.496625,0.751021,0.664939,0.695539,0.548334,0.684227,0.202627,0.045155,0.010751,-0.023652,0.079593,0.182837,0.325341,0.467846,0.579036,0.645451,0.719013,0.743270,0.763845,0.712558,0.661270,0.609983,0.445929,0.436581,0.237460,0.297428,0.215309,0.133190,0.051071,-0.031048,-0.105600,-0.111215,-0.116830
29,8,-0.031718,-0.031718,-0.031718,-0.012236,0.007245,0.017354,0.003747,0.049452,0.068061,0.218692,0.369322,0.472129,0.631393,0.496625,0.751021,0.664939,0.695539,0.548334,0.684227,0.202627,0.045155,0.010751,-0.023652,0.079593,0.182837,0.325341,0.467846,0.579036,0.645451,0.719013,0.743270,0.763845,0.712558,0.661270,0.609983,0.445929,0.436581,0.237460,0.297428,0.215309,0.133190,0.051071,-0.031048,-0.105600,-0.111215,-0.116830
29,11,-0.038644,-0.038644,-0.038644,-0.014809,0.009026,0.045658,0.035882,0.050967,0.066052,0.199168,0.332283,0.480586,0.565434,0.514251,0.688285,0.670174,0.652181,0.560916,0.594204,0.146963,-0.063362,-0.022280,0.018802,0.127234,0.235666,0.334826,0.433986,0.580128,0.670962,0.735394,0.656190,0.720767,0.684450,0.648132,0.611815,0.439440,0.427342,0.177167,0.194255,0.153207,0.112160,0.071112,0.108614,-0.050076,0.008408,0.066892
29,14,-0.100583,-0.100583,-0.100583,-0.074096,-0.047609,-0.034216,-0.027941,0.056022,0.101106,0.224715,0.348324,0.516160,0.545458,0.514222,0.716658,0.648729,0.587244,0.538178,0.592999,0.120708,0.033333,0.002902,-0.027528,0.084075,0.195678,0.344685,0.493693,0.578053,0.677564,0.739399,0.754381,0.757606,0.717694,0.677781,0.637869,0.457543,0.403552,0.299552,0.195552,0.079660,0.060923,0.042187,0.004077,-0.065371,-0.065371,-0.065371
29,15,-0.075624,-0.075624,-0.075624,-0.061617,-0.047609,-0.034216,-0.029608,0.056022,0.048419,0.153494,0.258568,0.468942,0.523189,0.514222,0.716658,0.648729,0.666388,0.559898,0.592999,0.168941,-0.058159,-0.057418,-0.056677,0.069500,0.195678,0.365381,0.535084,0.578053,0.677564,0.774194,0.762444,0.764875,0.722540,0.680205,0.637869,0.483329,0.397298,0.310033,0.195552,0.046728,0.028290,0.009852,0.004077,-0.065371,-0.075385,-0.085399
29,16,-0.075624,-0.075624,-0.075624,-0.041423,-0.007222,0.027175,-0.029608,0.082338,0.083940,0.193770,0.303601,0.468942,0.445120,0.462421,0.701400,0.641649,0.660751,0.533246,0.588989,0.212858,0.006415,0.007525,0.008634,0.106600,0.204565,0.382938,0.561312,0.590530,0.673892,0.774194,0.762444,0.746173,0.715994,0.685815,0.655635,0.472155,0.207856,0.044808,0.184427,0.066166,0.050811,0.035456,0.008581,-0.011296,0.042941,-0.041392
29,17,-0.075624,-0.075624,-0.075624,-0.041423,-0.007222,0.027175,-0.029608,0.082338,0.083940,0.193770,0.303601,0.468942,0.445120,0.462421,0.701400,0.641649,0.660751,0.533246,0.588989,0.212858,0.006415,0.007525,0.008634,0.106600,0.204565,0.382938,0.561312,0.590530,0.673892,0.774194,0.762444,0.746173,0.715994,0.685815,0.655635,0.472155,0.207856,0.044808,0.184427,0.066166,0.050811,0.035456,0.008581,-0.011296,0.042941,-0.041392
29,18,-0.019580,-0.019580,-0.019580,-0.006327,0.006926,0.022715,0.026440,0.082338,0.149345,0.226473,0.303601,0.443115,0.467187,0.462421,0.701400,0.641945,0.599959,0.542055,0.588989,0.197680,0.032508,0.020571,0.008634,0.107515,0.206396,0.363645,0.520894,0.590530,0.673892,0.762147,0.765851,0.746173,0.698076,0.649980,0.601884,0.409866,0.391857,0.288142,0.184427,0.066166,0.050811,0.035456,0.012919,0.022469,0.011492,0.040769
29,19,-0.030308,-0.030308,-0.030308,-0.019287,-0.008265,-0.007298,0.029656,0.104012,0.149345,0.246885,0.344425,0.476242,0.485462,0.488120,0.720366,0.643522,0.641432,0.568441,0.652526,0.197680,0.032508,0.021432,0.010355,0.108375,0.206396,0.348577,0.490759,0.570299,0.633123,0.762147,0.765851,0.732428,0.688913,0.645398,0.601884,0.460049,0.391857,0.342356,0.292855,0.077762,0.027464,-0.022833,-0.040255,-0.069121,-0.060138,-0.040747
29,20,-0.049486,-0.049486,-0.049486,-0.058834,-0.068183,-0.007298,-0.010356,0.077512,0.108456,0.218532,0.328608,0.476242,0.624579,0.488120,0.720366,0.629505,0.629162,0.521227,0.652526,0.191479,0.043148,0.040955,0.038763,0.134599,0.230435,0.374910,0.519384,0.580375,0.664617,0.736576,0.758323,0.732428,0.696881,0.661335,0.625788,0.472082,0.415432,0.334708,0.253985,0.167190,0.080396,-0.006398,-0.031664,-0.019502,-0.060138,-0.078385
29,21,-0.077472,-0.077472,-0.077472,-0.062230,-0.046988,-0.029376,-0.035140,0.053246,0.084818,0.206970,0.329122,0.476242,0.492095,0.490114,0.666137,0.629505,0.633470,0.553275,0.642461,0.160471,-0.002977,0.017893,0.038763,0.134599,0.230435,0.357843,0.485250,0.612559,0.664617,0.765897,0.760700,0.755503,0.722549,0.689596,0.690601,0.472082,0.382132,0.318058,0.253985,0.022366,0.025460,0.028553,0.010814,-0.019502,0.019503,0.024343
29,22,-0.092880,-0.092880,-0.092880,-0.069934,-0.046988,-0.032260,-0.038385,0.053246,0.086724,0.199995,0.313267,0.484199,0.610315,0.490114,0.728594,0.646661,0.678771,0.610141,0.642461,0.222990,0.036657,0.012609,-0.011440,0.100118,0.211675,0.368248,0.524822,0.612559,0.693488,0.765897,0.766531,0.755503,0.722549,0.689596,0.690601,0.470482,0.480252,0.407149,0.334046,0.103608,0.055728,0.007848,-0.041841,-0.006680,-0.036700,-0.036700
29,23,-0.089551,-0.089551,-0.089551,-0.067685,-0.045820,-0.031676,-0.033321,0.069952,0.078818,0.205555,0.332293,0.484199,0.610315,0.490114,0.631651,0.663291,0.500354,0.592347,0.426289,0.247640,0.025528,0.015762,0.005997,0.113015,0.220032,0.372427,0.524822,0.573628,0.687734,0.767231,0.636190,0.713957,0.729122,0.744286,0.690601,0.469941,0.480252,0.407149,0.334046,0.103608,0.047243,-0.009122,-0.038740,-0.055627,-0.036700,-0.036700
29,24,-0.076848,-0.076848,-0.076848,-0.062419,-0.047989,0.002483,-0.020163,0.069952,0.074183,0.203238,0.332293,0.446993,0.610315,0.627627,0.677711,0.654494,0.552461,0.592347,0.426289,0.174133,-0.047055,-0.025493,-0.003932,0.108050,0.220032,0.376592,0.533151,0.573628,0.673334,0.767231,0.697041,0.732738,0.711826,0.690913,0.694066,0.412691,0.458760,0.354582,0.250405,0.163503,0.076602,-0.010300,-0.038740,-0.030779,-0.022666,-0.022666
29,25,-0.076848,-0.076848,-0.076848,-0.033935,0.008979,0.002483,-0.020163,0.075412,0.112880,0.227953,0.343025,0.446993,0.601677,0.627627,0.677711,0.654494,0.562519,0.577143,0.426289,0.160572,-0.047055,-0.025493,-0.003932,0.112249,0.228429,0.389259,0.550089,0.538849,0.647877,0.743772,0.689007,0.727541,0.595665,0.463789,0.694066,0.448516,0.433713,0.290243,0.146774,0.099052,0.051331,0.003609,-0.019331,-0.030779,-0.022666,-0.022666
29,26,-0.051482,-0.051482,-0.051482,-0.041035,-0.030587,-0.039139,0.033022,0.090890,0.022193,0.151324,0.280455,0.444157,0.601677,0.630248,0.646736,0.654034,0.562519,0.562886,0.418494,0.185054,-0.067582,-0.038430,-0.009277,0.109576,0.228429,0.394973,0.561517,0.471550,0.647877,0.743772,0.593637,0.727541,0.716383,0.705224,0.694066,0.451583,0.442326,0.294550,0.146774,0.099052,0.051331,0.003609,-0.019046,-0.002847,0.017353,-0.012204
29,27,-0.051482,-0.051482,-0.051482,-0.041035,-0.030587,-0.039139,0.033022,0.090890,0.022193,0.151324,0.280455,0.444157,0.601677,0.630248,0.646736,0.654034,0.562519,0.562886,0.418494,0.185054,-0.067582,-0.038430,-0.009277,0.109576,0.228429,0.394973,0.561517,0.471550,0.647877,0.743772,0.593637,0.727541,0.716383,0.705224,0.694066,0.451583,0.442326,0.294550,0.146774,0.099052,0.051331,0.003609,-0.019046,-0.002847,0.017353,-0.012204
29,28,-0.092659,-0.092659,-0.092659,-0.060309,-0.027960,-0.017467,0.033022,0.047182,0.022193,0.141324,0.260454,0.444157,0.479511,0.597481,0.646736,0.582085,0.510006,0.460208,0.418494,0.185054,0.038746,0.011945,-0.014855,0.110218,0.235291,0.367924,0.500558,0.455758,0.651311,0.750639,0.593637,0.734814,0.715968,0.697123,0.678278,0.429849,0.446373,0.351541,0.256709,0.180796,0.104883,0.028970,0.019163,-0.013218,-0.021202,-0.008537
29,43,-0.045547,-0.045547,-0.045547,-0.018105,0.009338,0.000619,0.157994,0.146392,0.134791,0.179879,0.224967,0.365756,0.344917,0.484865,0.559960,0.564936,0.436888,0.341449,0.392464,0.107800,-0.077881,-0.009651,0.058580,0.126810,0.195040,0.333027,0.471014,0.517279,0.555360,0.675932,0.641003,0.544197,0.473538,0.402879,0.574353,0.305839,0.388969,0.280470,0.171972,0.063474,0.015232,-0.033010,-0.043606,-0.021526,-0.049615,-0.078646
29,46,0.073640,0.071254,0.068867,0.093738,0.118610,0.123715,0.155436,0.163049,0.170662,0.276454,0.382246,0.387053,0.508873,0.556108,0.591450,0.624915,0.554394,0.458726,0.372028,0.153642,0.075966,0.031052,-0.013862,0.103368,0.220597,0.375190,0.529782,0.581558,0.633335,0.646950,0.637151,0.687144,0.649547,0.611950,0.574353,0.345546,0.367917,0.274030,0.180143,0.086256,0.082966,0.079676,0.021577,-0.011592,0.076259,0.006531
29,47,0.120513,0.150021,0.179529,0.167758,0.155986,0.177789,0.239113,0.129232,0.287650,0.334948,0.382246,0.457463,0.503426,0.574832,0.651214,0.611130,0.560211,0.453275,0.372028,0.179415,0.015517,0.000828,-0.013862,0.087360,0.188581,0.357141,0.525701,0.579517,0.633335,0.660427,0.681180,0.739570,0.699597,0.659624,0.619651,0.229595,0.354796,0.228239,0.101683,0.086256,0.089514,0.092772,0.084968,0.077165,0.076259,0.005877
30,1,0.055867,0.055867,0.055867,0.055867,0.055867,0.192100,0.057064,0.277014,0.204749,0.340744,0.438630,0.447743,0.503584,0.506753,0.683747,0.668014,0.637802,0.538674,0.586015,0.161543,0.020175,0.000531,-0.019113,0.005047,0.156619,0.311908,0.467197,0.599874,0.636395,0.644203,0.638381,0.632560,0.509478,0.386395,0.539663,0.384179,0.165992,0.119026,0.072061,0.025096,0.060624,0.096152,0.114083,0.178763,0.243442,0.037692
30,2,0.055867,0.055867,0.055867,0.055867,0.055867,0.192100,0.057064,0.277014,0.204749,0.340744,0.438630,0.447743,0.503584,0.506753,0.683747,0.668014,0.637802,0.538674,0.586015,0.161543,0.020175,0.000531,-0.019113,0.005047,0.156619,0.311908,0.467197,0.599874,0.636395,0.644203,0.638381,0.632560,0.509478,0.386395,0.539663,0.384179,0.165992,0.119026,0.072061,0.025096,0.060624,0.096152,0.114083,0.178763,0.243442,0.037692
30,3,0.057726,0.057726,0.057726,0.057726,0.057726,0.115107,0.089940,0.173076,0.139642,0.191653,0.243663,0.474703,0.453324,0.495267,0.683747,0.668014,0.606607,0.628252,0.586015,0.116253,-0.002904,-0.011176,-0.019448,0.062909,0.145266,0.308616,0.471965,0.577779,0.636395,0.716667,0.674614,0.632560,0.523410,0.414260,0.534621,0.394281,0.252135,0.196067,0.139999,0.068461,0.079884,0.091307,0.114083,0.119152,0.124221,-0.002040
30,4,0.065082,0.065082,0.065082,0.065082,0.065082,0.037279,0.105178,0.173076,0.198863,0.265271,0.331679,0.474703,0.514771,0.495267,0.746963,0.701342,0.638988,0.628252,0.579929,0.136453,-0.002904,-0.011176,-0.019448,-0.001557,0.145266,0.338239,0.531211,0.629864,0.623682,0.716667,0.806229,0.643799,0.607406,0.571014,0.534621,0.370307,0.294957,0.230562,0.166167,0.101729,0.096518,0.091307,0.137526,0.104178,0.070829,-0.002040
30,5,0.065082,0.065082,0.065082,0.065082,0.065082,0.220921,0.227087,0.195180,0.169605,0.301960,0.434315,0.521434,0.514771,0.495267,0.645026,0.701342,0.638988,0.549750,0.579929,0.136453,-0.001093,-0.001824,-0.002555,0.083963,0.170480,0.380342,0.590203,0.629864,0.697919,0.716667,0.806229,0.656180,0.626188,0.596197,0.566205,0.193350,0.294957,0.248628,0.202300,0.162860,0.138677,0.114493,0.007158,0.061642,0.116125,0.108851
30,6,-0.069493,-0.069493,-0.069493,-0.056007,-0.042522,0.001086,-0.042662,0.195180,0.114794,0.243740,0.372686,0.521434,0.571920,0.506525,0.751021,0.709212,0.684295,0.611031,0.621059,0.192476,0.032707,0.015076,-0.002555,-0.003200,0.170480,0.341165,0.511850,0.634797,0.697919,0.731037,0.733898,0.736759,0.679908,0.623056,0.566205,0.435042,0.412423,0.266531,0.266872,0.162860,0.126226,0.089592,0.110832,0.113478,0.116125,0.045122
30,7,-0.069493,-0.069493,-0.069493,-0.056007,-0.042522,0.001086,-0.042662,0.095581,0.060205,0.216446,0.372686,0.521434,0.498844,0.506525,0.751021,0.691147,0.663017,0.606568,0.621059,0.214757,0.048418,0.026626,0.004833,0.098271,0.191709,0.348385,0.505062,0.634797,0.694567,0.731037,0.752622,0.763845,0.713135,0.662424,0.611714,0.435042,0.412423,0.251706,0.305670,0.083734,0.045536,0.007339,-0.067292,-0.047739,-0.028187,-0.028187
30,8,-0.012862,-0.012862,-0.012862,0.002165,0.017191,0.060603,0.054679,0.095581,0.143140,0.237558,0.331976,0.455178,0.530319,0.492028,0.744198,0.691147,0.700336,0.615200,0.666805,0.210913,0.060084,0.051736,0.043387,0.123747,0.204108,0.366957,0.529807,0.634797,0.694567,0.731037,0.717640,0.755619,0.704068,0.652517,0.600966,0.420762,0.449567,0.251706,0.273695,0.124971,0.086349,0.047726,0.009104,-0.089256,-0.028187,-0.106263
30,10,0.002311,0.002311,0.002311,0.031782,0.061252,0.125878,0.078254,0.127691,0.116434,0.236903,0.357373,0.501912,0.612198,0.514251,0.731106,0.678123,0.658113,0.621025,0.540870,0.154449,-0.018639,-0.008861,0.000917,0.122639,0.244361,0.357716,0.471071,0.612531,0.687722,0.735394,0.693738,0.758710,0.706140,0.653570,0.600999,0.439101,0.454242,0.177406,0.295006,0.222959,0.150912,0.078866,0.083022,-0.012558,0.071445,0.112315
30,11,0.002311,0.002311,0.002311,0.031782,0.061252,0.125878,0.078254,0.127691,0.116434,0.236903,0.357373,0.501912,0.612198,0.514251,0.731106,0.678123,0.658113,0.621025,0.540870,0.154449,-0.018639,-0.008861,0.000917,0.122639,0.244361,0.357716,0.471071,0.612531,0.687722,0.735394,0.693738,0.758710,0.706140,0.653570,0.600999,0.439101,0.454242,0.177406,0.295006,0.222959,0.150912,0.078866,0.083022,-0.012558,0.071445,0.112315
30,12,0.136127,0.158168,0.180210,0.129944,0.079678,0.125878,0.134639,0.224500,0.314361,0.388522,0.462683,0.550187,0.574440,0.514251,0.731106,0.678123,0.625428,0.532850,0.542942,0.059768,-0.018639,0.017920,0.054480,0.149421,0.244361,0.397279,0.550198,0.625591,0.670460,0.732434,0.741912,0.751389,0.696000,0.640610,0.585221,0.400660,0.339155,0.252212,0.165269,0.174794,0.184320,0.193845,0.083022,0.175427,0.071445,0.112315
30,13,0.136127,0.054739,-0.026649,-0.013499,-0.000350,0.136297,0.049321,0.188336,0.327351,0.367551,0.407751,0.550187,0.694686,0.514222,0.691795,0.679865,0.629851,0.548742,0.542942,0.177777,-0.018606,-0.022318,-0.026029,0.125785,0.277599,0.396470,0.515342,0.625591,0.664834,0.732434,0.754583,0.776731,0.712894,0.649058,0.585221,0.430796,0.339155,0.295712,0.252269,0.211130,0.169992,0.128853,-0.023479,0.012065,0.217529,0.132700
30,14,0.022071,-0.024721,-0.071513,-0.049231,-0.026949,0.069029,0.003191,0.116227,0.101106,0.224715,0.348324,0.550187,0.694686,0.514222,0.691795,0.666790,0.629851,0.548742,0.582787,0.216612,0.014972,-0.005528,-0.026029,0.084824,0.195678,0.340861,0.486045,0.596016,0.664834,0.732434,0.754583,0.776731,0.716183,0.655635,0.595088,0.456384,0.372869,0.352594,0.332318,0.118266,0.060187,0.002109,-0.041568,-0.026118,-0.009945,0.006228
30,15,-0.030300,-0.030300,-0.030300,-0.028625,-0.026949,0.027175,0.006957,0.116227,0.060051,0.190016,0.319980,0.468942,0.669171,0.514222,0.673384,0.658392,0.640114,0.585575,0.582787,0.137738,0.016771,-0.022852,-0.062476,0.066601,0.195678,0.332929,0.470181,0.596016,0.672729,0.744555,0.760643,0.776731,0.736366,0.696001,0.655635,0.451313,0.397298,0.310033,0.332318,0.087296,0.041487,-0.004321,-0.041568,-0.026118,-0.040666,-0.011550
30,16,-0.030300,-0.030300,-0.030300,-0.004930,0.020440,0.027175,0.006957,0.117529,0.146597,0.258768,0.370939,0.494119,0.669171,0.499582,0.729105,0.649688,0.660751,0.565033,0.597191,0.178032,0.026942,0.007383,-0.012177,0.090684,0.193544,0.327988,0.462431,0.581716,0.666910,0.744555,0.760854,0.777154,0.736647,0.696141,0.655635,0.472155,0.394872,0.301669,0.335920,0.087296,0.070000,0.052704,-0.004217,-0.021155,-0.040666,0.001311
30,17,-0.006745,-0.006745,-0.006745,-0.002806,0.001134,0.037869,0.042005,0.117529,0.121337,0.246138,0.370939,0.494119,0.669171,0.499582,0.729105,0.641945,0.654264,0.583662,0.597191,0.178032,0.004318,-0.003929,-0.012177,0.096034,0.204245,0.381412,0.558579,0.581716,0.666910,0.762147,0.765851,0.769067,0.727879,0.686692,0.645504,0.475639,0.423263,0.379591,0.335920,0.115173,0.083939,0.052704,0.012166,0.022469,0.014214,0.001311
30,18,-0.055479,-0.055479,-0.055479,-0.031872,-0.008265,0.029540,0.022170,0.104012,0.121337,0.250563,0.379789,0.494119,0.674302,0.506725,0.720366,0.647423,0.661696,0.599672,0.667898,0.164555,0.004318,0.005883,0.007448,0.105847,0.204245,0.347502,0.490759,0.570299,0.645659,0.762147,0.796723,0.767171,0.726615,0.686060,0.645504,0.489915,0.423263,0.358059,0.292855,0.205859,0.118863,0.031867,-0.000097,-0.012331,0.014214,0.013601
30,19,-0.069453,-0.069453,-0.069453,-0.060500,-0.051547,0.029540,0.000376,0.104012,0.107650,0.221558,0.335466,0.490224,0.674302,0.506725,0.720366,0.654215,0.659899,0.554704,0.667898,0.258633,0.043200,0.035722,0.028244,0.121978,0.215713,0.371849,0.527985,0.570299,0.669839,0.762147,0.601092,0.759149,0.718948,0.678748,0.638547,0.490705,0.442079,0.347249,0.252419,0.180003,0.107587,0.035171,-0.031664,0.018571,-0.014323,-0.042159
30,20,-0.069453,-0.069453,-0.069453,-0.060500,-0.051547,0.029540,0.000376,0.104012,0.107650,0.221558,0.335466,0.490224,0.674302,0.506725,0.720366,0.654215,0.659899,0.554704,0.667898,0.258633,0.043200,0.035722,0.028244,0.121978,0.215713,0.371849,0.527985,0.570299,0.669839,0.762147,0.601092,0.759149,0.718948,0.678748,0.638547,0.490705,0.442079,0.347249,0.252419,0.180003,0.107587,0.035171,-0.031664,0.018571,-0.014323,-0.042159
30,21,-0.073023,-0.073023,-0.073023,-0.053962,-0.034901,-0.032707,-0.022895,0.065395,0.053452,0.191287,0.329122,0.490224,0.504060,0.491306,0.728594,0.654215,0.655564,0.565900,0.642461,0.202976,-0.034399,-0.003078,0.028244,0.121978,0.215713,0.357977,0.500241,0.623117,0.679581,0.776456,0.767802,0.759149,0.737235,0.715321,0.638547,0.490705,0.406052,0.329236,0.252419,0.066754,0.066491,0.066228,0.020255,0.018571,0.018682,0.016591
30,22,-0.083862,-0.083862,-0.083862,-0.059381,-0.034901,-0.032260,-0.026469,0.065395,0.086724,0.207655,0.328586,0.484199,0.485065,0.491306,0.728594,0.653231,0.657694,0.599275,0.459683,0.257765,0.051983,0.020272,-0.011440,0.108703,0.228846,0.364544,0.500241,0.623117,0.680151,0.776456,0.737761,0.763235,0.739278,0.715321,0.702704,0.498395,0.469484,0.391584,0.313685,0.211818,0.109951,0.008084,-0.036814,-0.010137,0.018682,0.018682
30,23,-0.094587,-0.094587,-0.094587,-0.072997,-0.051408,-0.044979,-0.042792,0.026904,0.096600,0.215330,0.334060,0.491886,0.638466,0.491306,0.717715,0.649692,0.662498,0.558778,0.467120,0.277606,0.023053,0.003296,-0.016462,0.108004,0.232470,0.384458,0.536447,0.606868,0.680151,0.767231,0.636190,0.763235,0.756001,0.748767,0.695832,0.474507,0.469484,0.391584,0.313685,0.207124,0.100564,-0.005997,-0.026961,-0.038559,-0.042933,-0.042933
30,24,-0.072559,-0.072559,-0.072559,-0.069624,-0.066689,-0.044979,-0.030755,0.027950,0.086654,0.210357,0.334060,0.491886,0.487268,0.604316,0.717715,0.642280,0.652326,0.558778,0.467120,0.170682,-0.037584,-0.027023,-0.016462,0.108004,0.232470,0.375021,0.517572,0.606868,0.665904,0.767231,0.773105,0.748393,0.719653,0.690913,0.695832,0.481406,0.444474,0.356404,0.268333,0.174751,0.081168,-0.012415,-0.026961,-0.035768,-0.022666,-0.022666
30,25,-0.072559,-0.072559,-0.072559,-0.031790,0.008979,0.002063,-0.030755,0.075412,0.137449,0.244384,0.351319,0.491886,0.508456,0.630248,0.724589,0.642280,0.644921,0.549838,0.467120,0.149933,-0.037584,-0.018787,0.000011,0.121192,0.242373,0.372590,0.502807,0.538849,0.689338,0.767231,0.757812,0.748393,0.608948,0.469504,0.686068,0.470189,0.444474,0.295624,0.146774,0.096519,0.046265,-0.003990,-0.028246,-0.002847,0.017353,0.017353
30,26,-0.062011,-0.062011,-0.062011,-0.067121,-0.072232,-0.048486,0.010326,0.075412,0.017227,0.160959,0.304692,0.441907,0.619442,0.630248,0.724589,0.648932,0.644921,0.549017,0.455110,0.213277,-0.040878,-0.020202,0.000474,0.121423,0.242373,0.388779,0.535186,0.538849,0.689338,0.766309,0.718127,0.669945,0.675319,0.680694,0.686068,0.477290,0.459440,0.303107,0.146774,0.096519,0.046265,-0.003990,-0.023005,0.047451,0.017353,0.016469
30,28,-0.035740,-0.035740,-0.035740,-0.034135,-0.032531,-0.031922,0.048968,0.052474,0.072322,0.202093,0.331863,0.445548,0.492960,0.635312,0.728868,0.632442,0.612761,0.508270,0.418494,0.265492,-0.036373,-0.019359,-0.002345,0.134436,0.271217,0.399823,0.528429,0.447729,0.702098,0.714391,0.726683,0.657586,0.664483,0.671381,0.678278,0.450982,0.447197,0.282570,0.113008,0.082036,0.051064,0.020092,-0.030346,-0.015414,-0.065748,0.042029
30,29,-0.035740,-0.035740,-0.035740,-0.034135,-0.032531,-0.031922,0.048968,0.052474,0.072322,0.202093,0.331863,0.445548,0.492960,0.635312,0.728868,0.632442,0.612761,0.508270,0.418494,0.265492,-0.036373,-0.019359,-0.002345,0.134436,0.271217,0.399823,0.528429,0.447729,0.702098,0.714391,0.726683,0.657586,0.664483,0.671381,0.678278,0.450982,0.447197,0.282570,0.113008,0.082036,0.051064,0.020092,-0.030346,-0.015414,-0.065748,0.042029
30,30,-0.073492,-0.073492,-0.073492,-0.053012,-0.032531,-0.031922,0.048968,0.056536,0.057074,0.197225,0.337375,0.445548,0.492960,0.635312,0.728868,0.668158,0.662812,0.541852,0.424752,0.304358,-0.017992,-0.022053,-0.026115,0.122551,0.271217,0.432190,0.593163,0.665294,0.737425,0.744368,0.751310,0.744759,0.729590,0.714422,0.699253,0.445518,0.469316,0.282570,0.294498,0.203029,0.111561,0.020092,-0.081342,-0.105552,-0.065748,-0.113277
30,44,0.078657,0.078657,0.102004,0.108638,0.115273,0.073858,0.157994,0.191901,0.225808,0.313007,0.400205,0.484589,0.453124,0.550745,0.695279,0.624915,0.519741,0.421638,0.409106,0.187549,0.068099,0.102862,0.137625,0.172388,0.207151,0.345118,0.483085,0.561836,0.640588,0.690947,0.710423,0.631290,0.517084,0.402879,0.521834,0.449978,0.343349,0.283206,0.223062,0.162918,0.111566,0.060213,0.100999,0.000789,0.113640,0.039760
30,45,0.215932,0.155792,0.240369,0.213538,0.186707,0.183390,0.294594,0.196943,0.340485,0.399368,0.458251,0.484589,0.483865,0.556108,0.695279,0.624915,0.637029,0.454671,0.409106,0.220198,0.058960,0.039837,0.020715,0.113933,0.207151,0.383522,0.559893,0.600241,0.640588,0.690947,0.710423,0.631290,0.594804,0.558319,0.521834,0.339638,0.343349,0.276621,0.209892,0.143164,0.146036,0.148908,0.100999,0.113000,0.076259,0.039760
30,46,0.120513,0.155792,0.240369,0.277700,0.315030,0.300902,0.269656,0.196943,0.349157,0.403704,0.458251,0.494993,0.491170,0.574832,0.650219,0.645340,0.614945,0.491032,0.409106,0.205401,0.037820,0.029267,0.020715,0.103267,0.185820,0.346817,0.507814,0.572681,0.637547,0.741661,0.657890,0.593005,0.601887,0.610769,0.619651,0.337737,0.354796,0.286913,0.219029,0.143164,0.142592,0.142019,0.131371,0.097825,0.068983,0.151114
30,47,0.120513,0.155792,0.240369,0.277700,0.315030,0.300902,0.269656,0.196943,0.349157,0.403704,0.458251,0.494993,0.491170,0.574832,0.650219,0.645340,0.614945,0.491032,0.409106,0.205401,0.037820,0.029267,0.020715,0.103267,0.185820,0.346817,0.507814,0.572681,0.637547,0.741661,0.657890,0.593005,0.601887,0.610769,0.619651,0.337737,0.354796,0.286913,0.219029,0.143164,0.142592,0.142019,0.131371,0.097825,0.068983,0.151114
30,48,0.120513,0.167699,0.214884,0.190129,0.165375,0.147193,0.269656,0.108111,0.180132,0.285133,0.390133,0.494993,0.469703,0.528377,0.613340,0.645340,0.614945,0.455898,0.409106,0.144197,0.007005,-0.000444,-0.007894,0.092551,0.192996,0.310306,0.427617,0.435989,0.571328,0.745293,0.657890,0.696145,0.670647,0.645149,0.619651,0.337737,0.349953,0.262764,0.175576,0.088387,0.073865,0.059343,0.044822,0.056902,0.068983,0.029536
31,0,0.315653,0.315653,0.315653,0.338306,0.360959,0.294256,0.310825,0.334769,0.425418,0.436973,0.454514,0.541937,0.518069,0.506624,0.640058,0.667379,0.584436,0.520033,0.572822,0.163060,0.009248,0.050749,0.092250,0.133751,0.175252,0.374200,0.573149,0.605765,0.651089,0.644203,0.582304,0.586228,0.453727,0.321227,0.430854,0.101040,0.195029,0.156648,0.118268,0.079887,0.155961,0.232035,0.229501,0.221621,0.213741,0.280435
31,1,0.144391,0.144391,0.144391,0.129034,0.113677,0.192100,0.160010,0.334769,0.266124,0.344514,0.422905,0.541937,0.546619,0.506624,0.683747,0.662464,0.644076,0.520033,0.572822,0.200934,0.033540,0.037552,0.041563,0.045575,0.182950,0.346932,0.510914,0.577779,0.631616,0.644203,0.582304,0.578279,0.464256,0.350232,0.501250,0.203818,0.078193,0.078758,0.079322,0.079887,0.094125,0.108364,0.229501,0.221621,0.213741,0.082414
31,2,0.177126,0.177126,0.177126,0.166451,0.155776,0.131619,0.183447,0.173076,0.246198,0.308576,0.370955,0.480394,0.458955,0.495267,0.683747,0.662464,0.540337,0.598135,0.595538,0.122564,0.014029,0.028911,0.043792,0.058673,0.192946,0.361237,0.529527,0.577779,0.631616,0.648981,0.606588,0.564194,0.472385,0.380576,0.465004,0.295568,0.116947,0.123505,0.130063,0.086784,0.112788,0.138791,0.182411,0.156591,0.130772,0.110284
31,3,0.094042,0.094042,0.094042,0.094042,0.094042,0.131619,0.033541,0.173076,0.182858,0.265557,0.348256,0.480394,0.457883,0.495267,0.645026,0.616968,0.540337,0.601106,0.579929,0.147098,0.014029,0.027527,0.041024,0.090398,0.153883,0.298711,0.443540,0.595096,0.623682,0.617477,0.611272,0.605067,0.558379,0.511692,0.465004,0.287423,0.143531,0.159594,0.163327,0.114763,0.126777,0.138791,0.126957,0.111543,0.096129,0.110284
31,4,0.094042,0.094042,0.094042,0.094042,0.094042,0.131619,0.033541,0.173076,0.182858,0.265557,0.348256,0.480394,0.457883,0.495267,0.645026,0.616968,0.540337,0.601106,0.579929,0.147098,0.014029,0.027527,0.041024,0.090398,0.153883,0.298711,0.443540,0.595096,0.623682,0.617477,0.611272,0.605067,0.558379,0.511692,0.465004,0.287423,0.143531,0.159594,0.163327,0.114763,0.126777,0.138791,0.126957,0.111543,0.096129,0.110284
31,5,0.039265,0.039265,0.039265,0.039265,0.039265,0.099795,0.003855,0.156152,0.169605,0.267103,0.364600,0.480394,0.457883,0.506525,0.645026,0.616968,0.532321,0.549750,0.579929,0.147098,0.034053,0.043935,0.053817,0.095494,0.173916,0.349756,0.525595,0.595096,0.652860,0.648981,0.650458,0.651935,0.591220,0.530506,0.469791,0.390827,0.283592,0.254353,0.225113,0.114763,0.121660,0.128557,0.007158,0.050927,0.094695,0.041308
31,6,-0.040068,-0.040068,-0.040068,-0.033221,-0.026373,0.099795,0.003855,0.156152,0.130220,0.247062,0.363904,0.482987,0.485868,0.506525,0.667500,0.607959,0.540550,0.598835,0.621059,0.171730,0.054151,0.053984,0.053817,-0.003200,0.173916,0.340410,0.506903,0.595096,0.652860,0.731037,0.691486,0.651935,0.591220,0.530506,0.469791,0.357532,0.412423,0.190925,0.225113,0.114568,0.134345,0.154122,0.114204,0.074285,0.034366,0.034399
31,8,-0.038174,-0.038174,-0.038174,-0.027725,-0.017277,0.060603,-0.005599,0.199812,0.116202,0.245703,0.375204,0.464886,0.480326,0.496544,0.651187,0.692093,0.637718,0.544251,0.610133,0.189842,0.062771,0.069100,0.075428,0.032413,0.206982,0.330482,0.453982,0.612531,0.602946,0.726464,0.677682,0.643810,0.626718,0.609626,0.592534,0.338937,0.400855,0.212065,0.260827,0.124971,0.094388,0.063804,-0.015216,-0.007223,0.055097,0.055097
31,9,-0.059812,-0.059812,-0.059812,-0.054896,-0.049981,0.020802,-0.011294,0.127691,0.116202,0.245703,0.375204,0.488740,0.552467,0.496544,0.651187,0.692093,0.690037,0.547818,0.610133,0.181660,0.041868,0.058648,0.075428,0.141205,0.206982,0.330482,0.453982,0.612531,0.561835,0.726464,0.642488,0.558512,0.569853,0.581193,0.592534,0.510190,0.420960,0.277527,0.283245,0.080656,0.043057,0.005457,-0.059581,-0.082093,-0.013276,-0.013276
31,10,-0.004854,-0.004854,-0.004854,0.010559,0.025971,0.194118,0.041665,0.127691,0.145455,0.273853,0.402251,0.488740,0.546150,0.513294,0.662784,0.709590,0.658483,0.571921,0.591293,0.169431,0.041868,0.021393,0.000917,0.055258,0.219054,0.318543,0.418031,0.642500,0.670460,0.726464,0.722700,0.718936,0.678337,0.637739,0.597141,0.510190,0.420960,0.202355,0.239816,0.160554,0.097409,0.034264,0.062216,-0.082093,0.071445,0.092912
31,11,0.180210,0.180210,0.180210,0.217296,0.254382,0.194118,0.267886,0.348376,0.339640,0.394354,0.449069,0.488740,0.559086,0.513294,0.662784,0.668795,0.649399,0.558516,0.591293,0.148074,0.035366,0.060911,0.086456,0.152755,0.219054,0.355598,0.492142,0.642500,0.670460,0.663179,0.639108,0.718936,0.640170,0.561405,0.482639,0.362145,0.166900,0.202355,0.239816,0.160554,0.235940,0.311326,0.237705,0.257921,0.083693,0.092912
31,12,0.295366,0.252965,0.210565,0.227836,0.245107,0.397878,0.300566,0.348376,0.441080,0.485212,0.529343,0.546664,0.559086,0.630311,0.672755,0.695138,0.649399,0.594933,0.610850,0.170032,-0.009446,0.015612,0.040669,0.159134,0.277599,0.409648,0.541698,0.642500,0.688329,0.663179,0.684143,0.705108,0.630952,0.556796,0.482639,0.141322,0.372318,0.286017,0.199715,0.285437,0.207145,0.128853,0.136898,0.353389,0.217529,0.313058
31,13,0.295366,0.252965,0.210565,0.227836,0.245107,0.397878,0.300566,0.348376,0.441080,0.485212,0.529343,0.546664,0.559086,0.630311,0.672755,0.695138,0.649399,0.594933,0.610850,0.170032,-0.009446,0.015612,0.040669,0.159134,0.277599,0.409648,0.541698,0.642500,0.688329,0.663179,0.684143,0.705108,0.630952,0.556796,0.482639,0.141322,0.372318,0.286017,0.199715,0.285437,0.207145,0.128853,0.136898,0.353389,0.217529,0.313058
31,14,0.022071,0.045839,0.069608,0.098816,0.128025,0.069029,0.142129,0.334647,0.205750,0.292516,0.379281,0.503912,0.563318,0.607017,0.673384,0.645545,0.680134,0.594933,0.584396,0.208163,0.014972,0.027821,0.040669,0.148000,0.255331,0.392430,0.529529,0.635412,0.688329,0.744555,0.702696,0.660837,0.638921,0.617004,0.595088,0.320454,0.230807,0.221956,0.213106,0.201485,0.144682,0.087880,0.136898,0.353389,0.078961,0.006228
31,15,0.033518,0.083790,0.134061,0.131043,0.128025,0.112715,0.142129,0.334647,0.221841,0.296962,0.372083,0.503912,0.508151,0.634950,0.673384,0.639160,0.625540,0.550363,0.584396,0.152093,0.034313,0.039723,0.045134,0.150232,0.255331,0.385360,0.515388,0.635412,0.650733,0.744555,0.717506,0.690457,0.664014,0.637571,0.611128,0.274555,0.368811,0.227428,0.234736,0.211850,0.200715,0.189581,0.077032,0.151831,0.078961,-0.029259
31,16,0.033518,0.083790,0.134061,0.171035,0.208009,0.112715,0.218828,0.117529,0.181311,0.270650,0.359989,0.509151,0.513800,0.634950,0.729105,0.639277,0.639853,0.545065,0.597191,0.143335,0.025456,0.011172,-0.003113,0.109730,0.222573,0.360363,0.498154,0.581716,0.666910,0.744555,0.717506,0.690457,0.664014,0.637571,0.611128,0.484377,0.396408,0.274247,0.234736,0.211850,0.132796,0.053742,0.105281,-0.021155,0.060649,-0.029259
31,17,-0.056611,-0.002950,0.050710,0.052479,0.054249,0.043878,0.111831,0.117529,0.115802,0.237895,0.359989,0.509151,0.517761,0.619811,0.729105,0.665939,0.642034,0.548590,0.597191,0.143335,-0.009777,-0.006445,-0.003113,0.109730,0.222573,0.366137,0.509701,0.581716,0.666910,0.744772,0.756920,0.769067,0.725097,0.681127,0.637158,0.504214,0.379034,0.332215,0.285395,0.171307,0.112524,0.053742,0.008242,-0.000606,0.009410,-0.044521
31,18,-0.036188,-0.036188,-0.036188,-0.018889,-0.001589,0.024497,0.032568,0.097269,0.115802,0.237614,0.359426,0.509151,0.487762,0.619811,0.717971,0.648355,0.650556,0.599672,0.667898,0.140943,-0.009777,-0.002378,0.005020,0.104788,0.204555,0.340000,0.475445,0.570150,0.665586,0.744772,0.755972,0.767171,0.723833,0.680496,0.637158,0.473692,0.379034,0.323825,0.268615,0.087253,0.052275,0.017296,-0.021624,0.001672,0.009410,-0.002286
31,19,-0.069453,-0.069453,-0.069453,-0.062561,-0.055669,0.024497,0.000376,0.097269,0.096511,0.198558,0.300604,0.468256,0.504060,0.603273,0.717971,0.655162,0.621078,0.598569,0.667898,0.164651,0.006291,0.017267,0.028244,0.121978,0.215713,0.382510,0.549308,0.570150,0.665586,0.744772,0.744847,0.744923,0.695299,0.645676,0.596052,0.494778,0.501796,0.380120,0.258445,0.177260,0.096075,0.014891,-0.000153,0.031431,-0.000375,-0.043193
31,20,-0.092582,-0.092582,-0.092582,-0.066194,-0.039805,-0.032166,-0.036410,0.047526,0.042165,0.190545,0.338926,0.468212,0.526998,0.491306,0.724516,0.655162,0.656171,0.594502,0.668459,0.162051,-0.034399,-0.003078,0.028244,0.121978,0.215713,0.390036,0.564359,0.593554,0.698134,0.776456,0.769170,0.761884,0.764692,0.767501,0.638118,0.494778,0.481601,0.370023,0.258445,0.194373,0.130300,0.066228,0.011327,0.031431,0.014777,0.008628
31,21,-0.086077,-0.086077,-0.086077,-0.062941,-0.039805,-0.019493,-0.014623,0.047526,0.083375,0.210544,0.337712,0.468212,0.526998,0.491306,0.724516,0.646487,0.657694,0.603454,0.668459,0.281140,0.021980,0.009498,-0.002983,0.114817,0.232617,0.398488,0.564359,0.593554,0.691624,0.776456,0.769170,0.761884,0.764692,0.767501,0.638118,0.518236,0.481601,0.385961,0.290321,0.195739,0.101156,0.006574,-0.053011,-0.027515,0.014777,0.014777
31,22,-0.086077,-0.086077,-0.086077,-0.062941,-0.039805,-0.019493,-0.014623,0.047526,0.083375,0.210544,0.337712,0.468212,0.526998,0.491306,0.724516,0.646487,0.657694,0.603454,0.668459,0.281140,0.021980,0.009498,-0.002983,0.114817,0.232617,0.398488,0.564359,0.593554,0.691624,0.776456,0.769170,0.761884,0.764692,0.767501,0.638118,0.518236,0.481601,0.385961,0.290321,0.195739,0.101156,0.006574,-0.053011,-0.027515,0.014777,0.014777
31,28,-0.034371,-0.034371,-0.034371,-0.034371,-0.034371,-0.029253,0.048968,0.030836,0.077816,0.207757,0.337697,0.451134,0.620978,0.635312,0.728868,0.646100,0.638094,0.515014,0.455110,0.082487,-0.016833,-0.022033,-0.027232,0.113292,0.253815,0.390228,0.526641,0.435358,0.700560,0.758829,0.765269,0.658732,0.671785,0.684839,0.697892,0.449578,0.441940,0.258257,0.249796,0.170804,0.091812,0.012820,-0.038209,-0.038798,-0.015142,-0.048322
31,29,-0.085788,-0.085788,-0.085788,-0.064366,-0.042945,-0.029253,0.055690,0.056536,0.096325,0.223789,0.351254,0.451134,0.620978,0.635312,0.728868,0.659986,0.662812,0.546707,0.445639,0.173320,-0.002676,-0.014395,-0.026115,0.113850,0.253815,0.441379,0.628942,0.678491,0.728040,0.758829,0.751310,0.654164,0.669194,0.684224,0.699253,0.463057,0.438184,0.258257,0.291683,0.198728,0.105774,0.012820,-0.079882,-0.076207,-0.068898,-0.096955
31,44,0.408981,0.206374,0.299815,0.323565,0.347314,0.212369,0.317315,0.324578,0.331840,0.421090,0.510340,0.576015,0.553638,0.550745,0.630914,0.632859,0.591805,0.466047,0.414192,0.198964,-0.034349,-0.013314,0.007721,0.124808,0.241895,0.411416,0.580937,0.615562,0.650186,0.659333,0.645789,0.641256,0.601449,0.561641,0.521834,0.268609,0.293968,0.235045,0.176123,0.183295,0.207210,0.231126,0.133218,0.163945,0.113640,0.314941
31,45,0.215932,0.145640,0.229713,0.307103,0.384494,0.408658,0.348702,0.274041,0.345746,0.386479,0.427213,0.576015,0.566696,0.600982,0.646520,0.632859,0.581039,0.454671,0.414192,0.162335,0.058960,0.022147,-0.014666,0.085577,0.185820,0.375492,0.565165,0.607676,0.650186,0.683421,0.645789,0.593005,0.569281,0.545557,0.521834,0.326475,0.312400,0.269365,0.226330,0.183295,0.219887,0.256480,0.224218,0.190585,0.141137,0.314941
31,46,0.110622,0.145640,0.229713,0.226822,0.223932,0.300902,0.205653,0.274041,0.240992,0.334103,0.427213,0.494993,0.491170,0.600982,0.646520,0.645200,0.577284,0.483654,0.409106,0.149975,0.019489,0.002411,-0.014666,0.085577,0.185820,0.321718,0.457616,0.558390,0.659165,0.651270,0.677060,0.593005,0.580065,0.567126,0.554186,0.326475,0.312400,0.265142,0.217884,0.140891,0.127412,0.113933,0.082105,0.008742,0.141137,0.141013
31,47,0.110622,0.106629,0.102636,0.139574,0.176511,0.131930,0.205653,0.138345,0.177105,0.247124,0.317143,0.494993,0.549725,0.600982,0.586598,0.645200,0.577284,0.455204,0.354607,0.111957,-0.008588,-0.051037,-0.093487,0.025555,0.144596,0.258249,0.371902,0.471615,0.571328,0.651270,0.677060,0.638932,0.610683,0.582435,0.554186,0.447906,0.415693,0.323912,0.232132,0.140351,0.100055,0.059759,0.019463,0.008742,0.000588,0.029536
32,0,0.180740,0.180740,0.180740,0.211831,0.242921,0.316704,0.177204,0.334769,0.297642,0.360273,0.422905,0.558242,0.518069,0.506624,0.640058,0.626388,0.524486,0.447571,0.572822,0.121943,-0.012150,0.045312,0.102774,0.160236,0.217698,0.359118,0.500538,0.605765,0.565286,0.611834,0.619966,0.628097,0.459017,0.289936,0.430854,0.132799,0.087615,0.085930,0.084245,0.164160,0.193171,0.222182,0.196975,0.202137,0.271697,0.156409
32,1,0.317812,0.317812,0.317812,0.319611,0.321409,0.316704,0.319569,0.334769,0.379394,0.401150,0.422905,0.558242,0.546009,0.506624,0.700246,0.695500,0.644039,0.465390,0.595538,0.179605,0.011552,0.052196,0.092840,0.133484,0.217698,0.378960,0.540222,0.645532,0.631616,0.611834,0.627062,0.642289,0.480036,0.317782,0.404904,0.203818,0.055530,0.069888,0.084245,0.163928,0.237790,0.311652,0.196975,0.346471,0.271697,0.283640
32,2,0.177126,0.177126,0.177126,0.265993,0.354859,0.325256,0.183447,0.352788,0.450551,0.482706,0.514862,0.600753,0.601346,0.493357,0.700246,0.695500,0.659258,0.598135,0.595538,0.208840,0.046063,0.065395,0.084727,0.104059,0.191227,0.404207,0.617186,0.645532,0.623499,0.653469,0.608505,0.563540,0.465326,0.367111,0.458392,0.250517,0.116947,0.098334,0.079721,0.166049,0.190550,0.215052,0.336101,0.287961,0.314041,0.357811
32,3,0.111185,0.109789,0.108393,0.153933,0.199472,0.222010,0.127583,0.352788,0.338446,0.374939,0.411432,0.600753,0.495338,0.493357,0.686549,0.687001,0.659258,0.598135,0.552665,0.208840,0.046063,0.062056,0.078050,0.090398,0.194928,0.319234,0.443540,0.617950,0.610690,0.648981,0.617175,0.585369,0.614741,0.644114,0.458392,0.344552,0.236112,0.159594,0.163327,0.144675,0.179864,0.215052,0.318235,0.287961,0.183015,0.066311
32,4,0.208611,0.208611,0.208611,0.207933,0.207254,0.187398,0.219082,0.258030,0.278426,0.343650,0.408873,0.482987,0.495338,0.493357,0.686549,0.687001,0.561769,0.506622,0.552665,0.187935,0.060457,0.076765,0.093073,0.095494,0.217061,0.383795,0.550528,0.617950,0.630409,0.630251,0.630092,0.629934,0.575760,0.521586,0.467411,0.248308,0.176592,0.133722,0.193285,0.144675,0.157037,0.169399,0.182774,0.156462,0.183015,0.151506
32,5,0.208611,0.208611,0.208611,0.186038,0.163464,0.136277,0.219082,0.258030,0.217931,0.290064,0.362197,0.482987,0.494754,0.439936,0.681041,0.607959,0.543346,0.468755,0.551590,0.182335,0.065262,0.079168,0.093073,0.108363,0.198585,0.353595,0.508606,0.598193,0.630409,0.645413,0.660417,0.675421,0.603741,0.532061,0.460382,0.342612,0.213950,0.111939,0.166731,0.186987,0.197636,0.208285,0.200358,0.192431,0.184504,0.159782
32,6,0.208611,0.208611,0.208611,0.186038,0.163464,0.136277,0.219082,0.258030,0.217931,0.290064,0.362197,0.482987,0.494754,0.439936,0.681041,0.607959,0.543346,0.468755,0.551590,0.182335,0.065262,0.079168,0.093073,0.108363,0.198585,0.353595,0.508606,0.598193,0.630409,0.645413,0.660417,0.675421,0.603741,0.532061,0.460382,0.342612,0.213950,0.111939,0.166731,0.186987,0.197636,0.208285,0.200358,0.192431,0.184504,0.159782
32,7,0.148279,0.148279,0.148279,0.155872,0.163464,0.203615,0.156304,0.199812,0.341665,0.364084,0.386502,0.489282,0.469021,0.439936,0.681041,0.607959,0.537676,0.516597,0.551590,0.175620,0.026818,0.026212,0.025606,0.083947,0.198585,0.367540,0.536496,0.598193,0.670318,0.722915,0.699168,0.675421,0.603741,0.532061,0.460382,0.342612,0.213950,0.111939,0.218415,0.106304,0.150687,0.195070,0.178313,0.161556,0.144799,0.171995
32,8,0.237734,0.237734,0.237734,0.254484,0.271234,0.203615,0.241079,0.199812,0.223592,0.279888,0.336184,0.489282,0.471891,0.417664,0.637599,0.578090,0.539475,0.506427,0.538112,0.185339,0.078490,0.076959,0.075428,0.097339,0.234904,0.372288,0.509673,0.516085,0.670318,0.587538,0.677682,0.603774,0.544047,0.484319,0.424591,0.352182,0.199039,0.102860,0.178634,0.145835,0.182207,0.218579,0.214772,0.116206,0.144799,0.198102
32,9,0.158318,0.158318,0.158318,0.169547,0.180776,0.097712,0.164993,0.169541,0.223592,0.279888,0.336184,0.455425,0.389351,0.417664,0.637599,0.578090,0.454561,0.430802,0.538112,0.127812,-0.000613,0.016940,0.034492,0.108807,0.196369,0.353021,0.509673,0.516085,0.561835,0.516285,0.470734,0.558512,0.513871,0.469231,0.424591,0.290085,0.129771,0.189372,0.248973,0.090127,0.110193,0.130258,0.185078,0.116206,0.012877,0.119663
32,10,0.085174,0.119411,0.153648,0.159556,0.165463,0.107457,0.041665,0.169541,0.139427,0.158198,0.176969,0.455425,0.338951,0.391274,0.662784,0.543256,0.395545,0.486974,0.452570,0.041581,-0.000613,0.016940,0.034492,0.055258,0.182403,0.314695,0.446987,0.516085,0.537807,0.527593,0.517378,0.507163,0.459153,0.411143,0.363134,0.290085,0.129771,0.151919,0.174066,0.184666,0.131930,0.079193,0.062216,0.003488,0.133155,0.119663
32,11,0.085174,0.165431,0.245689,0.279800,0.313911,0.107457,0.284909,0.248020,0.212523,0.269128,0.325733,0.546664,0.474106,0.391274,0.662784,0.543256,0.515348,0.511724,0.452570,0.147346,-0.007735,0.042041,0.091817,0.137110,0.182403,0.366441,0.550478,0.537731,0.537807,0.663179,0.585171,0.507163,0.498989,0.490814,0.482639,0.324770,0.166900,0.172095,0.177291,0.184666,0.230611,0.276556,0.303622,0.218767,0.133155,0.111423
32,12,0.281784,0.291475,0.301166,0.314284,0.327402,0.306162,0.334388,0.248020,0.441080,0.444427,0.447774,0.546664,0.474106,0.391274,0.672755,0.649714,0.515348,0.542248,0.551347,0.167473,0.039235,0.065526,0.091817,0.112813,0.251435,0.400956,0.550478,0.537731,0.651919,0.663179,0.621471,0.579764,0.547389,0.515014,0.482639,0.340763,0.198887,0.192437,0.185987,0.309425,0.316141,0.322857,0.234004,0.348312,0.319655,0.313058
32,13,0.181493,0.169515,0.157537,0.171443,0.185350,0.257077,0.186661,0.334647,0.326607,0.369120,0.411633,0.515962,0.482229,0.607017,0.622431,0.649714,0.559493,0.542248,0.584396,0.142287,0.008379,0.032589,0.056798,0.155407,0.254015,0.388589,0.523163,0.635412,0.651919,0.690786,0.675812,0.660837,0.629985,0.599133,0.568282,0.309911,0.272226,0.234542,0.196857,0.212578,0.188574,0.164569,0.234004,0.151831,0.169693,0.150577
32,14,0.175919,0.166728,0.157537,0.171443,0.185350,0.315467,0.186661,0.334647,0.346113,0.390771,0.435430,0.515962,0.482229,0.607017,0.622431,0.610447,0.623770,0.481860,0.584396,0.158572,0.036737,0.069592,0.102448,0.094779,0.254015,0.377351,0.500686,0.635412,0.615610,0.690786,0.635623,0.660837,0.629985,0.599133,0.568282,0.341705,0.140401,0.110739,0.213961,0.211850,0.248242,0.284634,0.147522,0.124124,0.169693,0.212979
32,15,0.217310,0.227943,0.238576,0.258817,0.279057,0.315467,0.280040,0.296041,0.372359,0.402109,0.431859,0.532753,0.532287,0.607017,0.726234,0.639277,0.623770,0.520569,0.594445,0.150356,0.037005,0.069727,0.102448,0.170836,0.239225,0.387208,0.535192,0.607191,0.669233,0.690786,0.534056,0.707972,0.661409,0.614845,0.568282,0.272613,0.276084,0.171678,0.264927,0.171307,0.227971,0.284634,0.268566,0.287986,0.207762,0.100061
32,16,0.217310,0.227943,0.238576,0.258817,0.279057,0.315467,0.280040,0.296041,0.372359,0.402109,0.431859,0.532753,0.532287,0.607017,0.726234,0.639277,0.623770,0.520569,0.594445,0.150356,0.037005,0.069727,0.102448,0.170836,0.239225,0.387208,0.535192,0.607191,0.669233,0.690786,0.534056,0.707972,0.661409,0.614845,0.568282,0.272613,0.276084,0.171678,0.264927,0.171307,0.227971,0.284634,0.268566,0.287986,0.207762,0.100061
32,17,0.029458,0.083003,0.136549,0.115913,0.095278,0.158981,0.160570,0.296041,0.154303,0.293081,0.431859,0.532753,0.548563,0.647425,0.726234,0.668530,0.655141,0.577965,0.594445,0.150356,0.022892,0.014412,0.005933,0.105244,0.204555,0.331117,0.457679,0.607191,0.669233,0.748416,0.534056,0.707972,0.700052,0.692132,0.684212,0.495207,0.276084,0.280740,0.285395,0.171307,0.167778,0.164248,0.031470,0.015307,-0.012245,0.081209
32,18,0.029458,-0.003227,-0.035912,-0.024497,-0.013082,0.003856,0.013970,0.109301,0.154303,0.258081,0.361860,0.468256,0.539481,0.647425,0.699483,0.632034,0.642408,0.538872,0.573576,0.136061,0.022892,0.013956,0.005020,0.104788,0.204555,0.335640,0.466725,0.614853,0.673405,0.744772,0.747635,0.750497,0.728402,0.706307,0.684212,0.482165,0.443753,0.390011,0.336269,0.072567,0.030642,-0.011283,-0.021624,-0.075216,-0.012245,-0.084266
32,20,-0.044334,-0.044334,-0.044334,-0.044334,-0.044334,-0.032166,-0.026697,0.047526,0.042165,0.175505,0.308845,0.450604,0.475012,0.603273,0.689912,0.639212,0.640177,0.540759,0.585117,0.162051,-0.056147,-0.013252,0.029643,0.120939,0.212235,0.366215,0.520195,0.593554,0.660757,0.751885,0.743997,0.736108,0.751804,0.767501,0.611264,0.457379,0.468021,0.367072,0.266123,0.192988,0.119852,0.046717,0.008451,-0.043916,0.014777,-0.049611
32,42,0.408981,0.383835,0.358690,0.390682,0.422675,0.373415,0.404895,0.390582,0.376269,0.437313,0.498357,0.479278,0.528193,0.389493,0.688717,0.579328,0.585397,0.460711,0.395640,0.083543,0.011485,0.006371,0.001256,0.122234,0.243211,0.446280,0.649348,0.465154,0.561426,0.619313,0.617273,0.566024,0.430717,0.295411,0.160104,0.024797,0.019354,0.032124,0.044894,0.165630,0.166261,0.166892,0.307337,0.149014,0.129432,0.312969
32,43,0.408981,0.383835,0.358690,0.390682,0.422675,0.373415,0.404895,0.390582,0.376269,0.437313,0.498357,0.479278,0.528193,0.389493,0.688717,0.579328,0.585397,0.460711,0.395640,0.083543,0.011485,0.006371,0.001256,0.122234,0.243211,0.446280,0.649348,0.465154,0.561426,0.619313,0.617273,0.566024,0.430717,0.295411,0.160104,0.024797,0.019354,0.032124,0.044894,0.165630,0.166261,0.166892,0.307337,0.149014,0.129432,0.312969
32,44,0.408981,0.403187,0.397393,0.400516,0.403639,0.394724,0.404895,0.450296,0.495697,0.504268,0.512838,0.533135,0.540729,0.585648,0.688717,0.611268,0.629313,0.449772,0.414192,0.198669,0.043642,0.016567,-0.010508,0.115693,0.241895,0.445622,0.649348,0.661378,0.673408,0.619313,0.648720,0.641256,0.567860,0.494463,0.421066,0.018116,0.017481,0.031188,0.044894,0.202047,0.248779,0.295511,0.307337,0.346200,0.336474,0.304905
32,45,0.295649,0.296639,0.297629,0.350634,0.403639,0.343669,0.356667,0.325936,0.416983,0.464911,0.512838,0.576015,0.650667,0.596435,0.626746,0.588263,0.606628,0.441072,0.414192,0.153961,-0.038626,-0.024567,-0.010508,0.083959,0.178427,0.385291,0.592155,0.632781,0.673408,0.695624,0.648720,0.658764,0.579532,0.500299,0.421066,0.236671,0.223779,0.189496,0.155213,0.202047,0.226710,0.251373,0.296892,0.292592,0.222972,0.304905
32,46,0.088538,0.193083,0.297629,0.284951,0.272273,0.278248,0.205653,0.325936,0.325963,0.364442,0.402922,0.504156,0.505173,0.596435,0.626746,0.600095,0.559980,0.458990,0.414192,0.127797,-0.029417,-0.016805,-0.004193,0.087117,0.178427,0.325478,0.472529,0.550409,0.628290,0.695624,0.667451,0.658764,0.553241,0.447718,0.342194,0.236671,0.371299,0.263256,0.155213,0.156231,0.139956,0.123682,0.133937,0.028746,0.222972,0.131288
32,47,0.088538,0.124582,0.160626,0.130816,0.101005,0.108634,0.205653,0.138345,0.105226,0.180737,0.256249,0.504156,0.488780,0.596435,0.566070,0.589895,0.559980,0.416398,0.375461,0.111957,-0.044595,-0.069041,-0.093487,0.030214,0.153915,0.264693,0.375471,0.488186,0.600900,0.692048,0.667451,0.684636,0.624308,0.563979,0.503650,0.443321,0.371299,0.334683,0.298067,0.110580,0.066974,0.023369,-0.020237,0.028746,-0.014468,-0.016191
32,50,0.375922,0.375922,0.375922,0.357276,0.338629,0.353972,0.382884,0.392737,0.402589,0.406811,0.411033,0.463895,0.501178,0.337978,0.733578,0.610891,0.554230,0.473329,0.542705,0.129444,0.039548,0.006715,-0.026118,0.082282,0.190682,0.396382,0.602082,0.602127,0.602172,0.657325,0.639871,0.380316,0.432250,0.484183,0.536117,0.130145,0.196818,0.156075,0.115331,0.087451,0.109905,0.132358,0.132372,0.141433,0.135553,0.166102
32,51,0.150406,0.195739,0.241073,0.286406,0.331739,0.226365,0.157344,0.279966,0.402589,0.401747,0.400904,0.540961,0.443100,0.353303,0.733578,0.610891,0.596775,0.460352,0.584983,0.139241,0.001242,-0.032820,-0.066882,0.061900,0.190682,0.330863,0.471045,0.541011,0.610977,0.684722,0.675054,0.661862,0.655823,0.649784,0.643745,0.316800,0.196818,0.156075,0.115331,0.087451,0.109905,0.132358,0.029012,0.034976,0.074739,0.112677
32,52,0.150406,0.195739,0.241073,0.286406,0.331739,0.226365,0.157344,0.279966,0.402589,0.401747,0.400904,0.540961,0.443100,0.353303,0.733578,0.610891,0.596775,0.460352,0.584983,0.139241,0.001242,-0.032820,-0.066882,0.061900,0.190682,0.330863,0.471045,0.541011,0.610977,0.684722,0.675054,0.661862,0.655823,0.649784,0.643745,0.316800,0.196818,0.156075,0.115331,0.087451,0.109905,0.132358,0.029012,0.034976,0.074739,0.112677
33,0,0.078574,0.078574,0.078574,0.061207,0.043840,0.257422,0.097123,0.202443,0.201369,0.475524,0.491950,0.551853,0.573776,0.632750,0.691723,0.717924,0.611475,0.643577,0.610305,0.203487,0.031905,0.054380,0.076854,0.099329,0.183152,0.326607,0.470062,0.614927,0.670563,0.666545,0.668322,0.670100,0.652919,0.635739,0.538133,0.420333,0.255375,0.221960,0.268034,0.276005,0.225652,0.175299,0.124946,0.023255,0.112343,0.071140
33,1,0.371443,0.371443,0.371443,0.346958,0.322473,0.257422,0.285120,0.312818,0.399781,0.475524,0.491950,0.581317,0.629016,0.626222,0.775966,0.717924,0.571832,0.643577,0.618962,0.169096,0.010870,0.056609,0.102349,0.148088,0.183152,0.360983,0.538814,0.649141,0.670563,0.666545,0.666786,0.667026,0.651383,0.635739,0.538133,0.384826,0.033378,0.082783,0.125669,0.276005,0.290797,0.305589,0.320381,0.334216,0.112343,0.138653
33,2,0.400062,0.400062,0.400062,0.397002,0.393943,0.381662,0.327605,0.382320,0.457682,0.504315,0.550949,0.613384,0.622484,0.626222,0.775966,0.654096,0.634253,0.643577,0.618962,0.212143,0.065971,0.093343,0.120716,0.148088,0.218261,0.391587,0.564913,0.603708,0.647970,0.666545,0.666786,0.667026,0.587985,0.508944,0.429903,0.094073,0.033378,0.082783,0.100119,0.297736,0.324301,0.350867,0.320381,0.406053,0.343503,0.328191
33,3,0.394129,0.394129,0.394129,0.394129,0.394129,0.357419,0.345325,0.409468,0.475021,0.512985,0.550949,0.613384,0.637912,0.682161,0.773834,0.654096,0.634253,0.643577,0.680235,0.200616,0.078200,0.085605,0.093011,0.100416,0.247598,0.404327,0.561056,0.653628,0.647970,0.669652,0.627988,0.586323,0.517490,0.448657,0.379824,0.128007,0.008986,0.033452,0.100119,0.296499,0.323683,0.350867,0.369156,0.405642,0.377141,0.368082
33,4,0.291115,0.294105,0.297095,0.315167,0.333239,0.357419,0.372148,0.409468,0.440077,0.492014,0.543952,0.617395,0.647276,0.682161,0.795516,0.724184,0.645096,0.666898,0.680235,0.200616,0.078200,0.085605,0.093011,0.100416,0.247598,0.423861,0.600125,0.653628,0.681889,0.763377,0.694455,0.625534,0.622437,0.619340,0.379824,0.062035,-0.033309,0.008641,0.137698,0.272410,0.326868,0.381326,0.378246,0.439944,0.403168,0.441782
33,5,0.291115,0.336766,0.382417,0.388175,0.393933,0.344689,0.417361,0.422195,0.444146,0.490249,0.536351,0.645970,0.647276,0.678471,0.795516,0.724184,0.658792,0.666898,0.687095,0.188747,0.037068,-0.055446,-0.147961,0.049089,0.208776,0.407616,0.606456,0.681732,0.695076,0.682409,0.669742,0.657075,0.574860,0.492646,0.410432,0.156785,0.047836,0.054738,0.137698,0.272410,0.303814,0.335218,0.420716,0.426212,0.403168,0.436801
33,6,0.369076,0.377467,0.385857,0.393718,0.401578,0.391226,0.417361,0.437871,0.468691,0.493265,0.517840,0.645970,0.606667,0.678471,0.796299,0.738453,0.657338,0.666898,0.691062,0.201506,0.058107,0.055101,0.052095,0.049089,0.201797,0.413667,0.625537,0.686683,0.695076,0.682589,0.670102,0.657615,0.598987,0.540359,0.481731,0.167502,-0.010853,0.073133,0.157118,0.295801,0.333283,0.370765,0.429237,0.439307,0.397391,0.436801
33,7,0.388565,0.387211,0.385857,0.393718,0.401578,0.391226,0.419198,0.438344,0.465859,0.500181,0.534504,0.572370,0.606667,0.670395,0.796299,0.738453,0.685295,0.557024,0.691062,0.198739,0.050699,0.033925,0.017151,0.081678,0.201469,0.407911,0.614353,0.709208,0.705423,0.689487,0.673551,0.657615,0.598987,0.540359,0.481731,0.195090,0.023808,0.087642,0.151477,0.273585,0.310744,0.347903,0.386347,0.399496,0.402117,0.404738
33,8,0.388565,0.383462,0.378359,0.384780,0.391202,0.379753,0.403259,0.438344,0.465859,0.448406,0.430953,0.572370,0.565937,0.504924,0.680425,0.690951,0.631168,0.516973,0.651734,0.174262,0.048426,0.064003,0.079580,0.081678,0.234795,0.424574,0.614353,0.668456,0.655644,0.655476,0.655307,0.655139,0.605006,0.554873,0.504739,0.171312,0.051658,0.101567,0.151477,0.265253,0.295394,0.325536,0.279040,0.275223,0.288440,0.301657
33,9,0.388565,0.383462,0.378359,0.384780,0.391202,0.379753,0.403259,0.438344,0.465859,0.448406,0.430953,0.572370,0.565937,0.504924,0.680425,0.690951,0.631168,0.516973,0.651734,0.174262,0.048426,0.064003,0.079580,0.081678,0.234795,0.424574,0.614353,0.668456,0.655644,0.655476,0.655307,0.655139,0.605006,0.554873,0.504739,0.171312,0.051658,0.101567,0.151477,0.265253,0.295394,0.325536,0.279040,0.275223,0.288440,0.301657
33,10,0.114945,0.139891,0.164837,0.164632,0.164427,0.166328,0.171628,0.231301,0.330563,0.380758,0.430953,0.494291,0.477373,0.504924,0.680425,0.624409,0.599722,0.591780,0.651734,0.191439,0.069626,0.074603,0.079580,0.093400,0.234798,0.374756,0.514714,0.649867,0.655644,0.654417,0.653191,0.651964,0.628240,0.604515,0.580790,0.413088,0.341283,0.178371,0.247102,0.189091,0.199806,0.210521,0.104972,0.275223,0.197617,0.102887
33,11,-0.039287,-0.016612,0.006063,0.013845,0.021626,0.126128,0.050314,0.192596,0.148472,0.251047,0.353623,0.494291,0.480952,0.479860,0.667344,0.633033,0.637237,0.568488,0.640294,0.205645,0.069626,0.065448,0.061270,0.071369,0.249455,0.373326,0.497197,0.623065,0.673450,0.684249,0.695047,0.705845,0.664160,0.622475,0.580790,0.413088,0.341283,0.294192,0.247102,0.189091,0.114413,0.039736,-0.007871,-0.011847,-0.003504,0.050356
33,12,-0.039287,0.051969,0.143225,0.153553,0.163882,0.293705,0.175086,0.192596,0.243566,0.276902,0.310239,0.467988,0.491256,0.479860,0.667344,0.633633,0.561590,0.521294,0.640294,0.177045,0.050654,0.038134,0.025615,0.016239,0.220285,0.358741,0.497197,0.623065,0.673450,0.684249,0.695047,0.705845,0.636216,0.566586,0.496957,0.447483,0.406390,0.384969,0.363547,0.169339,0.202724,0.236108,0.240823,-0.090811,-0.003504,0.050356
33,13,0.091621,0.188822,0.286024,0.289991,0.293959,0.293705,0.294002,0.192596,0.381387,0.408916,0.436445,0.467988,0.533316,0.479860,0.679264,0.634417,0.560914,0.524298,0.615001,0.177876,0.050654,0.038134,0.025615,0.006159,0.218037,0.376719,0.535400,0.633060,0.653184,0.681170,0.661227,0.641285,0.593175,0.545066,0.496957,0.355691,0.369753,0.279564,0.189375,0.251958,0.291780,0.331602,0.240823,0.370188,0.120144,0.271911
33,14,0.150654,0.201116,0.251578,0.272769,0.293959,0.326294,0.281167,0.265287,0.398341,0.426588,0.454835,0.550667,0.533316,0.643576,0.679264,0.653954,0.632337,0.524298,0.615001,0.179461,0.082707,0.048956,0.015206,0.103788,0.190541,0.379284,0.568027,0.633060,0.675247,0.672431,0.691896,0.711361,0.683286,0.655210,0.627135,0.350733,0.363601,0.288840,0.214079,0.265697,0.278853,0.292009,0.337872,0.202048,0.180072,0.196910
33,15,0.150654,0.201116,0.251578,0.243216,0.234854,0.232228,0.281167,0.265287,0.302057,0.373051,0.444045,0.550667,0.560499,0.643576,0.712350,0.653954,0.632337,0.523883,0.607009,0.115520,0.036611,0.049404,0.062197,0.098843,0.190541,0.362101,0.533660,0.633060,0.675247,0.679151,0.690972,0.702792,0.687651,0.672510,0.583277,0.382264,0.255377,0.128491,0.214079,0.176067,0.174880,0.173692,0.172997,0.202048,0.150077,0.109961
33,16,0.162337,0.173149,0.183962,0.221830,0.259698,0.232228,0.235976,0.274183,0.376159,0.410102,0.444045,0.521786,0.555986,0.573209,0.712350,0.643514,0.626313,0.539469,0.606993,0.148862,0.018777,0.082960,0.147143,0.101283,0.248637,0.414374,0.580112,0.631723,0.654611,0.664587,0.669352,0.674116,0.673313,0.672510,0.583277,0.311064,0.130280,0.104402,0.208208,0.231566,0.202629,0.173692,0.223627,0.166785,0.173785,0.109961
33,17,0.238437,0.238437,0.238437,0.251893,0.265350,0.256582,0.288360,0.190137,0.376159,0.412266,0.448373,0.521786,0.493020,0.573209,0.739734,0.588841,0.601259,0.576174,0.606993,0.148862,0.034964,0.091054,0.147143,0.158895,0.295511,0.411896,0.528281,0.561788,0.654611,0.664587,0.669352,0.674116,0.626513,0.578910,0.579537,0.302057,0.130280,0.104402,0.174934,0.231566,0.247355,0.263145,0.163000,0.234042,0.113888,0.214836
33,18,0.238437,0.238437,0.238437,0.251893,0.265350,0.256582,0.288360,0.190137,0.376159,0.412266,0.448373,0.521786,0.493020,0.573209,0.739734,0.588841,0.601259,0.576174,0.606993,0.148862,0.034964,0.091054,0.147143,0.158895,0.295511,0.411896,0.528281,0.561788,0.654611,0.664587,0.669352,0.674116,0.626513,0.578910,0.579537,0.302057,0.130280,0.104402,0.174934,0.231566,0.247355,0.263145,0.163000,0.234042,0.113888,0.214836
33,19,0.085447,0.085447,0.085447,0.110151,0.134855,0.103995,0.122809,0.190137,0.236974,0.276127,0.315280,0.446778,0.498017,0.573209,0.599378,0.530912,0.445396,0.512289,0.553431,0.142105,0.010478,0.087264,0.164050,0.133701,0.295511,0.410670,0.525829,0.561788,0.620280,0.686466,0.686067,0.685667,0.611403,0.537138,0.566685,0.260456,0.178042,0.333837,0.146086,0.147981,0.116705,0.085428,0.010792,0.047006,0.113888,0.040634
33,20,0.001261,0.001261,0.001261,0.018247,0.035234,0.024432,0.045321,0.190137,0.057006,0.176980,0.296955,0.446778,0.351952,0.575134,0.599378,0.530912,0.482811,0.379416,0.518195,0.114681,0.083570,0.073500,0.063429,0.133701,0.247333,0.310321,0.373310,0.561788,0.567285,0.715714,0.667767,0.619820,0.608535,0.597250,0.566685,0.260456,0.296023,0.301500,0.222631,0.105656,0.056898,0.008140,-0.041510,0.047006,-0.002602,-0.075867
33,21,-0.030576,-0.030576,-0.030576,-0.005191,0.020193,0.024432,0.024393,0.118543,0.057006,0.164215,0.271425,0.481904,0.473291,0.575134,0.645811,0.587077,0.520081,0.445061,0.560799,0.111923,-0.082129,-0.009350,0.063429,0.120404,0.177379,0.275345,0.373310,0.503943,0.567285,0.715714,0.506170,0.658510,0.641315,0.624121,0.553630,0.367342,0.404028,0.301500,0.222631,0.132243,0.062038,-0.008168,0.008330,0.007006,0.005682,-0.060997
33,22,-0.008481,-0.008481,-0.008481,0.005856,0.020193,0.049421,0.047066,0.118543,0.144016,0.257487,0.370959,0.481904,0.473291,0.618194,0.645811,0.649965,0.653674,0.578209,0.560799,0.241895,0.024559,0.027810,0.031061,0.118985,0.206909,0.356261,0.505614,0.503943,0.626012,0.715714,0.668905,0.658510,0.660499,0.662488,0.553630,0.457815,0.422859,0.301500,0.263021,0.132243,0.094828,0.057413,0.008330,-0.017265,0.005682,-0.026525
33,23,-0.050335,-0.050335,-0.050335,-0.041074,-0.031813,-0.011259,-0.023785,0.080941,0.106180,0.199236,0.292292,0.441593,0.492058,0.618194,0.666004,0.637896,0.616515,0.541355,0.434571,0.150553,0.027200,0.029131,0.031061,0.138837,0.246614,0.374207,0.501801,0.557250,0.626012,0.739296,0.754751,0.738938,0.700713,0.662488,0.605213,0.457815,0.422859,0.187625,0.255660,0.179918,0.104176,0.028433,0.001055,-0.004213,-0.001146,-0.002165
33,24,-0.050335,-0.050335,-0.050335,-0.070576,-0.090817,-0.021720,-0.023785,0.057348,0.035709,0.164001,0.292292,0.441593,0.439529,0.618194,0.666004,0.654667,0.601001,0.597986,0.459927,0.252328,0.049615,0.054531,0.059448,0.153031,0.246614,0.388066,0.529518,0.557250,0.666726,0.739296,0.812746,0.780405,0.627257,0.474108,0.663101,0.457255,0.464216,0.346072,0.238837,0.175226,0.111615,0.048004,0.002872,0.011813,0.017341,0.018734
33,39,0.120865,0.139812,0.158759,0.110535,0.062312,0.097393,0.368770,0.275470,0.134566,0.228002,0.321438,0.432848,0.344926,0.559724,0.631167,0.600232,0.460293,0.445541,0.419135,0.192087,0.007839,0.050017,0.092195,0.152275,0.212355,0.317365,0.422374,0.489497,0.556620,0.644756,0.606536,0.493130,0.508373,0.523616,0.538860,0.207185,0.048992,0.109679,0.170366,0.113417,0.056469,-0.000479,0.205957,0.190726,0.175496,0.213945
33,40,0.375420,0.384397,0.393374,0.304211,0.378539,0.342224,0.368770,0.275470,0.439880,0.380659,0.321438,0.560487,0.594132,0.610259,0.731980,0.633081,0.626782,0.445541,0.419135,0.155333,0.001672,0.031753,0.061834,0.160967,0.260099,0.425391,0.590683,0.614231,0.637779,0.644756,0.606536,0.473653,0.495389,0.517124,0.538860,0.110947,0.048992,0.070649,0.014191,0.188664,0.225051,0.261438,0.208044,0.270663,0.175496,0.213945
33,41,0.403999,0.371206,0.400911,0.304211,0.408116,0.328997,0.460998,0.415844,0.437688,0.502888,0.568087,0.560487,0.592247,0.610259,0.731980,0.654993,0.635377,0.477551,0.432064,0.132171,0.001672,0.003797,0.005923,0.133011,0.260099,0.448368,0.636638,0.635081,0.670523,0.631982,0.664414,0.479439,0.468470,0.457500,0.446531,0.151104,0.012861,0.055842,0.014191,0.159759,0.198169,0.236580,0.290746,0.297049,0.304658,0.303016
33,42,0.416125,0.413453,0.410780,0.233648,0.391269,0.376759,0.460998,0.415844,0.474803,0.562953,0.651103,0.614038,0.728348,0.627888,0.723328,0.666145,0.624272,0.456978,0.432064,0.196259,-0.002848,0.001537,0.005923,0.122723,0.239523,0.420640,0.601756,0.635081,0.664384,0.623887,0.664414,0.479439,0.468470,0.457500,0.446531,0.226404,0.006277,0.055842,0.115695,0.175548,0.206064,0.236580,0.292836,0.313785,0.348829,0.252316
33,43,0.416125,0.397807,0.379489,0.377238,0.374987,0.369783,0.409553,0.432215,0.454878,0.499819,0.544761,0.614038,0.728348,0.627888,0.690663,0.660764,0.592965,0.475941,0.432064,0.196259,0.061614,-0.052216,0.071909,0.155716,0.239523,0.420640,0.601756,0.633070,0.664384,0.636576,0.640868,0.552643,0.431285,0.309927,0.188569,0.067211,0.006277,0.033639,0.103357,0.173075,0.217860,0.262644,0.276833,0.313785,0.348829,0.311454
33,44,0.379491,0.373517,0.367542,0.380286,0.393029,0.367184,0.426629,0.444530,0.462431,0.486119,0.509808,0.605121,0.711130,0.627888,0.690663,0.661178,0.574419,0.444804,0.402316,0.196979,0.016246,-0.073160,0.013871,0.117540,0.221209,0.418314,0.615420,0.636568,0.657715,0.636576,0.627471,0.490723,0.462596,0.434470,0.406343,0.007678,-0.018299,0.049550,0.031080,0.167694,0.213649,0.259605,0.276833,0.313433,0.349309,0.311454
33,45,0.332639,0.350090,0.367542,0.380286,0.393029,0.393932,0.426629,0.399750,0.447894,0.467469,0.487043,0.605121,0.711130,0.631146,0.651453,0.639511,0.545059,0.433961,0.402316,0.109935,-0.042817,-0.056158,-0.050823,0.062580,0.175983,0.378734,0.581486,0.604229,0.626971,0.636576,0.572949,0.452713,0.437256,0.421800,0.406343,-0.001693,-0.018299,0.079385,0.058740,0.167694,0.190467,0.213240,0.249072,0.239335,0.349309,0.269773
33,46,0.332639,0.350090,0.367542,0.380286,0.393029,0.393932,0.426629,0.399750,0.447894,0.467469,0.487043,0.605121,0.711130,0.631146,0.651453,0.639511,0.545059,0.433961,0.402316,0.109935,-0.042817,-0.056158,-0.050823,0.062580,0.175983,0.378734,0.581486,0.604229,0.626971,0.636576,0.572949,0.452713,0.437256,0.421800,0.406343,-0.001693,-0.018299,0.079385,0.058740,0.167694,0.190467,0.213240,0.249072,0.239335,0.349309,0.269773
33,47,0.332639,0.340233,0.347828,0.363015,0.378202,0.393932,0.347360,0.399750,0.411808,0.415184,0.418559,0.545822,0.711130,0.631146,0.651453,0.645784,0.545059,0.403543,0.402316,0.130886,-0.003506,-0.085219,-0.050823,0.062580,0.175983,0.370625,0.565268,0.596120,0.626971,0.662349,0.657220,0.452713,0.339111,0.225510,0.111908,-0.001693,0.098771,0.079385,0.058740,0.154119,0.170174,0.186229,0.216440,0.069941,0.263980,0.252734
33,48,0.188274,0.235479,0.282684,0.252590,0.222496,0.229998,0.347360,0.247746,0.411808,0.408461,0.405113,0.545822,0.557647,0.631146,0.652701,0.645784,0.597654,0.449553,0.395081,0.127520,-0.003506,-0.053758,-0.104009,0.023871,0.151751,0.273197,0.394643,0.519814,0.644985,0.699105,0.657220,0.641601,0.612755,0.583908,0.555061,0.187230,0.397629,0.322923,0.248217,0.100787,0.110269,0.119752,0.129235,0.133880,0.138524,0.031048
33,52,-0.038085,-0.012580,0.012924,0.031202,0.049479,0.018096,0.032939,0.077084,0.103999,0.174970,0.245941,0.453987,0.457055,0.283335,0.553833,0.630980,0.613052,0.568157,0.434085,0.193982,0.039265,0.003503,-0.032259,0.079136,0.190532,0.290686,0.390841,0.482105,0.573370,0.705158,0.686919,0.614331,0.634629,0.654928,0.675226,0.456493,0.432552,0.338973,0.245395,0.098703,0.072012,0.045322,-0.030907,-0.049706,-0.068505,-0.074588
34,0,0.045772,0.045772,0.045772,0.056415,0.067058,0.261248,0.270311,0.279373,0.220923,0.475524,0.452482,0.543889,0.622595,0.668726,0.775966,0.717924,0.638731,0.646409,0.640984,0.148829,0.038082,0.016628,-0.004827,0.090174,0.200617,0.353695,0.506773,0.646812,0.669993,0.711638,0.705517,0.667026,0.682676,0.698326,0.520599,0.384826,0.343354,0.146593,0.264044,0.158967,0.161326,0.163686,0.166045,0.039862,0.094806,0.149749
34,1,0.119369,0.119369,0.119369,0.095253,0.071137,0.261248,0.270311,0.279373,0.212343,0.475524,0.439262,0.558989,0.604048,0.643377,0.773834,0.693496,0.618476,0.643577,0.640984,0.137114,0.017860,0.035846,0.053831,0.090174,0.205893,0.347248,0.488603,0.646812,0.655946,0.711638,0.705517,0.667026,0.587985,0.508944,0.429903,0.250426,0.343354,0.233679,0.145915,0.161224,0.189597,0.217971,0.021736,0.406053,0.343503,0.328191
34,2,0.119369,0.119369,0.119369,0.095253,0.071137,0.261248,0.270311,0.279373,0.212343,0.475524,0.439262,0.558989,0.604048,0.643377,0.773834,0.693496,0.618476,0.643577,0.640984,0.137114,0.017860,0.035846,0.053831,0.090174,0.205893,0.347248,0.488603,0.646812,0.655946,0.711638,0.705517,0.667026,0.587985,0.508944,0.429903,0.250426,0.343354,0.233679,0.145915,0.161224,0.189597,0.217971,0.021736,0.406053,0.343503,0.328191
34,3,0.385211,0.385211,0.385211,0.389670,0.394129,0.338626,0.405368,0.392948,0.307435,0.373349,0.439262,0.550301,0.578387,0.643377,0.773834,0.693496,0.618476,0.643386,0.680235,0.120229,0.009113,0.012450,0.015788,0.085685,0.187445,0.390469,0.593493,0.658244,0.655946,0.652406,0.648865,0.645325,0.661170,0.677014,0.401184,0.129934,0.214045,0.045285,0.145915,0.205062,0.211516,0.217971,0.390966,0.439944,0.407401,0.395998
34,4,0.399845,0.392132,0.384420,0.382369,0.380319,0.375000,0.404950,0.334924,0.466524,0.455954,0.445384,0.550301,0.557576,0.642381,0.781796,0.658224,0.576368,0.643386,0.687095,0.120229,0.009113,0.012450,0.015788,0.085685,0.187445,0.383805,0.580164,0.624436,0.628629,0.669652,0.657488,0.645325,0.661170,0.677014,0.401184,0.123873,-0.022609,0.057640,0.170342,0.272410,0.274857,0.277305,0.390966,0.288768,0.315724,0.345206
34,5,0.399845,0.408906,0.417966,0.411099,0.404232,0.399619,0.404950,0.380581,0.472287,0.504319,0.536351,0.630866,0.638536,0.637953,0.781796,0.658224,0.531452,0.666898,0.687095,0.122140,0.030274,0.021852,0.013430,0.049089,0.164435,0.309499,0.454562,0.616297,0.695076,0.677321,0.661323,0.645325,0.705166,0.765007,0.497105,0.366656,0.173276,0.129994,0.170342,0.297953,0.312186,0.326419,0.239364,0.288768,0.315724,0.345206
34,6,0.439266,0.428616,0.417966,0.427174,0.436382,0.441013,0.397922,0.437871,0.502062,0.524944,0.547826,0.653009,0.669361,0.697422,0.805212,0.738453,0.657338,0.666898,0.704836,0.203849,0.064273,0.059211,0.054150,0.049089,0.164435,0.373683,0.582931,0.613355,0.695076,0.688139,0.681201,0.674264,0.622347,0.570429,0.518512,0.167502,0.051206,0.014556,0.157118,0.297953,0.312186,0.326419,0.321273,0.392477,0.381928,0.219833
34,7,0.400846,0.420344,0.439842,0.438112,0.436382,0.441013,0.447488,0.399268,0.474410,0.513530,0.552650,0.653009,0.669361,0.697422,0.805212,0.738453,0.668388,0.557671,0.704836,0.203849,0.053669,0.022398,-0.008872,0.062641,0.194377,0.405408,0.616438,0.668456,0.709704,0.677321,0.669060,0.672387,0.621095,0.569804,0.518512,0.251165,-0.008432,0.014556,0.118287,0.338192,0.378642,0.419092,0.416757,0.423303,0.381928,0.419254
34,8,0.400846,0.393929,0.387011,0.386074,0.385136,0.397413,0.385201,0.399268,0.474410,0.470365,0.466319,0.628730,0.631541,0.509923,0.716488,0.682107,0.631737,0.516321,0.632242,0.153241,0.019785,0.034608,0.049432,0.062641,0.234790,0.425614,0.616438,0.668456,0.709704,0.658720,0.607735,0.619786,0.581437,0.543088,0.504739,0.365158,0.149253,0.133770,0.118287,0.219807,0.267999,0.316191,0.249318,0.423303,0.338759,0.254215
34,9,0.082060,0.132557,0.183055,0.173741,0.164427,0.185574,0.171628,0.285916,0.359356,0.412838,0.466319,0.505680,0.575909,0.509923,0.716488,0.682107,0.621810,0.523135,0.632242,0.146223,0.046354,0.047893,0.049432,0.051189,0.234790,0.370548,0.506306,0.644846,0.653197,0.630466,0.607735,0.665514,0.639440,0.613366,0.587292,0.444839,0.357875,0.178371,0.249626,0.149855,0.122806,0.095758,0.097134,0.145576,0.105532,0.065488
34,10,0.082060,0.030773,-0.020514,-0.019177,-0.017840,-0.043109,0.010240,0.147344,0.167693,0.273987,0.380282,0.505680,0.511537,0.509923,0.711080,0.677529,0.632880,0.547861,0.653733,0.175647,0.051898,0.046941,0.041985,0.051189,0.246229,0.369387,0.492546,0.626384,0.673450,0.718320,0.720973,0.723627,0.678182,0.632737,0.587292,0.444839,0.357875,0.344885,0.249626,0.149855,0.099835,0.049815,-0.046155,-0.045378,-0.062620,-0.079863
34,11,0.082060,0.030773,-0.020514,-0.019177,-0.017840,-0.043109,0.010240,0.147344,0.167693,0.273987,0.380282,0.505680,0.511537,0.509923,0.711080,0.677529,0.632880,0.547861,0.653733,0.175647,0.051898,0.046941,0.041985,0.051189,0.246229,0.369387,0.492546,0.626384,0.673450,0.718320,0.720973,0.723627,0.678182,0.632737,0.587292,0.444839,0.357875,0.344885,0.249626,0.149855,0.099835,0.049815,-0.046155,-0.045378,-0.062620,-0.079863
34,12,-0.078825,-0.078825,-0.078825,-0.091038,-0.103251,-0.081725,-0.048713,0.056335,0.034145,0.172192,0.310239,0.467988,0.474273,0.491034,0.711080,0.633633,0.561590,0.567132,0.653733,0.186114,0.047786,0.036700,0.025615,0.006159,0.222439,0.357492,0.492546,0.612657,0.673450,0.690176,0.706901,0.723627,0.694020,0.664413,0.634806,0.489152,0.434197,0.408315,0.391743,0.195574,0.138365,0.081155,-0.066657,-0.090811,-0.086500,-0.079863
34,13,-0.065251,-0.065251,-0.065251,-0.069691,-0.074130,-0.081725,-0.029978,0.056335,0.023959,0.157668,0.291378,0.467988,0.492000,0.491034,0.679264,0.643649,0.563781,0.567132,0.651381,0.158852,0.047786,0.031496,0.015206,0.006159,0.162774,0.296310,0.429846,0.567641,0.627071,0.738226,0.747260,0.756294,0.749716,0.743138,0.634806,0.486103,0.442604,0.408315,0.352419,0.251958,0.187326,0.122693,-0.066657,-0.016939,0.057173,-0.074540
34,14,0.036236,0.036236,0.036236,-0.018947,-0.074130,-0.052054,-0.029978,0.265287,0.116139,0.235388,0.354638,0.517446,0.492000,0.654936,0.679264,0.655463,0.568520,0.554128,0.651381,0.150151,0.055655,0.035430,0.015206,0.018488,0.202038,0.333904,0.465771,0.633060,0.663886,0.672431,0.691896,0.711361,0.704097,0.696833,0.627135,0.447477,0.330812,0.369159,0.352419,0.230431,0.175680,0.120929,-0.039483,0.006753,0.075145,0.066713
34,15,0.036236,0.036236,0.036236,0.070569,0.104902,0.227689,0.101268,0.283627,0.225878,0.318796,0.411713,0.517446,0.512685,0.654936,0.712350,0.655463,0.568520,0.525613,0.618867,0.110626,0.061302,0.023825,-0.013651,0.040037,0.213668,0.369267,0.524867,0.654887,0.663886,0.676855,0.689824,0.702792,0.695976,0.689159,0.642773,0.427061,0.345190,0.163055,0.306847,0.195067,0.162562,0.130056,0.067449,0.006753,0.075145,0.071496
34,16,0.140371,0.140371,0.140371,0.212874,0.285377,0.227689,0.240958,0.283627,0.370288,0.391001,0.411713,0.598709,0.570070,0.673341,0.699990,0.676049,0.598593,0.537326,0.606993,0.110626,0.027893,0.007121,-0.013651,0.039174,0.213668,0.396890,0.580112,0.654887,0.705185,0.715013,0.724840,0.734668,0.711913,0.689159,0.642773,0.387879,0.282226,0.163142,0.262367,0.195067,0.162562,0.130056,0.171374,0.104457,0.174577,0.071496
34,17,0.222970,0.222970,0.222970,0.215032,0.207093,0.256582,0.288360,0.231170,0.370288,0.423184,0.476080,0.598709,0.586402,0.673341,0.699990,0.673965,0.677842,0.544601,0.606993,0.152081,0.098216,0.079710,0.061204,0.051550,0.274470,0.429519,0.584568,0.597719,0.705185,0.715013,0.724840,0.734668,0.702621,0.670573,0.579537,0.446950,0.282226,0.163142,0.262367,0.171025,0.185883,0.200742,0.163000,0.135498,0.096108,0.204833
34,18,0.047122,0.047122,0.047122,0.027136,0.007151,0.045186,0.097301,0.231170,0.374139,0.425545,0.476951,0.446778,0.404726,0.673341,0.677888,0.673965,0.680828,0.445476,0.518195,0.225878,0.116949,0.091409,0.065868,0.133701,0.245709,0.365914,0.486119,0.597719,0.620280,0.643643,0.667006,0.690369,0.613754,0.537138,0.579537,0.445526,0.375723,0.228463,0.205791,0.137139,0.145531,0.153923,0.016380,-0.002606,0.096108,0.040634
34,19,0.008324,0.008324,0.008324,0.004026,-0.000272,0.040464,0.077781,0.231170,0.162153,0.248078,0.334003,0.446778,0.525108,0.575134,0.677888,0.660393,0.685317,0.550452,0.518195,0.232425,0.116949,0.091409,0.065868,0.156601,0.247333,0.398217,0.549100,0.597719,0.673759,0.730508,0.725250,0.719992,0.684328,0.648665,0.618735,0.445526,0.427760,0.211673,0.332391,0.147140,0.085100,0.023060,-0.013593,-0.002606,-0.015586,-0.009626
34,20,0.003805,0.003805,0.003805,0.023271,0.042737,0.055584,0.068431,0.118543,0.183335,0.297883,0.412431,0.496365,0.558012,0.575134,0.749594,0.663458,0.571882,0.598769,0.606735,0.144583,0.029851,0.028257,0.026662,0.120711,0.214761,0.381931,0.549100,0.503943,0.673759,0.730508,0.740438,0.750367,0.742959,0.735551,0.553630,0.417772,0.404028,0.394015,0.332391,0.132243,0.094334,0.056425,0.038900,0.021375,0.003851,0.000963
34,21,0.003805,0.003805,0.003805,0.023271,0.042737,0.055584,0.068431,0.118543,0.183335,0.297883,0.412431,0.496365,0.558012,0.575134,0.749594,0.663458,0.571882,0.598769,0.606735,0.144583,0.029851,0.028257,0.026662,0.120711,0.214761,0.381931,0.549100,0.503943,0.673759,0.730508,0.740438,0.750367,0.742959,0.735551,0.553630,0.417772,0.404028,0.394015,0.332391,0.132243,0.094334,0.056425,0.038900,0.021375,0.003851,0.000963
34,22,-0.048624,-0.048624,-0.048624,-0.002943,0.042737,0.011671,-0.019394,0.059542,0.157916,0.247916,0.337917,0.496365,0.558012,0.600626,0.749594,0.635980,0.649087,0.602822,0.606735,0.181259,0.032636,0.031849,0.031061,0.116417,0.201773,0.364619,0.527466,0.484759,0.677375,0.730508,0.722306,0.731501,0.733526,0.735551,0.553630,0.448234,0.449084,0.304612,0.356843,0.254630,0.152417,0.050204,0.034753,0.019302,0.003851,-0.021430
34,23,-0.124048,-0.124048,-0.124048,-0.103988,-0.083928,-0.100116,-0.019394,0.059542,-0.002652,0.085189,0.173030,0.415586,0.470166,0.600626,0.678309,0.666745,0.609095,0.534594,0.610013,0.228055,0.046692,0.053070,0.059448,0.116116,0.172783,0.284028,0.395272,0.484759,0.677375,0.763230,0.811664,0.731501,0.717551,0.703600,0.618337,0.448234,0.449084,0.304612,0.316909,0.250432,0.183956,0.117479,0.051002,-0.015475,-0.081952,-0.059764
34,24,-0.070543,-0.070543,-0.070543,-0.077235,-0.083928,-0.100116,-0.041815,0.059542,-0.003872,0.084579,0.173030,0.415586,0.442533,0.600626,0.678309,0.624172,0.609095,0.570540,0.610013,0.205312,0.068204,0.063826,0.059448,0.124167,0.188885,0.292483,0.396080,0.484759,0.666726,0.763230,0.780496,0.731903,0.590857,0.449811,0.679173,0.462816,0.442918,0.346072,0.286227,0.237868,0.189510,0.141152,0.092794,0.044436,-0.003922,-0.065675
34,25,-0.012704,-0.012704,-0.012704,-0.007909,-0.003115,-0.032121,0.017497,0.067116,0.112745,0.249976,0.387207,0.508730,0.482346,0.575309,0.759967,0.624172,0.566887,0.566407,0.564800,0.234904,0.078144,0.062706,0.047267,0.120225,0.193183,0.366685,0.540187,0.461574,0.681272,0.769745,0.695532,0.718526,0.539036,0.359546,0.679173,0.432494,0.442918,0.203298,0.299537,0.221873,0.144209,0.066545,-0.011119,-0.007520,-0.003922,-0.065675
34,37,0.190753,0.128309,0.065865,0.037184,0.008504,0.015792,0.228093,0.092430,0.337419,0.322708,0.307997,0.475738,0.390939,0.568534,0.678834,0.588506,0.490601,0.433733,0.435751,0.165403,0.019664,0.047324,0.074984,0.165863,0.256742,0.374146,0.491549,0.491632,0.546309,0.613700,0.559546,0.505392,0.510342,0.515292,0.520243,0.283646,0.198506,0.157505,0.116504,0.142961,0.169417,0.195874,0.126991,0.143693,0.179068,0.179068
34,38,0.375420,0.364090,0.332542,0.312210,0.291878,0.272712,0.228093,0.369973,0.337419,0.418964,0.500508,0.560487,0.682562,0.568534,0.678834,0.638627,0.524391,0.509397,0.435751,0.192087,0.001765,0.038374,0.074984,0.156174,0.237365,0.397205,0.557045,0.583270,0.609496,0.613700,0.576402,0.539104,0.501806,0.464508,0.427210,0.094708,0.005682,0.051536,0.097389,0.188664,0.222867,0.257071,0.314954,0.203628,0.179068,0.343468
34,39,0.375420,0.364090,0.332542,0.312210,0.291878,0.272712,0.228093,0.369973,0.337419,0.418964,0.500508,0.560487,0.682562,0.568534,0.678834,0.638627,0.524391,0.509397,0.435751,0.192087,0.001765,0.038374,0.074984,0.156174,0.237365,0.397205,0.557045,0.583270,0.609496,0.613700,0.576402,0.539104,0.501806,0.464508,0.427210,0.094708,0.005682,0.051536,0.097389,0.188664,0.222867,0.257071,0.314954,0.203628,0.179068,0.343468
34,40,0.411931,0.364090,0.393374,0.403154,0.412935,0.378866,0.438147,0.369973,0.484531,0.492520,0.500508,0.560487,0.682562,0.610259,0.731980,0.686251,0.648351,0.509397,0.435751,0.229259,0.081232,0.068235,0.055238,0.157668,0.260099,0.412495,0.564891,0.587409,0.609496,0.631982,0.595655,0.559328,0.519596,0.479864,0.440131,0.084430,0.005682,0.070649,0.063327,0.188664,0.215795,0.242926,0.285522,0.318062,0.322746,0.343468
34,41,0.329662,0.284633,0.343203,0.353578,0.363954,0.328997,0.403380,0.415844,0.427211,0.522031,0.616851,0.560487,0.511091,0.610259,0.723328,0.654993,0.595565,0.467187,0.432064,0.183112,0.081232,0.054651,0.028070,0.144084,0.260099,0.409948,0.559798,0.635081,0.629875,0.631982,0.549225,0.466469,0.457690,0.448911,0.440131,0.091537,0.058985,0.110814,0.063327,0.134812,0.114052,0.093292,0.088834,0.141820,0.259520,0.252098
34,42,0.274034,0.314738,0.355442,0.382490,0.409538,0.352249,0.403380,0.415844,0.456538,0.536694,0.616851,0.561510,0.711273,0.637925,0.723328,0.655665,0.624272,0.462729,0.432064,0.195896,0.063267,0.045668,0.028070,0.124957,0.221844,0.385240,0.548636,0.595247,0.641858,0.631982,0.494541,0.357100,0.387263,0.417426,0.447589,0.135006,0.108182,0.089159,0.103086,0.073638,0.083465,0.093292,0.134599,0.141820,0.259520,0.192951
34,43,0.274034,0.282391,0.290748,0.322501,0.354254,0.282561,0.409553,0.401890,0.408329,0.401825,0.395321,0.561510,0.711273,0.637925,0.710401,0.655665,0.607871,0.455731,0.432064,0.195896,0.050690,0.061300,0.071909,0.146877,0.221844,0.385240,0.548636,0.681238,0.649050,0.638980,0.640868,0.278629,0.326450,0.374272,0.422093,0.102284,0.108182,0.089159,0.103086,0.160266,0.142770,0.125274,0.134599,0.146276,0.242062,0.311454
34,44,0.307172,0.328733,0.350294,0.347530,0.344767,0.288403,0.394561,0.401890,0.421315,0.465562,0.509808,0.576561,0.507797,0.637925,0.710401,0.655763,0.509904,0.469084,0.423472,0.186388,0.024013,-0.010705,-0.045422,0.075783,0.196988,0.366825,0.536661,0.681238,0.607952,0.638980,0.576787,0.514593,0.483760,0.452927,0.422093,0.019538,-0.008828,0.049550,0.031080,0.160266,0.208100,0.255934,0.256698,0.303452,0.357820,0.269773
34,45,0.363871,0.357083,0.350294,0.347530,0.344767,0.362963,0.394561,0.397364,0.402285,0.439649,0.477013,0.576561,0.722028,0.651190,0.655553,0.650168,0.523849,0.420174,0.423472,0.107859,-0.027575,-0.125814,-0.064469,0.055757,0.175983,0.355495,0.535006,0.681238,0.612894,0.638980,0.614470,0.549580,0.511113,0.472647,0.434180,0.051583,-0.008828,0.049550,0.029502,0.179626,0.228890,0.278154,0.266454,0.349956,0.357820,0.269773
34,46,0.363871,0.361933,0.359994,0.355581,0.351167,0.362963,0.332634,0.397364,0.385920,0.422170,0.458420,0.545822,0.722028,0.651190,0.655553,0.665704,0.523849,0.453286,0.423472,0.130886,0.028646,-0.123328,-0.051283,0.062350,0.175983,0.370625,0.565268,0.645573,0.627430,0.662349,0.636118,0.549580,0.540291,0.531002,0.521713,0.051583,0.098771,0.064136,0.029502,0.214704,0.210930,0.207156,0.326238,0.217204,0.370081,0.268400
34,47,0.169823,0.128305,0.086787,0.113646,0.140506,0.167924,0.332634,0.247746,0.385920,0.422170,0.458420,0.545822,0.511288,0.569934,0.610440,0.638298,0.566908,0.445452,0.447491,0.149565,0.028646,-0.023769,-0.076185,0.040383,0.156951,0.308128,0.459305,0.645573,0.611147,0.662349,0.636118,0.741098,0.667970,0.594842,0.521713,0.298287,0.362443,0.288893,0.215343,0.151628,0.136495,0.121363,0.129235,0.133880,0.138524,0.091974
34,48,0.169823,0.128305,0.086787,0.113646,0.140506,0.167924,0.332634,0.247746,0.385920,0.422170,0.458420,0.545822,0.511288,0.569934,0.610440,0.638298,0.566908,0.445452,0.447491,0.149565,0.028646,-0.023769,-0.076185,0.040383,0.156951,0.308128,0.459305,0.645573,0.611147,0.662349,0.636118,0.741098,0.667970,0.594842,0.521713,0.298287,0.362443,0.288893,0.215343,0.151628,0.136495,0.121363,0.129235,0.133880,0.138524,0.091974
34,49,0.099582,0.093184,0.086787,0.116213,0.145639,0.205170,0.259861,0.247746,0.266301,0.282116,0.297930,0.449476,0.472839,0.569934,0.610440,0.621079,0.570706,0.445452,0.395081,0.141014,0.034438,-0.020873,-0.076185,0.040383,0.156951,0.280817,0.404683,0.507915,0.611147,0.676950,0.682974,0.620241,0.598514,0.576788,0.555061,0.167797,0.362443,0.230670,0.215343,0.143541,0.113119,0.082698,0.093483,0.104268,0.115054,0.045739
35,0,0.082106,0.082106,0.082106,0.138108,0.194109,0.126586,0.147974,0.233987,0.302371,0.465795,0.442372,0.514775,0.563108,0.511565,0.729216,0.700488,0.626173,0.618111,0.640984,0.161379,0.043779,0.035521,0.027264,0.116612,0.202655,0.350663,0.498670,0.616046,0.651420,0.602582,0.690289,0.693584,0.678784,0.663985,0.561989,0.356667,0.324374,0.144573,0.249340,0.225034,0.161169,0.097303,0.270928,0.118807,0.134278,0.149749
35,1,0.006931,0.006931,0.006931,0.005523,0.004115,0.114112,0.130263,0.146415,0.137249,0.288256,0.439262,0.514775,0.511351,0.614878,0.729216,0.663953,0.584764,0.618111,0.640984,0.132583,0.028738,0.033843,0.038949,0.116612,0.205893,0.332571,0.459248,0.611483,0.642433,0.602582,0.690289,0.693584,0.649719,0.605854,0.561989,0.412353,0.324374,0.278735,0.233096,0.108960,0.107984,0.107008,0.106032,0.061108,0.033548,0.005987
35,2,0.200933,0.200933,0.200933,0.190819,0.180706,0.126837,0.157012,0.193453,0.307435,0.384079,0.460723,0.530622,0.510879,0.582739,0.654600,0.663953,0.584764,0.618111,0.555481,0.129637,0.022938,0.039161,0.055385,0.085685,0.206767,0.339589,0.472410,0.611483,0.642433,0.681711,0.677480,0.673249,0.614936,0.556623,0.498311,0.341422,0.151042,0.137857,0.233096,0.205062,0.184439,0.163816,0.143193,0.148346,0.115548,0.082751
35,3,0.184028,0.184028,0.184028,0.166222,0.148417,0.126837,0.107872,0.334924,0.292444,0.376584,0.460723,0.516027,0.557576,0.642381,0.654600,0.658224,0.582778,0.608432,0.555481,0.129637,0.022938,0.043706,0.064475,0.085685,0.206767,0.341336,0.475905,0.611686,0.628629,0.681711,0.677480,0.673249,0.614936,0.556623,0.498311,0.379591,0.151042,0.125626,0.263490,0.195204,0.202486,0.209768,0.143193,0.148346,0.085255,0.022163
35,4,0.135761,0.135761,0.135761,0.111055,0.086349,0.160750,0.107872,0.317305,0.277527,0.337743,0.397960,0.516027,0.610226,0.637953,0.678215,0.658224,0.540948,0.608432,0.576358,0.161771,0.064297,0.070715,0.077132,0.096571,0.234931,0.347387,0.459844,0.613355,0.657126,0.794043,0.733646,0.673249,0.628825,0.584402,0.539978,0.414147,0.277946,0.203659,0.246449,0.171607,0.152132,0.132658,0.068650,0.055228,0.038696,0.022163
35,5,0.135761,0.135761,0.135761,0.111055,0.086349,0.160750,0.107872,0.317305,0.277527,0.337743,0.397960,0.516027,0.610226,0.637953,0.678215,0.658224,0.540948,0.608432,0.576358,0.161771,0.064297,0.070715,0.077132,0.096571,0.234931,0.347387,0.459844,0.613355,0.657126,0.794043,0.733646,0.673249,0.628825,0.584402,0.539978,0.414147,0.277946,0.203659,0.246449,0.171607,0.152132,0.132658,0.068650,0.055228,0.038696,0.022163
35,6,0.135761,0.135761,0.135761,0.111055,0.086349,0.230496,0.098083,0.317305,0.354043,0.413918,0.473793,0.558603,0.638140,0.683725,0.729309,0.703448,0.575168,0.608432,0.613144,0.212289,0.071533,0.074333,0.077132,0.096571,0.234931,0.364182,0.493432,0.613355,0.657126,0.794043,0.734153,0.674264,0.622347,0.570429,0.518512,0.295741,0.290951,0.203659,0.246449,0.171607,0.152132,0.132658,0.059327,0.095005,0.095005,0.095005
35,7,0.297080,0.297080,0.297080,0.263666,0.230253,0.230496,0.270136,0.401362,0.354043,0.437679,0.521315,0.561349,0.638140,0.637591,0.729309,0.703448,0.668686,0.538969,0.613144,0.212289,0.074570,0.080594,0.086618,0.126843,0.194377,0.369138,0.543899,0.665577,0.670384,0.778490,0.656996,0.674264,0.622347,0.570429,0.518512,0.270533,0.141102,0.095820,0.173835,0.287637,0.304746,0.321854,0.282851,0.295882,0.295882,0.295882
35,8,0.259690,0.259690,0.259690,0.259386,0.259082,0.266878,0.215148,0.316618,0.405151,0.463233,0.521315,0.561349,0.608573,0.509923,0.716488,0.662727,0.592685,0.523813,0.561049,0.164362,0.048889,0.067753,0.086618,0.126843,0.224331,0.370356,0.516381,0.642421,0.670384,0.657185,0.643986,0.630787,0.580199,0.529611,0.479024,0.258762,0.145688,0.159762,0.173835,0.191228,0.219296,0.247363,0.249318,0.295882,0.275049,0.254215
35,9,0.082060,0.089285,0.096511,0.171533,0.223061,0.185574,0.203414,0.249871,0.231615,0.320112,0.408609,0.556866,0.550900,0.509923,0.686001,0.662727,0.526514,0.527435,0.561049,0.139458,0.038949,0.058341,0.077733,0.051189,0.224331,0.360532,0.496733,0.625724,0.660315,0.700282,0.618428,0.566816,0.563204,0.559591,0.555979,0.258762,0.311688,0.122050,0.234693,0.191228,0.139390,0.087553,0.054847,0.045866,0.038317,0.030769
35,10,0.001652,0.001652,0.001652,0.001971,0.024018,-0.002118,0.072613,0.147344,0.124487,0.238007,0.351527,0.460815,0.511537,0.491034,0.711080,0.677529,0.557221,0.566653,0.561615,0.146140,0.036090,0.039038,0.041985,0.051189,0.189316,0.343024,0.496733,0.600337,0.659447,0.700282,0.605298,0.714603,0.661729,0.608854,0.555979,0.392585,0.311688,0.299119,0.391743,0.126378,0.088097,0.049815,-0.028755,-0.045378,-0.086500,-0.066752
35,11,-0.065370,-0.065370,-0.065370,-0.075143,-0.059897,-0.002118,0.016977,0.036073,0.055169,0.179478,0.303787,0.460815,0.468569,0.491034,0.711080,0.642693,0.588335,0.564704,0.561615,0.186114,0.045544,0.007280,-0.030984,-0.032810,0.189316,0.334374,0.479432,0.567641,0.659447,0.677832,0.696218,0.714603,0.683465,0.652327,0.621189,0.481968,0.406716,0.382013,0.391743,0.133473,0.101715,0.069958,-0.057690,-0.113393,-0.086500,-0.066752
35,12,-0.065985,-0.065985,-0.065985,-0.075143,-0.075855,-0.064673,-0.046275,-0.015568,0.015139,0.129983,0.244827,0.427117,0.462022,0.491034,0.668004,0.625461,0.566163,0.564704,0.651381,0.178120,0.045544,0.007280,-0.030984,-0.032810,0.159728,0.304622,0.449516,0.567641,0.633447,0.721916,0.726125,0.730333,0.727108,0.723882,0.621189,0.482535,0.440703,0.382013,0.401349,0.220440,0.114467,0.008495,-0.057690,-0.089011,-0.083377,-0.086609
35,13,0.119083,0.119083,0.119083,-0.051454,-0.075855,-0.061065,-0.046275,0.099904,0.132193,0.230595,0.328998,0.449222,0.462022,0.595534,0.668004,0.625461,0.542107,0.526910,0.618867,0.161152,0.076234,0.051510,0.026785,0.071096,0.206178,0.331072,0.455966,0.578576,0.605921,0.718096,0.724214,0.730333,0.711077,0.691821,0.627858,0.447477,0.381468,0.302777,0.401349,0.237923,0.174331,0.110738,-0.047036,-0.089011,0.179390,0.008545
35,14,0.119083,0.119083,0.119083,-0.051454,-0.075855,-0.061065,-0.046275,0.099904,0.132193,0.230595,0.328998,0.449222,0.462022,0.595534,0.668004,0.625461,0.542107,0.526910,0.618867,0.161152,0.076234,0.051510,0.026785,0.071096,0.206178,0.331072,0.455966,0.578576,0.605921,0.718096,0.724214,0.730333,0.711077,0.691821,0.627858,0.447477,0.381468,0.302777,0.401349,0.237923,0.174331,0.110738,-0.047036,-0.089011,0.179390,0.008545
35,15,0.119083,0.119083,0.119083,0.100751,0.082419,0.095430,0.108441,0.248456,0.388472,0.419774,0.451076,0.449222,0.481200,0.583221,0.664927,0.614223,0.542107,0.463766,0.618867,0.128388,0.075806,0.092082,0.108357,0.071096,0.204995,0.346278,0.487560,0.578210,0.605921,0.681845,0.757768,0.670838,0.681329,0.691821,0.627858,0.353448,0.118148,0.079236,0.206363,0.319921,0.215330,0.110738,0.148228,0.198241,0.179390,0.227025
35,16,0.333658,0.333658,0.333658,0.309517,0.285377,0.270537,0.255697,0.361362,0.388472,0.419774,0.451076,0.598709,0.513649,0.583019,0.664927,0.622398,0.547866,0.458153,0.659797,0.128388,0.060107,0.084232,0.108357,0.039174,0.224669,0.396644,0.568620,0.593075,0.705185,0.693736,0.682287,0.670838,0.623176,0.575514,0.509319,0.320470,0.066594,0.041456,0.147500,0.319921,0.310133,0.300345,0.276351,0.371377,0.355232,0.227025
35,17,0.360020,0.360020,0.360020,0.343046,0.326072,0.316697,0.307321,0.361362,0.413878,0.439656,0.465434,0.598709,0.586402,0.673341,0.724009,0.713278,0.627014,0.575894,0.659797,0.118738,0.067955,0.065251,0.062547,0.051550,0.224669,0.395991,0.567314,0.576910,0.693158,0.671847,0.650537,0.629226,0.597645,0.566065,0.509319,0.254460,0.066594,0.228463,0.147500,0.340026,0.337716,0.335405,0.225410,0.426842,0.355232,0.280686
35,18,0.144414,0.144414,0.144414,0.217498,0.290582,0.339831,0.275260,0.388346,0.299769,0.388360,0.476951,0.573833,0.584747,0.673341,0.724009,0.713278,0.637847,0.598886,0.615727,0.135135,0.064675,0.062671,0.060668,0.046412,0.220353,0.390095,0.559837,0.597719,0.693158,0.588080,0.654036,0.719992,0.701388,0.682785,0.509319,0.178566,0.050984,0.228463,0.337999,0.354762,0.254342,0.153923,0.196043,-0.002606,0.408998,0.148352
35,19,0.057346,0.057346,0.057346,0.147296,0.237246,0.232274,0.216418,0.174721,0.299769,0.370182,0.440594,0.573833,0.555320,0.641511,0.701699,0.680064,0.685317,0.575980,0.615727,0.232425,0.064675,0.062671,0.060668,0.067794,0.237284,0.395331,0.553378,0.530429,0.678890,0.696213,0.708103,0.719992,0.730991,0.741989,0.618735,0.178566,0.427760,0.265416,0.344635,0.315125,0.221806,0.128487,0.133054,0.066927,0.000799,0.078746
35,21,-0.025418,-0.025418,-0.025418,-0.055187,-0.084956,-0.023193,0.038570,0.069789,0.140044,0.246776,0.353507,0.508226,0.524388,0.641511,0.643302,0.670853,0.618460,0.582275,0.595447,0.181662,0.046680,0.006167,-0.034347,0.065727,0.208535,0.355746,0.502956,0.530429,0.645386,0.696213,0.764838,0.709762,0.709834,0.709907,0.707951,0.487230,0.441908,0.244980,0.307743,0.226340,0.144936,0.063532,0.040246,0.016959,-0.006327,-0.029614
35,25,-0.015902,-0.015902,-0.015902,-0.027899,-0.039896,-0.049789,0.003534,0.056858,0.132607,0.192476,0.252345,0.438600,0.461373,0.575309,0.649065,0.624172,0.567375,0.498732,0.429087,0.156764,-0.024433,0.016078,0.056590,0.151481,0.246371,0.364768,0.483164,0.461574,0.684000,0.732512,0.735410,0.718526,0.539036,0.359546,0.646468,0.430268,0.388715,0.144211,0.181961,0.143633,0.105305,0.066978,0.037666,0.008355,-0.020957,-0.077746
35,26,-0.015902,-0.015902,-0.015902,-0.028013,-0.040125,-0.030747,0.008279,0.047306,0.070712,0.199110,0.327508,0.438600,0.451432,0.575309,0.649065,0.602883,0.544531,0.498732,0.496057,0.205926,0.045592,0.058444,0.071296,0.156544,0.241793,0.385823,0.529854,0.461574,0.684000,0.732512,0.735410,0.718526,0.694507,0.670488,0.646468,0.456559,0.388715,0.193404,0.155569,0.124256,0.092943,0.061630,0.060630,0.080028,0.067892,-0.000352
35,28,-0.015040,-0.015040,-0.015040,-0.015040,-0.015040,-0.043434,0.001936,0.047306,0.034256,0.175377,0.316498,0.426818,0.415942,0.583641,0.658947,0.637416,0.617471,0.508293,0.431442,0.149466,0.051392,0.065726,0.080060,0.161304,0.242548,0.409402,0.576257,0.419534,0.674898,0.712390,0.695611,0.656655,0.625073,0.593491,0.561910,0.356282,0.394177,0.322461,0.226891,0.159865,0.092838,0.025812,-0.015238,-0.005681,-0.007494,-0.048334
35,29,-0.071641,-0.071641,-0.071641,-0.048762,-0.025884,-0.035685,0.003896,0.043477,0.101843,0.197586,0.293330,0.405049,0.526874,0.583641,0.631413,0.637416,0.576764,0.556156,0.431442,0.149466,0.042995,0.073986,0.104977,0.167201,0.229424,0.402840,0.576257,0.337214,0.632049,0.712390,0.659945,0.607501,0.592304,0.577107,0.561910,0.378463,0.404503,0.322461,0.278830,0.194725,0.110620,0.026515,-0.028102,0.018846,-0.014641,-0.024361
35,30,-0.049653,-0.049653,-0.049653,-0.037768,-0.025884,-0.018397,0.012540,0.043477,0.067900,0.149156,0.230412,0.405049,0.414193,0.597889,0.631413,0.657504,0.573632,0.440846,0.411793,0.032183,0.051705,0.075739,0.099773,0.167383,0.234993,0.337371,0.439750,0.337214,0.648174,0.758582,0.688753,0.677414,0.666420,0.655426,0.644432,0.404224,0.404503,0.210869,0.302978,0.209299,0.115621,0.021942,-0.028102,0.018846,0.044484,0.012623
35,36,0.016269,0.016269,0.016269,0.049941,0.083613,0.007671,0.094678,0.159922,0.125203,0.204668,0.284134,0.430090,0.360037,0.588328,0.613380,0.594952,0.552414,0.410150,0.416509,0.200618,0.070904,0.171709,0.272513,0.276764,0.281015,0.371802,0.462589,0.510559,0.546309,0.657864,0.559086,0.460307,0.458429,0.456550,0.454671,0.292654,0.364868,0.305091,0.147240,0.087994,0.070267,0.052540,0.034813,-0.009091,0.040706,0.021525
35,37,0.243388,0.183158,0.122928,0.103270,0.083613,0.099111,0.335942,0.159922,0.125203,0.242475,0.359746,0.475738,0.390939,0.568534,0.678834,0.594952,0.541812,0.483690,0.416509,0.237787,0.063175,0.167844,0.272513,0.276764,0.281015,0.414187,0.547358,0.510559,0.546309,0.613700,0.537004,0.460307,0.458429,0.456550,0.454671,0.143276,0.121171,0.150652,0.105695,0.164524,0.223352,0.282181,0.236844,0.143693,0.305099,0.331815
35,38,0.422858,0.407744,0.392631,0.387857,0.383084,0.375395,0.335942,0.369973,0.431759,0.504354,0.576949,0.648523,0.588214,0.682487,0.678834,0.638627,0.662374,0.514780,0.463656,0.223425,0.041433,0.024690,0.007946,0.122656,0.237365,0.418524,0.599683,0.630301,0.660919,0.613700,0.535337,0.456974,0.456207,0.455439,0.454671,0.230177,0.005682,0.150652,0.105695,0.256163,0.289841,0.323519,0.314954,0.366173,0.305099,0.331815
35,39,0.422858,0.418189,0.413519,0.409653,0.405788,0.354124,0.457219,0.369973,0.484859,0.569870,0.654881,0.648523,0.676793,0.682487,0.784587,0.711864,0.668328,0.514780,0.463656,0.233446,0.047377,0.012280,-0.022816,0.113086,0.248988,0.412623,0.576258,0.587409,0.660919,0.652443,0.505137,0.357831,0.382224,0.406616,0.431009,0.218346,0.005682,0.096926,0.095577,0.256163,0.289788,0.323414,0.343478,0.395859,0.440892,0.409923
35,40,0.440582,0.423989,0.407396,0.422597,0.437799,0.336882,0.403380,0.440089,0.427211,0.549433,0.671656,0.648523,0.687073,0.682487,0.784587,0.711864,0.674570,0.519925,0.470678,0.239831,0.047377,0.037723,0.028070,0.138529,0.248988,0.434332,0.619676,0.659007,0.662669,0.652443,0.706775,0.761108,0.651075,0.541042,0.431009,0.091537,-0.006984,0.096926,0.056049,0.244671,0.291033,0.337395,0.351398,0.402796,0.455383,0.398856
35,41,0.440582,0.423989,0.407396,0.422597,0.437799,0.336882,0.403380,0.440089,0.427211,0.549433,0.671656,0.648523,0.687073,0.682487,0.784587,0.711864,0.674570,0.519925,0.470678,0.239831,0.047377,0.037723,0.028070,0.138529,0.248988,0.434332,0.619676,0.659007,0.662669,0.652443,0.706775,0.761108,0.651075,0.541042,0.431009,0.091537,-0.006984,0.096926,0.056049,0.244671,0.291033,0.337395,0.351398,0.402796,0.455383,0.398856
35,42,0.312436,0.353393,0.394350,0.358268,0.322185,0.314156,0.403380,0.440089,0.467662,0.537371,0.607079,0.622182,0.608557,0.630123,0.794814,0.710258,0.625443,0.534225,0.470678,0.239831,0.033770,0.030920,0.028070,0.115558,0.203046,0.411361,0.619676,0.659007,0.649050,0.652443,0.682913,0.149156,0.248633,0.348111,0.447589,0.197962,0.192299,0.110814,0.138186,0.214383,0.275889,0.337395,0.225141,0.402796,0.455383,0.377076
35,43,0.178672,0.168526,0.158380,0.215824,0.273268,0.125655,0.326752,0.340700,0.265554,0.331880,0.398206,0.622182,0.711273,0.630123,0.794814,0.687828,0.617698,0.455731,0.470678,0.214267,0.050690,0.010300,-0.030089,0.086478,0.203046,0.380911,0.558777,0.683005,0.649050,0.638980,0.383047,0.127114,0.233939,0.340764,0.447589,0.347266,0.192299,0.151955,0.138186,0.104282,0.135025,0.165769,0.225141,0.203014,0.214399,0.217414
35,44,0.400781,0.383761,0.366741,0.395172,0.423603,0.345806,0.443642,0.340700,0.454040,0.454688,0.455336,0.576561,0.563524,0.630123,0.713329,0.635808,0.545521,0.458808,0.450714,0.180021,0.002737,-0.046516,-0.095769,0.050610,0.196988,0.360276,0.523563,0.683005,0.621689,0.638980,0.383047,0.127114,0.188523,0.249932,0.311341,0.064531,-0.008828,0.151955,0.117177,0.104282,0.143047,0.181813,0.203016,0.213384,0.362754,0.359506
35,45,0.412132,0.389437,0.366741,0.395172,0.423603,0.345806,0.443642,0.397364,0.474246,0.517861,0.561477,0.576561,0.722028,0.651190,0.687876,0.650168,0.545521,0.459935,0.450714,0.156794,-0.017440,-0.056605,-0.095769,0.039060,0.173889,0.373303,0.572717,0.645573,0.621689,0.638980,0.631855,0.545792,0.459729,0.373666,0.287603,0.064531,0.072275,0.091680,0.038664,0.189497,0.229021,0.268546,0.300949,0.349956,0.362754,0.359506
35,46,0.412132,0.394824,0.377516,0.386252,0.394989,0.348967,0.395651,0.397364,0.453524,0.490184,0.526844,0.615165,0.722028,0.651190,0.605467,0.665704,0.584298,0.505780,0.466820,0.149268,0.043418,-0.009885,-0.063189,0.055350,0.173889,0.394056,0.614223,0.645573,0.662206,0.688865,0.649119,0.606121,0.499948,0.393776,0.287603,0.051410,0.072275,0.091680,0.038664,0.214704,0.271212,0.327720,0.320858,0.281636,0.375850,0.401297
35,47,0.102681,0.058198,0.013716,0.136614,0.259513,0.167924,0.395651,0.214113,0.145249,0.336047,0.526844,0.615165,0.646366,0.629022,0.610440,0.671132,0.621713,0.484609,0.447491,0.159307,0.043418,-0.048143,-0.139705,-0.002650,0.134406,0.302700,0.470994,0.571104,0.671214,0.688865,0.649119,0.841760,0.776411,0.711061,0.645712,0.187848,0.441701,0.320329,0.197421,0.127122,0.107082,0.087043,0.083642,0.099023,0.114405,0.073946
35,48,-0.018395,-0.002340,0.013716,0.029482,0.045249,0.065252,0.105548,0.214113,0.141388,0.239002,0.336615,0.488949,0.646366,0.629022,0.701404,0.680544,0.642215,0.484609,0.447491,0.185836,0.036160,-0.051773,-0.139705,-0.002650,0.134406,0.254572,0.374739,0.522977,0.671214,0.750486,0.682974,0.682775,0.670421,0.658066,0.645712,0.505513,0.441701,0.320329,0.247577,0.083665,0.043732,0.003800,-0.001073,-0.005946,-0.010818,-0.063436
36,0,0.064760,0.064760,0.064760,0.085999,0.107237,0.113631,0.092400,0.156519,0.220638,0.419980,0.442372,0.534921,0.474637,0.459043,0.600569,0.646337,0.512349,0.616565,0.567254,0.129836,0.024137,0.027591,0.031044,0.116612,0.202655,0.320513,0.438372,0.571989,0.589108,0.687005,0.653678,0.620351,0.585795,0.551239,0.516683,0.252122,0.224798,0.208466,0.213756,0.145069,0.115334,0.085599,0.054704,0.118807,0.129051,0.139295
36,1,0.006931,0.006931,0.006931,0.020011,0.033092,0.039350,0.069658,0.099965,0.130273,0.255276,0.380279,0.474958,0.468218,0.614878,0.600569,0.663953,0.511481,0.616565,0.567254,0.122617,0.027488,0.022161,0.016835,0.116612,0.220636,0.339942,0.459248,0.572738,0.642433,0.721646,0.670999,0.620351,0.685984,0.751618,0.516683,0.405066,0.309136,0.264482,0.219829,0.107621,0.096610,0.085599,0.050675,-0.011553,-0.020621,-0.029689
36,3,0.099089,0.099089,0.099089,0.122696,0.146303,0.181055,0.144440,0.205701,0.266961,0.343541,0.420122,0.510018,0.513457,0.615635,0.619787,0.651169,0.530626,0.610050,0.544586,0.138080,0.032856,0.052630,0.072404,0.121724,0.244944,0.374938,0.504933,0.609705,0.659029,0.806898,0.740073,0.673249,0.683309,0.693370,0.490445,0.347625,0.252058,0.257774,0.263490,0.140491,0.154366,0.168241,0.182116,0.169944,0.141474,0.113004
36,4,0.035748,0.035748,0.035748,0.044882,0.054015,0.099210,0.069958,0.181057,0.178396,0.285123,0.391850,0.497036,0.504817,0.564888,0.624959,0.651169,0.540948,0.502508,0.561986,0.186758,0.056724,0.064564,0.072404,0.120665,0.242315,0.357700,0.473084,0.605584,0.636430,0.681864,0.677556,0.673249,0.739531,0.805813,0.523260,0.414147,0.366199,0.325026,0.283853,0.140491,0.129160,0.117829,0.106498,0.066745,0.089874,0.113004
36,6,0.213467,0.213467,0.213467,0.198580,0.183693,0.158518,0.235101,0.229649,0.285417,0.377004,0.468590,0.543773,0.522804,0.602241,0.729309,0.654615,0.613982,0.499603,0.565351,0.171087,0.071673,0.089063,0.106454,0.126843,0.231410,0.387655,0.543899,0.606751,0.626332,0.720013,0.690577,0.661141,0.613199,0.565256,0.517314,0.326063,0.341894,0.292006,0.242118,0.200922,0.217724,0.234526,0.227594,0.173747,0.173747,0.173747
36,7,0.213467,0.213467,0.213467,0.198580,0.183693,0.158518,0.235101,0.229649,0.285417,0.377004,0.468590,0.543773,0.522804,0.602241,0.729309,0.654615,0.613982,0.499603,0.565351,0.171087,0.071673,0.089063,0.106454,0.126843,0.231410,0.387655,0.543899,0.606751,0.626332,0.720013,0.690577,0.661141,0.613199,0.565256,0.517314,0.326063,0.341894,0.292006,0.242118,0.200922,0.217724,0.234526,0.227594,0.173747,0.173747,0.173747
36,8,0.109564,0.109564,0.109564,0.129262,0.148961,0.139674,0.130387,0.181563,0.252681,0.333529,0.414377,0.516633,0.487337,0.586669,0.686001,0.662727,0.617495,0.523813,0.561049,0.186320,0.061018,0.069376,0.077733,0.126843,0.237779,0.375958,0.514136,0.604596,0.660315,0.741570,0.686178,0.630787,0.608267,0.585746,0.563226,0.419520,0.286039,0.198505,0.242118,0.152792,0.135362,0.117932,0.110014,0.173747,0.126911,0.080074
36,9,0.096511,0.096511,0.096511,0.088007,0.113642,0.116676,0.119710,0.105729,0.199180,0.306779,0.414377,0.516633,0.507973,0.596987,0.686001,0.595629,0.544460,0.509061,0.561049,0.143868,0.018214,0.047974,0.077733,0.098940,0.237779,0.364075,0.490371,0.600337,0.660315,0.737136,0.687046,0.636955,0.628036,0.619117,0.551491,0.419520,0.346376,0.290535,0.234693,0.152792,0.136287,0.119782,0.046211,0.058664,0.028268,-0.002127
36,10,-0.001903,-0.001903,-0.001903,-0.020605,-0.007753,0.030074,0.067902,0.105729,0.124487,0.239352,0.354216,0.460814,0.462890,0.534836,0.606781,0.595629,0.557221,0.477346,0.561615,0.113088,0.085376,0.084341,0.083306,0.098940,0.211118,0.350745,0.490371,0.600337,0.588194,0.737136,0.570186,0.541928,0.580523,0.619117,0.551491,0.414334,0.346376,0.272668,0.342189,0.124184,0.076799,0.029413,-0.049173,-0.044447,-0.023287,-0.002127
36,11,-0.049028,-0.049028,-0.049028,-0.069468,-0.065238,-0.023639,0.017959,0.059558,0.034576,0.119218,0.203860,0.371283,0.437977,0.410632,0.606781,0.613087,0.563182,0.499777,0.561615,0.169142,0.045249,0.039491,0.033734,0.080263,0.211118,0.320719,0.430320,0.577842,0.588194,0.607672,0.570186,0.541928,0.566407,0.590887,0.621189,0.406320,0.382028,0.301311,0.342189,0.133473,0.084366,0.035259,-0.037025,-0.106752,-0.103212,-0.099672
36,12,-0.044177,-0.044177,-0.044177,-0.069468,-0.014343,-0.010611,-0.006879,0.005698,0.018275,0.114637,0.210999,0.371283,0.414589,0.493710,0.572832,0.576736,0.508309,0.499777,0.533614,0.142683,0.045249,0.039491,0.033734,0.080263,0.159728,0.290928,0.422128,0.553131,0.611897,0.721916,0.706043,0.690169,0.639129,0.588089,0.661351,0.482535,0.376171,0.301311,0.328123,0.174218,0.100021,0.025824,-0.037025,-0.039595,-0.053608,-0.067621
36,13,0.102695,0.102695,0.102695,0.053588,-0.014343,-0.010611,-0.006879,0.076932,0.160743,0.238270,0.315798,0.408210,0.414589,0.406195,0.572832,0.576736,0.489484,0.436723,0.533614,0.127361,0.030934,0.038683,0.046432,0.071096,0.199637,0.334651,0.469664,0.565115,0.605921,0.685222,0.687162,0.689101,0.647879,0.606657,0.661351,0.427273,0.247071,0.226725,0.328123,0.211441,0.157960,0.104478,0.041842,-0.039595,0.014933,0.069462
36,14,0.102695,0.102695,0.102695,0.139356,0.208507,0.173251,0.137995,0.112751,0.087507,0.166327,0.245147,0.448525,0.428618,0.406195,0.551501,0.579206,0.489484,0.450949,0.512919,0.117306,0.075824,0.081975,0.088127,0.071096,0.199637,0.360788,0.521940,0.580195,0.605921,0.700698,0.694900,0.689101,0.647879,0.606657,0.586827,0.376510,0.184534,0.201886,0.287555,0.182303,0.143391,0.104478,0.092821,0.053725,0.044966,0.069462
36,15,-0.008992,-0.008992,-0.008992,0.204886,0.208507,0.082740,-0.043027,0.022240,0.087507,0.166327,0.245147,0.448525,0.399971,0.407284,0.551501,0.574026,0.477661,0.458153,0.512919,0.117306,0.060107,0.074117,0.088127,0.100999,0.230504,0.374902,0.519299,0.582261,0.623579,0.628499,0.633419,0.638339,0.621168,0.603997,0.586827,0.358458,0.133786,0.077096,0.147500,0.182303,0.106152,0.030002,0.276351,-0.013220,0.054893,-0.039045
36,16,-0.008992,-0.008992,-0.008992,0.204886,0.208507,0.082740,-0.043027,0.022240,0.087507,0.166327,0.245147,0.448525,0.399971,0.407284,0.551501,0.574026,0.477661,0.458153,0.512919,0.117306,0.060107,0.074117,0.088127,0.100999,0.230504,0.374902,0.519299,0.582261,0.623579,0.628499,0.633419,0.638339,0.621168,0.603997,0.586827,0.358458,0.133786,0.077096,0.147500,0.182303,0.106152,0.030002,0.276351,-0.013220,0.054893,-0.039045
36,17,0.109993,0.109993,0.109993,0.287363,0.274386,0.289968,0.305550,0.328436,0.430184,0.456446,0.482709,0.523416,0.535459,0.436492,0.632596,0.652874,0.526142,0.494897,0.545096,0.121107,0.053350,0.071334,0.089317,0.100999,0.228339,0.393598,0.558857,0.576910,0.623579,0.694250,0.666294,0.638339,0.602202,0.566065,0.562382,0.333251,0.114318,0.083625,0.147500,0.240306,0.177806,0.115307,0.356805,0.426842,0.054893,0.280686
36,18,0.351426,0.351426,0.351426,0.287363,0.252807,0.120423,0.311578,0.388346,0.432386,0.457548,0.482709,0.517395,0.550943,0.438319,0.632596,0.652874,0.548369,0.522361,0.533826,0.116675,0.036484,0.048576,0.060668,0.137132,0.228339,0.388315,0.548290,0.582234,0.663528,0.220653,0.422609,0.624564,0.576493,0.528421,0.490774,0.351428,0.095792,0.083625,0.176090,0.220326,0.303778,0.387229,0.370941,0.442039,0.408998,0.332342
36,19,0.333712,0.333712,0.333712,0.225230,0.231492,0.246022,0.279687,0.305558,0.432386,0.446943,0.461500,0.517395,0.486272,0.586097,0.701699,0.606117,0.606552,0.490652,0.533826,0.127057,0.036484,0.083583,0.130682,0.137132,0.246996,0.397643,0.548290,0.529763,0.592230,0.696213,0.660389,0.624564,0.541900,0.459235,0.490774,0.264500,0.095792,0.099864,0.176090,0.315125,0.343291,0.371457,0.329749,0.346519,0.342029,0.374088
36,20,0.242342,0.242342,0.242342,0.196911,0.151480,0.166838,0.193032,0.315605,0.345614,0.367173,0.388733,0.472764,0.486272,0.554114,0.643302,0.606117,0.579027,0.476617,0.523058,0.153751,0.075462,0.103072,0.130682,0.184714,0.238745,0.382122,0.525498,0.481632,0.592230,0.696213,0.629484,0.562755,0.452514,0.342273,0.536373,0.260515,0.128105,0.219161,0.172202,0.267142,0.290386,0.313630,0.297252,0.346519,0.313831,0.281143
36,21,0.198769,0.198769,0.198769,0.134299,0.069829,0.104258,0.209732,0.264520,0.296406,0.348717,0.401029,0.508226,0.459089,0.540486,0.643302,0.675826,0.557011,0.582275,0.523058,0.150337,0.067843,0.084833,0.101823,0.065727,0.221030,0.368896,0.516761,0.432615,0.645386,0.696213,0.629484,0.562755,0.452514,0.342273,0.536373,0.341044,0.143499,0.143573,0.143647,0.267142,0.287280,0.307417,0.297252,0.259022,0.269655,0.280289
36,22,0.119939,0.119939,0.119939,0.094884,0.069829,0.104258,0.197340,0.290422,0.313889,0.300662,0.287435,0.469484,0.505612,0.616221,0.660806,0.675826,0.570241,0.574513,0.619439,0.180340,0.054902,0.064310,0.073717,0.147374,0.221030,0.396439,0.571849,0.412222,0.664629,0.693429,0.701596,0.709762,0.521793,0.333823,0.467297,0.341044,0.143499,0.143573,0.143647,0.173705,0.227369,0.281033,0.289953,0.147666,0.197845,0.248024
36,23,-0.063667,-0.063667,-0.063667,-0.018842,0.025983,0.058208,0.057533,0.056858,0.206589,0.275898,0.345206,0.469484,0.480150,0.616221,0.660806,0.663477,0.570241,0.554451,0.619439,0.172192,0.049432,0.061575,0.073717,0.032316,0.212496,0.332081,0.451666,0.399154,0.664629,0.693429,0.713459,0.733489,0.525718,0.317947,0.638301,0.364969,0.430512,0.226573,0.269117,0.125161,0.160661,0.196162,0.231662,0.041641,0.091292,0.140943
36,24,-0.061446,-0.061446,-0.061446,-0.034571,-0.007695,0.004292,0.030575,0.056858,0.115198,0.230202,0.345206,0.432676,0.484601,0.602384,0.636776,0.663477,0.557947,0.524794,0.563638,0.067516,0.005775,0.047784,0.089793,0.174498,0.259204,0.388585,0.517966,0.399154,0.675846,0.746516,0.740003,0.733489,0.551864,0.370239,0.638301,0.399390,0.380836,0.144211,0.150856,0.132751,0.114647,0.096542,0.069091,0.041641,0.037816,0.074725
36,25,-0.115273,-0.115273,-0.115273,-0.100366,-0.085459,-0.058255,-0.032579,-0.006902,0.018775,0.172780,0.326786,0.432676,0.433766,0.602384,0.600926,0.623223,0.566519,0.524794,0.563638,0.182428,0.005775,0.047784,0.089793,0.010467,0.210712,0.352498,0.494283,0.399154,0.675846,0.732512,0.711093,0.689673,0.657321,0.624969,0.592617,0.471991,0.380836,0.263659,0.150856,0.114835,0.078813,0.042792,0.049471,-0.040615,-0.015314,0.015501
36,26,-0.115273,-0.115273,-0.115273,-0.100366,-0.085459,-0.058255,-0.032579,-0.006902,0.018775,0.172780,0.326786,0.432676,0.433766,0.602384,0.600926,0.623223,0.566519,0.524794,0.563638,0.182428,0.005775,0.047784,0.089793,0.010467,0.210712,0.352498,0.494283,0.399154,0.675846,0.732512,0.711093,0.689673,0.657321,0.624969,0.592617,0.471991,0.380836,0.263659,0.150856,0.114835,0.078813,0.042792,0.049471,-0.040615,-0.015314,0.015501
36,32,-0.040503,-0.040503,-0.040503,-0.040503,-0.040503,-0.058552,-0.016314,0.025924,0.068161,0.207529,0.346897,0.497279,0.505553,0.615245,0.720059,0.655442,0.596865,0.557171,0.546248,0.218552,0.016863,0.029750,0.042636,0.078059,0.227714,0.359589,0.491465,0.342404,0.660394,0.726706,0.706749,0.689155,0.682398,0.675642,0.668886,0.473371,0.461370,0.340785,0.275813,0.197021,0.118229,0.039436,0.020007,0.027192,0.040545,0.040057
36,36,0.021337,0.036673,0.052009,0.154068,0.256128,0.005367,0.061175,0.272422,0.352280,0.310445,0.268610,0.514483,0.577231,0.588328,0.569944,0.584673,0.489649,0.426927,0.443045,0.240797,0.058159,0.093012,0.127866,0.184802,0.241738,0.409512,0.577285,0.589971,0.602657,0.669432,0.610065,0.550697,0.549182,0.547667,0.546152,0.251713,0.121171,0.125832,0.130492,0.087994,0.093306,0.098617,-0.045703,0.241237,0.021284,0.081491
36,37,0.331498,0.301423,0.347464,0.301796,0.256128,0.256963,0.339088,0.417284,0.352280,0.414307,0.476335,0.514483,0.718336,0.588328,0.770178,0.683481,0.612910,0.509141,0.457510,0.251203,0.096868,0.112367,0.127866,0.184802,0.241738,0.394548,0.547358,0.510559,0.602657,0.635129,0.597764,0.560399,0.523034,0.485669,0.448304,0.129933,0.121171,0.117532,0.113893,0.238678,0.260429,0.282181,0.301049,0.241237,0.349207,0.373859
36,38,0.375340,0.362553,0.365314,0.372350,0.379387,0.407778,0.399065,0.417284,0.456957,0.516953,0.576949,0.606434,0.718336,0.588328,0.770178,0.683481,0.679113,0.509141,0.457510,0.207106,0.003966,0.016048,0.028129,0.121133,0.251378,0.422529,0.593681,0.634035,0.674390,0.635129,0.597764,0.560399,0.523034,0.485669,0.448304,0.222695,-0.002915,0.129700,0.088608,0.278884,0.315537,0.352190,0.373336,0.406347,0.349207,0.373859
36,39,0.375340,0.362553,0.387350,0.366818,0.346287,0.358733,0.457219,0.417284,0.441309,0.543579,0.645848,0.606434,0.635551,0.658427,0.763296,0.719271,0.655847,0.528303,0.463656,0.239905,0.073035,0.025109,-0.022816,0.111728,0.246273,0.400191,0.554110,0.631347,0.674390,0.615416,0.627729,0.640042,0.576130,0.512217,0.448304,0.222695,-0.002915,0.129700,0.088608,0.278884,0.297108,0.315332,0.341285,0.358691,0.412902,0.371869
36,40,0.340351,0.363696,0.387041,0.412420,0.437799,0.364100,0.450347,0.419836,0.469737,0.570697,0.671656,0.606434,0.565441,0.658427,0.763296,0.686700,0.674570,0.487162,0.463656,0.221909,0.073035,0.041423,0.009810,0.128042,0.246273,0.408108,0.569943,0.590880,0.611817,0.652443,0.587154,0.521865,0.491580,0.461294,0.431009,0.024547,0.021947,0.128236,0.087023,0.247803,0.274906,0.302008,0.338072,0.349495,0.371712,0.341040
36,41,0.212695,0.295132,0.377569,0.386989,0.396409,0.352831,0.450347,0.419836,0.497183,0.503493,0.509802,0.622182,0.608557,0.630123,0.694708,0.659796,0.609748,0.482448,0.463656,0.221909,0.029650,0.019730,0.009810,0.115611,0.221411,0.395677,0.569943,0.616279,0.643722,0.652443,0.634269,0.521865,0.483277,0.444689,0.406101,0.093901,0.008183,0.128236,0.096653,0.235550,0.268779,0.302008,0.261226,0.349495,0.371712,0.377076
36,42,0.212695,0.214595,0.216494,0.171494,0.126494,0.080858,0.334034,0.397436,0.260169,0.331862,0.403556,0.492335,0.447963,0.630123,0.694708,0.687828,0.478591,0.487762,0.419077,0.153336,0.043279,0.037286,0.031293,0.116454,0.201616,0.375414,0.549212,0.683005,0.643722,0.616535,0.634269,0.586448,0.538627,0.490806,0.442985,0.220771,0.008183,0.129781,0.103034,0.170408,0.226136,0.281863,0.261226,0.241818,0.222411,0.117261
36,43,0.221739,0.271118,0.320498,0.223496,0.126494,0.194006,0.334034,0.340700,0.282853,0.368451,0.454050,0.492335,0.454244,0.630123,0.615457,0.604242,0.477376,0.438140,0.436709,0.117576,0.024714,0.043181,0.061647,0.131631,0.201616,0.351375,0.501134,0.683005,0.565986,0.616535,0.591030,0.565524,0.479012,0.392500,0.305988,0.126610,0.106173,0.129300,0.103034,0.170408,0.190963,0.211518,0.154567,0.213384,0.248740,0.228633
36,44,0.221739,0.271118,0.320498,0.223496,0.126494,0.194006,0.334034,0.340700,0.282853,0.368451,0.454050,0.492335,0.454244,0.630123,0.615457,0.604242,0.477376,0.438140,0.436709,0.117576,0.024714,0.043181,0.061647,0.131631,0.201616,0.351375,0.501134,0.683005,0.565986,0.616535,0.591030,0.565524,0.479012,0.392500,0.305988,0.126610,0.106173,0.129300,0.103034,0.170408,0.190963,0.211518,0.154567,0.213384,0.248740,0.228633
36,45,0.334063,0.327280,0.320498,0.320932,0.321367,0.194006,0.381154,0.380631,0.413009,0.459210,0.505411,0.492335,0.454244,0.605195,0.687876,0.604242,0.477376,0.455530,0.436709,0.200503,0.061436,0.061542,0.061647,0.147992,0.234337,0.400255,0.566174,0.690348,0.565986,0.616535,0.598393,0.616963,0.514689,0.412415,0.310140,0.126610,0.077565,0.096814,0.075422,0.188374,0.228460,0.268546,0.270530,0.310163,0.248740,0.228633
36,46,0.376296,0.358300,0.340303,0.357461,0.374618,0.321470,0.395651,0.380631,0.453524,0.518513,0.583503,0.575361,0.525438,0.605195,0.605467,0.644448,0.538387,0.513647,0.488908,0.208091,0.074375,0.077041,0.079708,0.157022,0.234337,0.412562,0.590787,0.607231,0.623674,0.640730,0.649119,0.623460,0.519020,0.414580,0.310140,0.099977,0.077565,0.000221,0.051794,0.202312,0.241348,0.280384,0.320858,0.290558,0.323958,0.312559
36,47,0.211683,0.275993,0.340303,0.299908,0.259513,0.282565,0.395651,0.280432,0.207603,0.395553,0.583503,0.575361,0.639537,0.658644,0.621692,0.680903,0.645783,0.557076,0.468369,0.205105,0.074375,-0.001751,-0.077876,0.043778,0.165432,0.350087,0.534741,0.622473,0.710205,0.640730,0.747764,0.834370,0.742666,0.650963,0.559259,0.507346,0.424506,0.070379,0.197421,0.108292,0.128162,0.148031,0.140700,0.290558,0.147794,0.147794
36,52,0.325551,0.231604,0.137656,0.276933,0.416210,0.211899,0.330064,0.336039,0.518735,0.507224,0.495713,0.633743,0.654434,0.642900,0.631367,0.721483,0.662767,0.571890,0.481014,0.256198,0.001478,-0.042041,-0.023032,0.108449,0.239931,0.364330,0.488730,0.575882,0.663034,0.688179,0.668749,0.640368,0.583950,0.527533,0.471115,0.000129,0.110037,0.112045,0.114053,0.313142,0.272322,0.231502,0.384929,0.133454,0.365166,0.365166
37,0,0.231327,0.231327,0.231327,0.233224,0.235122,0.111072,0.251542,0.258346,0.265150,0.344034,0.422918,0.516213,0.489684,0.459043,0.659926,0.586884,0.513283,0.572272,0.527759,0.111668,0.003247,0.042720,0.082192,0.121664,0.219930,0.351679,0.483427,0.558169,0.635720,0.686462,0.653406,0.620351,0.717732,0.668133,0.491172,0.250226,0.224798,0.158780,0.224058,0.204744,0.185430,0.166116,0.051678,0.074160,0.088023,0.101887
37,1,0.039945,0.039945,0.039945,0.036519,0.033092,0.079140,0.110135,0.141129,0.190239,0.294810,0.399380,0.482066,0.486631,0.574863,0.659926,0.586884,0.513283,0.572272,0.527759,0.113907,0.031022,0.061236,0.091450,0.121664,0.224976,0.335730,0.446484,0.572738,0.594645,0.701780,0.674420,0.620351,0.665075,0.709799,0.491172,0.366800,0.231362,0.158780,0.219829,0.107621,0.136869,0.166116,0.087202,0.040777,0.036619,0.032460
37,3,0.080782,0.080782,0.080782,0.110200,0.139619,0.145179,0.115536,0.208001,0.300466,0.357785,0.415104,0.477665,0.484662,0.589773,0.624959,0.582644,0.523885,0.576981,0.503209,0.144577,0.026162,0.057765,0.089369,0.125658,0.226452,0.347547,0.468642,0.568884,0.589090,0.594980,0.600870,0.608339,0.636082,0.663825,0.465543,0.256816,0.190098,0.213080,0.236062,0.154608,0.153678,0.152747,0.151817,0.146629,0.134102,0.121574
37,4,0.080782,0.080782,0.080782,0.095378,0.109975,0.096986,0.100360,0.209391,0.170941,0.293022,0.415104,0.470186,0.648507,0.561750,0.624959,0.582644,0.523885,0.463500,0.485382,0.143668,0.023097,0.056233,0.089369,0.120665,0.242315,0.342974,0.443633,0.568884,0.581702,0.715219,0.661779,0.608339,0.663450,0.718562,0.523260,0.405012,0.326518,0.158214,0.252773,0.154608,0.129945,0.105282,0.080619,0.074815,0.098195,0.121574
37,6,0.099468,0.099468,0.099468,0.098335,0.097202,0.161410,0.104548,0.209180,0.287076,0.348035,0.408993,0.485195,0.648507,0.602241,0.653341,0.630476,0.544321,0.515368,0.565351,0.141569,0.056994,0.081724,0.106454,0.121491,0.244230,0.369542,0.494854,0.624847,0.626332,0.729690,0.695415,0.661141,0.622057,0.582973,0.543888,0.301215,0.325610,0.296154,0.266699,0.186411,0.151662,0.116912,0.135039,0.173747,0.173747,0.173747
37,8,0.139048,0.139048,0.139048,0.098000,0.056952,0.092405,0.127858,0.163312,0.198765,0.268556,0.338348,0.447816,0.669523,0.648199,0.626876,0.630476,0.525426,0.473266,0.539229,0.132764,0.028262,0.051014,0.073765,0.077326,0.230523,0.357704,0.484885,0.590952,0.630991,0.721184,0.725580,0.680302,0.645314,0.610326,0.511276,0.422130,0.380773,0.161804,0.239469,0.124184,0.101573,0.078961,0.071023,0.058664,0.031731,0.004798
37,9,0.031426,0.031426,0.031426,0.044521,0.057616,0.087129,0.116642,0.146154,0.175667,0.236008,0.296350,0.447816,0.443325,0.487107,0.530890,0.575630,0.417204,0.394635,0.447865,0.116850,0.048709,0.070222,0.091734,0.077326,0.211118,0.348001,0.484885,0.590952,0.597551,0.721176,0.626124,0.541928,0.576127,0.610326,0.572944,0.394695,0.375049,0.234883,0.262194,0.108889,0.071726,0.034563,-0.038076,-0.025013,-0.010107,0.004798
37,10,0.031426,0.031426,0.031426,0.044521,0.057616,0.087129,0.116642,0.146154,0.175667,0.236008,0.296350,0.447816,0.443325,0.487107,0.530890,0.575630,0.417204,0.394635,0.447865,0.116850,0.048709,0.070222,0.091734,0.077326,0.211118,0.348001,0.484885,0.590952,0.597551,0.721176,0.626124,0.541928,0.576127,0.610326,0.572944,0.394695,0.375049,0.234883,0.262194,0.108889,0.071726,0.034563,-0.038076,-0.025013,-0.010107,0.004798
37,11,-0.021187,-0.021187,-0.021187,-0.069468,0.040575,0.062932,0.085289,0.107646,0.043829,0.171175,0.298521,0.427156,0.382078,0.410632,0.530890,0.520690,0.439478,0.411587,0.447865,0.160251,0.048709,0.077200,0.105692,0.080263,0.212666,0.326756,0.440847,0.556385,0.597551,0.607672,0.619179,0.630687,0.558186,0.485686,0.505551,0.398033,0.375049,0.234883,0.262194,0.108889,0.068935,0.028982,-0.038076,-0.086161,-0.064997,-0.043833
37,12,0.017723,0.017723,0.017723,0.053588,0.130883,0.111448,0.092014,0.072579,0.053145,0.130758,0.208370,0.375795,0.408185,0.412551,0.570278,0.537471,0.440315,0.411587,0.461003,0.079834,-0.003959,0.050867,0.105692,0.080263,0.212666,0.322945,0.433224,0.555674,0.605835,0.683472,0.657079,0.630687,0.601317,0.571948,0.600426,0.405134,0.357428,0.186316,0.227532,0.099577,0.070768,0.041960,0.016952,0.034828,0.023463,0.012098
37,13,0.162615,0.162615,0.162615,0.053588,0.171695,0.051047,0.113033,0.175019,0.237005,0.294357,0.351708,0.375795,0.408185,0.432320,0.570278,0.537471,0.440315,0.421054,0.461003,0.103870,-0.003959,0.041070,0.086099,0.097234,0.223764,0.345479,0.467194,0.570229,0.629693,0.643020,0.666061,0.689101,0.628984,0.568866,0.611068,0.372719,0.247071,0.129973,0.227532,0.188545,0.189875,0.191204,0.088086,0.034828,0.092925,0.151023
37,14,0.162615,0.162615,0.162615,0.091521,-0.048914,0.073037,0.092038,0.111039,0.130041,0.172694,0.215348,0.394856,0.444404,0.432320,0.551501,0.556633,0.479962,0.440834,0.497527,0.126549,0.059612,0.079495,0.099378,0.097234,0.223764,0.372852,0.521940,0.580195,0.629693,0.680185,0.684643,0.689101,0.628984,0.568866,0.611068,0.395110,0.353197,0.177522,0.287555,0.188545,0.189875,0.191204,0.126519,0.152603,0.072175,0.151023
37,15,0.003151,0.003151,0.003151,-0.033192,-0.048914,-0.069675,-0.043027,0.092081,0.146015,0.213997,0.281979,0.400765,0.382724,0.409294,0.524509,0.550305,0.482760,0.480653,0.497527,0.126549,0.074644,0.087011,0.099378,0.088493,0.231697,0.381173,0.530649,0.582261,0.659514,0.680185,0.684643,0.689101,0.613716,0.538330,0.602526,0.436576,0.361467,0.181116,0.302606,0.152933,0.116563,0.080193,-0.017040,-0.033014,0.054893,-0.047341
37,16,0.109993,0.109993,0.109993,0.042057,0.098185,0.077911,0.112587,0.092081,0.201013,0.241496,0.281979,0.400765,0.497337,0.436492,0.632596,0.617316,0.503984,0.513150,0.508672,0.117906,0.041776,0.065546,0.089317,0.088493,0.231697,0.367459,0.503220,0.565141,0.659514,0.694250,0.700253,0.706255,0.658297,0.610340,0.562382,0.391393,0.380716,0.213841,0.302606,0.157752,0.121445,0.085137,0.102797,0.104750,0.072326,0.011227
37,17,0.042607,0.042607,0.042607,0.042057,-0.007147,-0.011212,0.031122,0.091313,0.151504,0.263762,0.376019,0.437982,0.507635,0.438319,0.632596,0.617316,0.548369,0.513656,0.533826,0.101959,0.027679,0.057515,0.087351,0.137132,0.178960,0.336014,0.493068,0.534434,0.670163,0.786931,0.746593,0.706255,0.644673,0.583091,0.536042,0.351428,0.392935,0.213841,0.298066,0.220326,0.152732,0.085137,0.004572,0.054869,0.072326,0.025284
37,18,0.088956,0.088956,0.088956,0.013997,0.116426,0.147999,0.090765,0.118809,0.151504,0.245521,0.339539,0.464210,0.444401,0.503709,0.564101,0.592824,0.500069,0.472695,0.533826,0.101959,0.027679,0.057515,0.087351,0.137132,0.241721,0.367394,0.493068,0.463886,0.592230,0.647236,0.635900,0.624564,0.523212,0.421859,0.536042,0.248179,0.392935,0.168757,0.298066,0.265944,0.187891,0.109839,0.156542,0.054869,0.144003,0.122784
37,19,0.088956,0.088956,0.088956,0.013997,0.116426,0.147999,0.090765,0.118809,0.151504,0.245521,0.339539,0.464210,0.444401,0.503709,0.564101,0.592824,0.500069,0.472695,0.533826,0.101959,0.027679,0.057515,0.087351,0.137132,0.241721,0.367394,0.493068,0.463886,0.592230,0.647236,0.635900,0.624564,0.523212,0.421859,0.536042,0.248179,0.392935,0.168757,0.298066,0.265944,0.187891,0.109839,0.156542,0.054869,0.144003,0.122784
37,20,0.207570,0.202307,0.197045,0.207772,0.218498,0.170935,0.187957,0.221327,0.254698,0.316306,0.377913,0.464210,0.444401,0.362498,0.570908,0.587522,0.492285,0.476446,0.523058,0.126255,0.062104,0.132785,0.203466,0.222594,0.241721,0.353152,0.464583,0.393024,0.592230,0.647236,0.594794,0.542352,0.482105,0.421859,0.442807,0.184137,0.215587,0.123006,0.174318,0.289660,0.259773,0.229886,0.156542,0.201428,0.144003,0.203516
37,21,0.207570,0.224360,0.241150,0.259117,0.277083,0.220529,0.209732,0.264520,0.312845,0.349880,0.386915,0.472764,0.454902,0.362498,0.570908,0.587522,0.537230,0.520368,0.523058,0.144000,0.059243,0.133165,0.207087,0.224608,0.263555,0.372964,0.482373,0.432615,0.593353,0.647236,0.582742,0.518248,0.415027,0.311806,0.442807,0.293153,0.143499,0.143573,0.143647,0.289660,0.292751,0.295843,0.254334,0.318636,0.261324,0.204011
37,22,0.252778,0.186359,0.119939,0.198511,0.277083,0.220529,0.190030,0.290422,0.358292,0.387486,0.416681,0.512027,0.462913,0.560219,0.643734,0.587522,0.537230,0.557635,0.564654,0.180377,0.056066,0.131577,0.207087,0.179054,0.261210,0.416529,0.571849,0.412222,0.593353,0.618105,0.596552,0.574998,0.431129,0.287259,0.467297,0.305398,0.143499,0.226573,0.143647,0.201826,0.260006,0.318185,0.309185,0.359846,0.327152,0.294459
37,23,0.252778,0.141671,0.030564,0.128521,0.226478,0.208461,0.073416,0.253415,0.206589,0.286029,0.365469,0.512027,0.681324,0.590835,0.643734,0.641935,0.547793,0.551350,0.564654,0.165484,0.043344,0.098580,0.153816,0.179054,0.261210,0.408658,0.556107,0.371218,0.646605,0.693429,0.658575,0.623721,0.470834,0.317947,0.519001,0.400683,0.282364,0.226573,0.171804,0.231264,0.194621,0.157979,0.231662,0.359846,0.250395,0.140943
37,24,-0.055186,-0.055186,-0.055186,0.029243,0.113673,0.139162,0.073416,0.182593,0.106067,0.235768,0.365469,0.500611,0.681324,0.590835,0.678295,0.641935,0.586812,0.551350,0.594525,0.192471,0.064327,0.075581,0.086836,0.165035,0.243235,0.370490,0.497744,0.347122,0.658807,0.746516,0.692409,0.638302,0.497127,0.355953,0.637074,0.346288,0.444357,0.254513,0.191035,0.127556,0.064078,0.000599,0.018526,0.244534,0.181793,-0.058857
37,30,-0.009928,-0.009928,-0.009928,-0.020753,-0.031578,-0.022475,0.030170,0.082814,0.001409,0.165971,0.330533,0.343091,0.443982,0.468331,0.395432,0.486450,0.418274,0.444456,0.329410,0.151993,-0.025423,0.107238,0.239898,0.270403,0.300907,0.401633,0.502359,0.340407,0.550844,0.726706,0.624146,0.521586,0.558755,0.595924,0.633094,0.421068,0.407116,0.308588,0.237656,0.158320,0.153761,0.149202,0.043245,0.058535,0.089408,0.069100
37,31,-0.007238,-0.007238,-0.007238,0.021417,0.050072,-0.022475,0.030170,0.082814,0.160359,0.233023,0.305687,0.348907,0.435793,0.468331,0.411202,0.486450,0.459374,0.455045,0.422561,0.183623,0.126325,0.139004,0.151683,0.223663,0.295643,0.399001,0.502359,0.345190,0.550844,0.726706,0.584463,0.614915,0.601463,0.588011,0.574559,0.421068,0.407116,0.308588,0.237656,0.163931,0.118258,0.072585,0.053642,0.133162,0.089408,0.040057
37,32,-0.063017,-0.063017,-0.063017,-0.018492,0.026033,-0.037058,0.022878,0.082814,0.095978,0.200833,0.305687,0.497279,0.429755,0.445949,0.411202,0.517747,0.629488,0.503133,0.460512,0.183623,0.060126,0.101257,0.142388,0.177138,0.211888,0.336887,0.461886,0.345190,0.660394,0.726706,0.642770,0.614915,0.601463,0.588011,0.574559,0.487349,0.374791,0.308588,0.196509,0.163931,0.112104,0.060276,0.053642,0.074769,0.052890,0.024335
37,33,0.097580,0.048502,-0.000575,-0.026980,-0.053386,-0.022983,0.047946,0.118874,0.106635,0.209665,0.312694,0.443370,0.577231,0.445949,0.619096,0.517747,0.545131,0.444686,0.455568,0.252913,0.060126,0.101257,0.142388,0.177138,0.211888,0.342256,0.472625,0.515054,0.557484,0.636119,0.642770,0.689155,0.648192,0.607230,0.566268,0.320900,0.374791,0.281228,0.187666,0.094103,0.061687,0.029270,0.022775,0.011217,0.052890,0.024335
37,34,0.097580,0.131400,0.162665,0.111769,0.060873,0.100695,0.186559,0.272422,0.198813,0.294748,0.390682,0.443370,0.577231,0.580972,0.659871,0.615252,0.599055,0.432706,0.455568,0.198409,0.064563,0.096740,0.128917,0.191534,0.254152,0.367493,0.480834,0.415274,0.557484,0.636119,0.615595,0.595070,0.554736,0.514402,0.474068,0.320900,0.314900,0.174199,0.249694,0.128956,0.125580,0.122204,0.087673,-0.141262,0.119414,-0.025317
37,35,0.268746,0.215705,0.162665,0.252026,0.341387,0.100695,0.190513,0.272422,0.397061,0.404176,0.411290,0.542313,0.577231,0.607683,0.659871,0.615252,0.599055,0.513418,0.450418,0.226174,0.028768,0.078317,0.127866,0.194448,0.261030,0.417406,0.573782,0.571115,0.658138,0.636119,0.661905,0.550697,0.525154,0.499611,0.474068,0.281367,0.088666,0.024753,0.036667,0.048581,0.097545,0.146509,0.046906,-0.141262,0.043253,0.004258
37,36,0.324132,0.324132,0.344617,0.343002,0.341387,0.275435,0.317672,0.272422,0.397061,0.450415,0.503769,0.542313,0.718336,0.607683,0.674038,0.649186,0.669699,0.519073,0.450418,0.251203,0.043131,0.025428,0.007725,0.144628,0.281532,0.439615,0.597698,0.571115,0.658138,0.612831,0.588308,0.563786,0.521293,0.478801,0.436308,0.262487,0.088666,0.148654,0.070713,0.251576,0.284071,0.316566,0.298299,0.205130,0.356649,0.315245
37,37,0.324132,0.324132,0.344617,0.343002,0.341387,0.275435,0.317672,0.272422,0.397061,0.450415,0.503769,0.542313,0.718336,0.607683,0.674038,0.649186,0.669699,0.519073,0.450418,0.251203,0.043131,0.025428,0.007725,0.144628,0.281532,0.439615,0.597698,0.571115,0.658138,0.612831,0.588308,0.563786,0.521293,0.478801,0.436308,0.262487,0.088666,0.148654,0.070713,0.251576,0.284071,0.316566,0.298299,0.205130,0.356649,0.315245
37,38,0.299030,0.299030,0.365314,0.323412,0.281511,0.285740,0.398556,0.356444,0.369276,0.393881,0.418486,0.542313,0.718336,0.607683,0.674038,0.649186,0.590259,0.519073,0.447435,0.244938,0.147128,0.087629,0.028129,0.168187,0.281532,0.432189,0.582845,0.581903,0.580960,0.635129,0.546058,0.456987,0.450094,0.443201,0.436308,0.089815,0.060702,0.148654,0.124459,0.271585,0.301186,0.330786,0.350308,0.331300,0.356649,0.315245
37,39,0.299030,0.299030,0.350116,0.295387,0.240658,0.358733,0.398556,0.356444,0.239223,0.328854,0.418486,0.606434,0.718336,0.658427,0.677538,0.613984,0.546681,0.499558,0.447435,0.233742,0.091800,0.073302,0.054804,0.077322,0.238351,0.403011,0.567671,0.589744,0.611817,0.615416,0.669865,0.724313,0.622532,0.520752,0.418971,0.104462,0.060702,0.129700,0.109868,0.271585,0.299803,0.328022,0.339986,0.369904,0.368515,0.271382
37,40,0.389970,0.376233,0.362496,0.350369,0.338241,0.255880,0.433870,0.398946,0.378101,0.432133,0.486166,0.584422,0.706558,0.658427,0.677538,0.613984,0.589349,0.512729,0.441052,0.175990,0.091800,0.030491,-0.030818,0.085741,0.202299,0.389156,0.576012,0.616279,0.611817,0.615416,0.669865,0.724313,0.622532,0.520752,0.418971,0.078702,0.016091,0.150740,0.096715,0.288580,0.308301,0.328022,0.360803,0.369904,0.377358,0.341040
37,41,0.389970,0.408734,0.427498,0.415715,0.403932,0.354815,0.433870,0.398946,0.459086,0.510718,0.562350,0.584422,0.706558,0.637354,0.694708,0.639075,0.522831,0.492221,0.454068,0.175990,-0.011221,-0.021020,-0.030818,0.095297,0.221411,0.398712,0.576012,0.616279,0.599751,0.615416,0.669865,0.724313,0.622532,0.520752,0.418971,0.004904,0.008183,0.145019,0.101243,0.245109,0.296654,0.348200,0.360803,0.381897,0.377358,0.354711
37,42,0.413103,0.411662,0.410221,0.410556,0.410891,0.351887,0.501506,0.397436,0.474043,0.516289,0.558534,0.594580,0.706558,0.637354,0.615457,0.639075,0.516300,0.441485,0.447577,0.116431,-0.011221,-0.043002,-0.074783,0.015142,0.124985,0.320398,0.515812,0.597811,0.599751,0.637835,0.625348,0.612861,0.577696,0.542530,0.507365,0.046637,0.008183,0.145019,0.078437,0.170408,0.239108,0.307808,0.344926,0.343228,0.341531,0.323941
37,44,0.386053,0.380814,0.375574,0.368175,0.360776,0.303782,0.381154,0.389819,0.415962,0.448264,0.480566,0.594580,0.536396,0.644314,0.649037,0.645425,0.547293,0.486109,0.441902,0.200503,0.084709,-0.034709,-0.002965,-0.019950,0.193370,0.379772,0.566174,0.640057,0.593659,0.640730,0.597781,0.554832,0.511883,0.468933,0.425984,0.259869,0.085672,0.151545,0.093134,0.188374,0.233376,0.278378,0.303733,0.329088,0.354443,0.304761
37,45,0.386053,0.365709,0.345364,0.370308,0.395251,0.318312,0.401091,0.389819,0.486840,0.546576,0.606312,0.575361,0.528202,0.644314,0.595367,0.666186,0.547525,0.499883,0.452240,0.234146,0.070811,-0.044605,0.044071,0.118721,0.193370,0.391857,0.590344,0.640057,0.623674,0.640730,0.628785,0.578085,0.527385,0.476685,0.425984,0.186911,0.069937,0.151545,0.081382,0.198097,0.239558,0.281019,0.276724,0.309474,0.342224,0.334595
37,46,0.386053,0.365709,0.345364,0.370308,0.395251,0.318312,0.401091,0.389819,0.486840,0.546576,0.606312,0.575361,0.528202,0.644314,0.595367,0.666186,0.547525,0.499883,0.452240,0.234146,0.070811,-0.044605,0.044071,0.118721,0.193370,0.391857,0.590344,0.640057,0.623674,0.640730,0.628785,0.578085,0.527385,0.476685,0.425984,0.186911,0.069937,0.151545,0.081382,0.198097,0.239558,0.281019,0.276724,0.309474,0.342224,0.334595
37,47,0.274370,0.309867,0.345364,0.323076,0.300788,0.323770,0.401091,0.325989,0.279033,0.434204,0.589375,0.542835,0.628635,0.658644,0.639902,0.682498,0.642433,0.547336,0.452240,0.233577,0.059093,-0.022306,-0.077876,0.043778,0.165432,0.350862,0.536291,0.640057,0.679894,0.640730,0.719674,0.834370,0.771487,0.708605,0.645722,0.445198,0.362564,0.315861,0.187992,0.130808,0.155155,0.179503,0.138450,0.167647,0.196844,0.196844
37,48,-0.050203,0.006594,0.063391,0.027110,-0.009172,0.027638,0.153431,0.325989,0.160366,0.261968,0.363570,0.542835,0.609403,0.658644,0.655555,0.719973,0.669083,0.530608,0.468369,0.247877,0.047974,-0.022306,-0.054621,0.041155,0.136931,0.271270,0.405608,0.542751,0.679894,0.725017,0.719674,0.834370,0.771487,0.708605,0.645722,0.445198,0.362564,0.315861,0.369225,0.087759,0.056186,0.024613,0.082023,0.139434,0.196844,0.196844
37,49,-0.022607,0.001665,0.025937,0.088960,0.151982,0.027638,0.153431,0.203947,0.160366,0.269318,0.378269,0.542835,0.604410,0.455316,0.655555,0.719973,0.671610,0.552855,0.468369,0.239831,0.047974,-0.038548,-0.054621,0.041155,0.136931,0.313966,0.491001,0.587543,0.684085,0.725017,0.706313,0.679342,0.668136,0.656929,0.645722,0.489198,0.462692,0.385549,0.308405,0.087759,0.070975,0.054191,0.037407,0.020623,0.003839,-0.011069
37,50,0.155457,0.208538,0.261620,0.206801,0.151982,0.277546,0.322161,0.203947,0.328725,0.368598,0.408470,0.576172,0.621641,0.455316,0.634399,0.728239,0.657268,0.562397,0.467527,0.254733,0.063495,-0.038165,-0.008409,0.104101,0.216611,0.353806,0.491001,0.587543,0.684085,0.725017,0.706313,0.646688,0.611806,0.576925,0.542043,0.345652,0.198729,0.168447,0.138164,0.138853,0.173427,0.208002,0.242576,0.221365,0.200154,-0.011069
37,51,0.420096,0.309992,0.363710,0.354827,0.345944,0.367038,0.434030,0.397858,0.466148,0.486360,0.506572,0.576172,0.621641,0.466882,0.625000,0.722524,0.680292,0.573910,0.467527,0.259823,0.032192,0.014673,-0.002847,0.106882,0.216611,0.411252,0.605893,0.631684,0.657475,0.688179,0.668749,0.639952,0.607316,0.574679,0.542043,0.097942,0.198729,0.168447,0.138164,0.209989,0.288714,0.367440,0.242576,0.221365,0.200154,0.290223
37,52,0.420096,0.396754,0.373412,0.391314,0.409216,0.444769,0.434030,0.397858,0.532767,0.519669,0.506572,0.633743,0.629326,0.466882,0.634369,0.714096,0.658293,0.562910,0.467527,0.220167,0.046713,-0.066321,-0.002847,0.128373,0.259593,0.415257,0.570920,0.615989,0.661057,0.688179,0.638241,0.639952,0.583673,0.527394,0.471115,0.017720,0.003343,0.058698,0.114053,0.313142,0.346847,0.380551,0.409613,0.443571,0.427731,0.427731
38,2,0.225967,0.225967,0.225967,0.252990,0.280012,0.213090,0.253772,0.286734,0.318944,0.367024,0.415104,0.488476,0.485992,0.589773,0.622633,0.630582,0.486099,0.566460,0.503209,0.100356,0.028212,0.058790,0.089369,0.125658,0.226452,0.358776,0.491101,0.578130,0.629772,0.682640,0.679980,0.677321,0.670573,0.663825,0.461983,0.287349,0.162176,0.172725,0.183274,0.182670,0.182066,0.181462,0.183897,0.202752,0.158513,0.114273
38,3,0.225967,0.225967,0.225967,0.252990,0.280012,0.213090,0.253772,0.286734,0.318944,0.367024,0.415104,0.488476,0.485992,0.589773,0.622633,0.630582,0.486099,0.566460,0.503209,0.100356,0.028212,0.058790,0.089369,0.125658,0.226452,0.358776,0.491101,0.578130,0.629772,0.682640,0.679980,0.677321,0.670573,0.663825,0.461983,0.287349,0.162176,0.172725,0.183274,0.182670,0.182066,0.181462,0.183897,0.202752,0.158513,0.114273
38,4,0.225967,0.225967,0.225967,0.191216,0.156465,0.096986,0.253772,0.286734,0.278166,0.346635,0.415104,0.470186,0.468496,0.561750,0.603372,0.611088,0.486099,0.566460,0.485382,0.108938,0.008377,0.044541,0.080705,0.110279,0.214605,0.339673,0.464741,0.578130,0.581702,0.682640,0.675989,0.669337,0.693950,0.718562,0.461983,0.261964,0.218829,0.201052,0.183274,0.182670,0.182066,0.181462,0.170442,0.132039,0.128561,0.125082
38,5,0.146550,0.146550,0.146550,0.151507,0.156465,0.099850,0.166670,0.202438,0.238207,0.313106,0.388005,0.477445,0.468496,0.457725,0.603372,0.611088,0.499653,0.576981,0.551932,0.108938,0.037935,0.059320,0.080705,0.110279,0.214605,0.346279,0.477954,0.624847,0.681658,0.672472,0.670905,0.669337,0.715630,0.626020,0.536411,0.372034,0.340726,0.287706,0.234686,0.214993,0.195300,0.175607,0.147769,0.020548,0.071908,0.123268
38,7,0.112800,0.112800,0.112800,0.166963,0.221126,0.203001,0.204925,0.206849,0.208773,0.317321,0.425870,0.494287,0.494791,0.576472,0.658153,0.656193,0.543770,0.512657,0.573983,0.126782,0.012998,0.042627,0.072256,0.075237,0.221359,0.366136,0.510913,0.635960,0.659956,0.719331,0.709734,0.700137,0.683325,0.565046,0.564241,0.330292,0.325610,0.157368,0.263671,0.188535,0.163356,0.138177,0.216189,0.126958,0.159470,0.191983
38,8,0.106012,0.106012,0.106012,0.152550,0.199087,0.203001,0.241840,0.280679,0.319519,0.389087,0.458656,0.526656,0.669523,0.680274,0.691026,0.656193,0.564084,0.499132,0.573983,0.144166,0.039303,0.055779,0.072256,0.077326,0.221359,0.324738,0.428118,0.635960,0.659956,0.719331,0.583178,0.636085,0.624539,0.612993,0.572944,0.419501,0.383388,0.213012,0.263671,0.106592,0.092777,0.078961,0.013769,0.126958,0.045416,-0.036125
38,9,0.001049,0.001049,0.001049,0.001072,0.001095,0.026082,0.099144,0.172206,0.245268,0.313628,0.381988,0.427253,0.669523,0.680274,0.691026,0.664119,0.499516,0.505035,0.571280,0.116850,0.047519,0.037169,0.026820,0.077326,0.199535,0.313826,0.428118,0.617343,0.650322,0.730024,0.671497,0.612970,0.612981,0.612993,0.572944,0.459365,0.444761,0.260138,0.336014,0.106592,0.067444,0.028295,-0.049272,-0.081286,-0.058706,-0.036125
38,10,0.061941,0.061941,0.061941,0.033039,0.004137,0.012034,0.053555,0.095076,0.136596,0.231288,0.325980,0.427156,0.620842,0.469114,0.648567,0.606682,0.515291,0.499489,0.571280,0.156012,0.070761,0.048791,0.026820,0.088422,0.221650,0.335177,0.448703,0.617343,0.605835,0.702781,0.666734,0.630687,0.638853,0.647020,0.592068,0.445811,0.444761,0.260138,0.336014,0.150811,0.123491,0.096170,-0.049272,-0.026291,-0.040741,-0.055191
38,11,0.183570,0.183570,0.183570,0.157226,0.130883,0.167848,0.204813,0.241778,0.278743,0.317670,0.356598,0.446964,0.466499,0.455571,0.570278,0.606682,0.503872,0.499489,0.493291,0.114083,0.034201,0.055213,0.076225,0.088422,0.221650,0.339181,0.456712,0.555674,0.605835,0.699000,0.664843,0.630687,0.597653,0.564619,0.592068,0.396084,0.407076,0.243073,0.279634,0.170153,0.140789,0.111424,0.010711,0.025584,0.011544,-0.002496
38,12,0.183570,0.183570,0.183570,0.157226,0.130883,0.167848,0.204813,0.241778,0.278743,0.317670,0.356598,0.446964,0.466499,0.455571,0.570278,0.606682,0.503872,0.499489,0.493291,0.114083,0.034201,0.055213,0.076225,0.088422,0.221650,0.339181,0.456712,0.555674,0.605835,0.699000,0.664843,0.630687,0.597653,0.564619,0.592068,0.396084,0.407076,0.243073,0.279634,0.170153,0.140789,0.111424,0.010711,0.025584,0.011544,-0.002496
38,13,0.183570,0.183570,0.183570,0.143018,0.102467,0.112759,0.148187,0.183616,0.219045,0.278997,0.338948,0.428586,0.466499,0.436018,0.570278,0.565408,0.503872,0.446105,0.493291,0.105211,0.034201,0.057208,0.080216,0.091723,0.222840,0.321544,0.420247,0.547774,0.590081,0.699000,0.668436,0.637871,0.600523,0.563174,0.554415,0.413029,0.407076,0.153523,0.223962,0.151467,0.119397,0.087327,0.057041,0.025584,0.034991,0.044398
38,14,0.084927,0.084927,0.084927,0.054244,0.019703,0.047163,0.070846,0.094528,0.118210,0.200653,0.283097,0.428586,0.427478,0.436018,0.524509,0.547678,0.483422,0.438171,0.497527,0.074928,0.032453,0.065915,0.099378,0.091723,0.222840,0.358920,0.495001,0.547774,0.590081,0.680185,0.659028,0.637871,0.626089,0.614308,0.602526,0.393469,0.356201,0.177522,0.223962,0.151467,0.119397,0.087327,0.126519,0.026488,0.072175,0.044398
38,15,0.022860,0.022860,0.022860,-0.018388,0.019703,-0.029699,0.035609,0.055160,0.074710,0.128381,0.182053,0.351256,0.382724,0.391500,0.524509,0.550305,0.418531,0.429707,0.508672,0.074928,-0.021718,0.038830,0.099378,0.088493,0.231697,0.347969,0.464241,0.520643,0.561777,0.685472,0.661672,0.637871,0.626089,0.614308,0.602526,0.366664,0.367619,0.191629,0.214321,0.141022,0.090902,0.040782,0.002948,-0.033014,-0.013360,-0.017552
38,16,0.022860,0.022860,0.022860,0.014938,0.016201,-0.008031,0.035609,0.078911,0.122214,0.152133,0.182053,0.410454,0.397166,0.441799,0.552765,0.531985,0.390431,0.421876,0.508672,0.097139,0.004397,0.039952,0.075506,0.088493,0.185710,0.318005,0.450300,0.475306,0.561777,0.696723,0.687754,0.678785,0.641960,0.605134,0.568309,0.380817,0.367619,0.172672,0.214321,0.114162,0.095728,0.077295,0.028912,0.022649,-0.013360,-0.037044
38,17,0.023707,0.023707,0.023707,0.014938,0.021805,-0.011212,0.042889,0.082551,0.122214,0.178401,0.234589,0.410454,0.455754,0.452433,0.552765,0.592824,0.522836,0.482214,0.510661,0.099618,0.035433,0.049381,0.063329,0.094939,0.185710,0.322619,0.459529,0.443154,0.670163,0.789598,0.734191,0.678785,0.593984,0.509183,0.587734,0.407774,0.402315,0.172672,0.275785,0.148626,0.112960,0.077295,0.031288,0.018042,0.003137,0.025284
38,18,0.025898,0.025898,0.025898,-0.008869,0.116426,0.099729,0.109269,0.118809,0.116143,0.226354,0.336565,0.425106,0.452498,0.452433,0.578564,0.592824,0.507300,0.488156,0.510661,0.099618,0.045205,0.054267,0.063329,0.094939,0.213375,0.336452,0.459529,0.463886,0.592719,0.714047,0.643344,0.572641,0.489707,0.406773,0.587734,0.436981,0.402315,0.183802,0.174318,0.210652,0.139568,0.068483,0.051231,0.018042,0.042270,0.059583
38,19,0.062708,0.062708,0.062708,0.125773,0.188838,0.115203,0.133541,0.151880,0.182148,0.273386,0.364625,0.428053,0.452498,0.434181,0.578564,0.592824,0.469082,0.460379,0.476334,0.103632,0.045205,0.082643,0.120081,0.166728,0.213375,0.331154,0.448933,0.393024,0.592719,0.714047,0.643344,0.572641,0.489707,0.406773,0.598350,0.223108,0.215587,0.158406,0.174318,0.228586,0.168761,0.108936,0.051231,0.076299,0.042270,0.124704
38,20,0.042136,0.045564,0.048991,0.115152,0.181313,0.111033,0.065869,0.151880,0.152545,0.242288,0.332031,0.428053,0.452817,0.410809,0.527546,0.532900,0.472330,0.493905,0.476334,0.102515,0.043165,0.095579,0.147992,0.138234,0.209555,0.306061,0.402566,0.332687,0.530626,0.618105,0.609870,0.581564,0.452063,0.322562,0.443639,0.223108,0.145616,0.129810,0.170351,0.228586,0.162049,0.095512,0.039362,0.079414,0.098261,0.117109
38,21,0.042136,0.045564,0.048991,0.115152,0.181313,0.111033,0.065869,0.151880,0.152545,0.242288,0.332031,0.428053,0.452817,0.410809,0.527546,0.532900,0.472330,0.493905,0.476334,0.102515,0.043165,0.095579,0.147992,0.138234,0.209555,0.306061,0.402566,0.332687,0.530626,0.618105,0.609870,0.581564,0.452063,0.322562,0.443639,0.223108,0.145616,0.129810,0.170351,0.228586,0.162049,0.095512,0.039362,0.079414,0.098261,0.117109
38,22,0.099166,0.119703,0.140240,0.160776,0.181313,0.111033,0.234857,0.194855,0.154853,0.280218,0.405582,0.394817,0.462913,0.560219,0.527546,0.532900,0.472330,0.515519,0.491340,0.099310,0.083959,0.115975,0.147992,0.179054,0.273472,0.394426,0.515380,0.528352,0.530626,0.618105,0.596552,0.574998,0.421551,0.268103,0.443639,0.294628,0.145616,0.129810,0.170351,0.240321,0.279253,0.318185,0.061684,0.185041,0.193733,0.202424
38,23,0.099166,0.136150,0.173133,0.210116,0.247099,0.176833,0.255148,0.162494,0.354683,0.394858,0.435033,0.515863,0.681324,0.590835,0.526061,0.557925,0.485635,0.541910,0.491340,0.165484,0.061827,0.115465,0.169102,0.221287,0.273472,0.417885,0.562298,0.492940,0.543205,0.618105,0.567091,0.516076,0.398518,0.280959,0.519001,0.309680,0.100358,0.116485,0.132611,0.254189,0.285205,0.316221,0.341409,0.185041,0.253848,0.322655
38,24,0.273051,0.273051,0.273051,0.273051,0.273051,0.188904,0.255148,0.285859,0.316570,0.375801,0.435033,0.515863,0.681324,0.594083,0.678295,0.557925,0.491216,0.541910,0.537296,0.170666,0.098026,0.092431,0.086836,0.089533,0.237456,0.395558,0.553660,0.492940,0.658807,0.633968,0.636135,0.638302,0.473009,0.307716,0.519001,0.159118,0.100358,0.160449,0.123165,0.156991,0.190816,0.224641,0.296376,0.247263,0.181793,0.186740
38,30,0.077019,0.077019,0.077019,0.055739,0.034458,0.036449,0.040783,0.045117,0.099836,0.126217,0.152599,0.348907,0.330741,0.306030,0.229257,0.358588,0.459374,0.375177,0.339585,0.180322,0.233376,0.258270,0.283164,0.308058,0.332953,0.404521,0.476089,0.282976,0.550844,0.545699,0.584463,0.440477,0.450880,0.461283,0.471685,0.397938,0.335564,0.300470,0.265375,0.296943,0.267718,0.238493,0.194278,0.190510,0.148717,0.119660
38,31,0.077019,0.077019,0.077019,0.055739,0.034458,0.036449,0.040783,0.045117,0.099836,0.126217,0.152599,0.348907,0.330741,0.306030,0.229257,0.358588,0.459374,0.375177,0.339585,0.180322,0.233376,0.258270,0.283164,0.308058,0.332953,0.404521,0.476089,0.282976,0.550844,0.545699,0.584463,0.440477,0.450880,0.461283,0.471685,0.397938,0.335564,0.300470,0.265375,0.296943,0.267718,0.238493,0.194278,0.190510,0.148717,0.119660
38,32,0.027297,0.027297,0.027297,0.026665,0.026033,-0.004491,0.038339,0.118874,0.102465,0.170214,0.237963,0.348907,0.286424,0.306030,0.423064,0.358588,0.471316,0.360155,0.392381,0.221334,0.233376,0.242429,0.251483,0.274156,0.296830,0.367743,0.438657,0.412733,0.506308,0.545699,0.505681,0.509777,0.500537,0.491298,0.482059,0.337484,0.283276,0.239892,0.196509,0.331897,0.259119,0.186342,0.194278,0.074769,0.081696,0.119660
38,33,0.097580,0.126103,0.154625,0.104788,0.054950,0.133748,0.038339,0.118874,0.199383,0.241902,0.284422,0.485199,0.592201,0.427055,0.534980,0.368332,0.562046,0.461161,0.392381,0.168884,0.071331,0.161407,0.251483,0.259800,0.268118,0.322849,0.377580,0.412733,0.562001,0.597978,0.454287,0.461230,0.468173,0.475116,0.482059,0.254405,0.161302,0.138302,0.115302,0.103463,0.070157,0.036850,0.037812,0.071843,0.119414,0.003331
38,34,0.140022,0.131400,0.154625,0.248597,0.342569,0.133748,0.178624,0.298700,0.418776,0.404729,0.390682,0.485199,0.592201,0.515426,0.534980,0.657007,0.562046,0.491049,0.452538,0.209039,0.064563,0.065799,0.067035,0.167577,0.268118,0.384692,0.501266,0.427044,0.562001,0.597978,0.573196,0.548414,0.523632,0.498850,0.474068,0.254405,0.161302,0.209740,0.115302,0.128956,0.155357,0.181758,0.172930,0.316989,0.119414,0.262823
38,35,0.268746,0.218629,0.332409,0.326062,0.319715,0.275900,0.256050,0.307706,0.359362,0.405021,0.450681,0.528858,0.592201,0.607683,0.686543,0.657007,0.665139,0.522698,0.452538,0.201978,0.012238,0.009981,0.007725,0.123634,0.239543,0.390548,0.541554,0.579779,0.637931,0.612831,0.516818,0.420806,0.438560,0.456314,0.474068,0.250876,0.027685,0.040760,0.053835,0.160562,0.220062,0.279563,0.311226,0.316989,0.227768,0.372996
38,36,0.277547,0.277547,0.277547,0.298631,0.319715,0.243403,0.229522,0.294442,0.359362,0.389969,0.420576,0.528858,0.647456,0.607683,0.674038,0.644846,0.653422,0.453672,0.450418,0.226115,0.037424,0.118161,0.198898,0.168187,0.213323,0.386466,0.559608,0.579779,0.637931,0.612831,0.492832,0.372834,0.396728,0.420622,0.444516,0.236100,0.027685,0.040760,0.053835,0.202136,0.247278,0.292420,0.298299,0.340025,0.234450,0.372996
38,37,0.217900,0.217900,0.217900,0.214855,0.211811,0.138955,0.277720,0.306357,0.334994,0.328550,0.322106,0.480211,0.647456,0.563192,0.683576,0.644846,0.520351,0.453672,0.450418,0.201534,0.119623,0.159261,0.198898,0.141197,0.272526,0.376252,0.479979,0.530469,0.580960,0.612831,0.569276,0.525722,0.482167,0.438613,0.395058,0.154512,0.107634,0.124916,0.097052,0.202136,0.190902,0.179668,0.172034,0.163218,0.234450,0.259476
38,38,0.228672,0.228672,0.228672,0.234665,0.240658,0.277290,0.277720,0.258471,0.239223,0.280664,0.322106,0.480211,0.647456,0.563192,0.677538,0.613984,0.515901,0.446717,0.419595,0.181006,0.072299,0.094998,0.117697,0.141197,0.272526,0.391766,0.511007,0.542711,0.574415,0.577745,0.578143,0.578541,0.517380,0.456219,0.395058,0.104462,0.107634,0.124916,0.127404,0.187428,0.239961,0.292494,0.294161,0.274286,0.265159,0.258149
38,39,0.358226,0.362214,0.366203,0.360004,0.353805,0.306790,0.392684,0.398946,0.394823,0.392301,0.389778,0.590206,0.703053,0.563192,0.677538,0.613984,0.562827,0.453198,0.419595,0.137119,0.041065,0.079381,0.117697,0.132010,0.204305,0.357656,0.511007,0.577407,0.574415,0.577745,0.554681,0.531618,0.508554,0.485490,0.462427,0.062219,0.016091,0.150740,0.127404,0.240473,0.266483,0.292494,0.314875,0.274286,0.334624,0.368942
38,40,0.358226,0.362214,0.366203,0.360004,0.353805,0.306790,0.392684,0.398946,0.394823,0.392301,0.389778,0.590206,0.703053,0.563192,0.677538,0.613984,0.562827,0.453198,0.419595,0.137119,0.041065,0.079381,0.117697,0.132010,0.204305,0.357656,0.511007,0.577407,0.574415,0.577745,0.554681,0.531618,0.508554,0.485490,0.462427,0.062219,0.016091,0.150740,0.127404,0.240473,0.266483,0.292494,0.314875,0.274286,0.334624,0.368942
38,41,0.358226,0.386767,0.415307,0.419893,0.424479,0.366088,0.392684,0.398946,0.445923,0.489551,0.533179,0.590206,0.703053,0.644632,0.736070,0.657491,0.540355,0.485432,0.419595,0.137119,-0.007229,-0.011423,-0.015618,0.002445,0.170330,0.342260,0.514191,0.577407,0.574709,0.577745,0.586933,0.596121,0.551556,0.506992,0.462427,0.184966,0.200647,0.150740,0.116919,0.251270,0.274524,0.297778,0.314875,0.350341,0.334624,0.295310
38,42,0.465108,0.472300,0.479493,0.480655,0.481817,0.433441,0.501506,0.468668,0.542447,0.550490,0.558534,0.590206,0.703053,0.644632,0.736070,0.657491,0.582057,0.511829,0.430896,0.151014,-0.007229,-0.062272,-0.117315,-0.003360,0.095168,0.256589,0.418009,0.487343,0.574709,0.637835,0.640533,0.596121,0.551556,0.506992,0.462427,0.421234,0.200647,0.255058,0.134023,0.170535,0.208195,0.245856,0.217902,0.237720,0.257537,0.040388
38,44,0.288757,0.337026,0.385295,0.353228,0.321162,0.319434,0.417015,0.343252,0.415962,0.476966,0.537969,0.591008,0.543200,0.644314,0.753349,0.664795,0.594017,0.495107,0.441902,0.204359,0.009687,-0.080514,-0.096614,-0.019950,0.076385,0.266051,0.455716,0.546362,0.637009,0.674348,0.664220,0.654091,0.620463,0.586834,0.553206,0.379800,0.361007,0.207024,0.176155,0.113696,0.121688,0.129680,0.119504,0.109328,0.099151,0.029792
38,45,0.394841,0.407576,0.420311,0.407781,0.395251,0.391297,0.401476,0.343252,0.504937,0.449450,0.393962,0.591008,0.541481,0.644314,0.753349,0.682498,0.602620,0.491464,0.441902,0.216912,0.070811,-0.119067,0.044071,0.074217,0.104362,0.349419,0.594476,0.615743,0.637009,0.674348,0.661329,0.615866,0.594979,0.574093,0.553206,0.127626,0.336203,0.207024,0.176155,0.236586,0.283778,0.330969,0.335753,0.340536,0.345320,0.184155
38,46,0.420311,0.420311,0.420311,0.407733,0.395155,0.126621,0.401476,0.325989,0.359992,0.377297,0.394602,0.591008,0.628635,0.640415,0.749840,0.682498,0.623283,0.491464,0.462284,0.217724,0.059916,-0.038701,-0.030630,0.072855,0.176339,0.366796,0.557253,0.607061,0.656870,0.674348,0.661329,0.665411,0.635417,0.605424,0.575431,0.393869,0.362564,0.250550,0.155675,0.181534,0.234729,0.287925,0.250075,0.212224,0.174373,0.174373
38,48,0.037634,0.037634,0.037634,0.092533,0.147433,-0.007632,0.322161,0.257484,0.106631,0.224533,0.342435,0.536862,0.598831,0.465475,0.622289,0.705892,0.661883,0.537342,0.460334,0.236390,0.065615,-0.027344,-0.058575,0.046685,0.151945,0.319336,0.486727,0.571954,0.657180,0.725017,0.706313,0.647024,0.617027,0.587031,0.557034,0.480675,0.418867,0.360161,0.301455,0.093920,0.094437,0.094955,0.078760,0.062564,0.046369,0.210351
38,49,0.037634,0.037634,0.037634,0.092533,0.147433,-0.007632,0.322161,0.257484,0.106631,0.224533,0.342435,0.536862,0.598831,0.465475,0.622289,0.705892,0.661883,0.537342,0.460334,0.236390,0.065615,-0.027344,-0.058575,0.046685,0.151945,0.319336,0.486727,0.571954,0.657180,0.725017,0.706313,0.647024,0.617027,0.587031,0.557034,0.480675,0.418867,0.360161,0.301455,0.093920,0.094437,0.094955,0.078760,0.062564,0.046369,0.210351
38,50,0.297557,0.299026,0.300495,0.223964,0.147433,0.280610,0.322161,0.350609,0.379057,0.419637,0.460217,0.576172,0.603319,0.465475,0.616431,0.694546,0.638611,0.537342,0.460334,0.220513,0.060414,-0.032997,0.031357,0.128787,0.226218,0.427609,0.629001,0.643090,0.657180,0.652507,0.706313,0.600170,0.585791,0.571413,0.557034,0.182973,0.418867,0.288334,0.157802,0.163430,0.198261,0.233091,0.267922,0.302753,0.335825,0.210351
38,51,0.295714,0.295714,0.363710,0.362926,0.362141,0.390971,0.423038,0.437075,0.451112,0.445830,0.440548,0.613553,0.603319,0.435364,0.625000,0.670572,0.613350,0.540439,0.467527,0.236372,0.072120,-0.032997,0.031357,0.128787,0.226218,0.409278,0.592337,0.624906,0.657475,0.652507,0.637394,0.575850,0.532195,0.488540,0.444885,0.082137,0.068792,0.071818,0.074844,0.209989,0.261365,0.312740,0.299500,0.376928,0.417292,0.351076
38,52,0.338999,0.372720,0.355352,0.382284,0.409216,0.419189,0.423038,0.433787,0.444535,0.442541,0.440548,0.613553,0.530269,0.435364,0.616494,0.688185,0.627403,0.547465,0.467527,0.243646,0.046713,0.064151,0.081590,0.170592,0.259593,0.411644,0.563694,0.594379,0.625063,0.652507,0.627186,0.588862,0.524230,0.459598,0.394966,0.017720,0.003343,0.043118,0.082893,0.263281,0.298046,0.332811,0.353557,0.376928,0.417292,0.417292
39,0,0.054339,0.054339,0.054339,0.083073,0.111807,0.114839,0.085681,0.291025,0.314707,0.362858,0.411008,0.511645,0.526992,0.631036,0.653451,0.635580,0.586298,0.590195,0.555070,0.112505,0.027340,0.042918,0.058497,0.074076,0.219034,0.350132,0.481230,0.615231,0.659341,0.727793,0.669193,0.610593,0.635444,0.660294,0.492617,0.376067,0.318346,0.189292,0.252630,0.182780,0.112931,0.043082,0.044954,0.067793,0.088090,0.108387
39,1,0.163107,0.163107,0.163107,0.137220,0.111332,0.082940,0.168374,0.232613,0.187091,0.299050,0.411008,0.519135,0.516434,0.490043,0.670105,0.630582,0.533821,0.590195,0.527550,0.119403,0.033982,0.047346,0.060711,0.074076,0.178538,0.337520,0.496502,0.608460,0.618295,0.654650,0.691006,0.677321,0.714836,0.752352,0.552006,0.377516,0.318346,0.182658,0.252630,0.226125,0.199620,0.173115,0.152570,0.067793,0.090731,0.113670
39,2,0.260806,0.260806,0.260806,0.266497,0.272188,0.203708,0.299432,0.232613,0.359496,0.404957,0.450417,0.526637,0.510818,0.599512,0.670105,0.630582,0.474648,0.568247,0.527550,0.059940,0.033982,0.038873,0.043765,0.074076,0.178538,0.282050,0.385561,0.578130,0.618295,0.626180,0.651751,0.677321,0.817225,0.682140,0.491833,0.287349,0.248243,0.231745,0.215248,0.179848,0.144448,0.109048,0.152570,0.125758,0.125420,0.125082
39,3,0.260806,0.260806,0.260806,0.217647,0.174488,0.131826,0.299432,0.181706,0.269524,0.359971,0.450417,0.489415,0.460084,0.599512,0.610882,0.606202,0.474648,0.568247,0.452104,0.062673,0.006409,-0.052791,-0.111991,0.077789,0.160334,0.255403,0.350472,0.570120,0.592072,0.626180,0.661512,0.696843,0.726811,0.756780,0.491833,0.345027,0.324076,0.279381,0.234686,0.192807,0.150927,0.109048,0.051215,-0.001013,0.007782,0.016577
39,4,0.087528,0.087528,0.087528,0.056563,0.025598,-0.020434,0.126724,0.181706,0.069679,0.196724,0.323768,0.489415,0.460084,0.457725,0.610882,0.606202,0.488443,0.568247,0.452104,0.062673,0.006409,0.026245,0.046081,0.077789,0.160334,0.319144,0.477954,0.615023,0.666182,0.676402,0.686623,0.696843,0.707849,0.645161,0.582474,0.437781,0.385587,0.310136,0.234686,0.176876,0.119065,0.061255,0.015094,0.020548,0.018562,0.016577
39,5,0.087528,0.087528,0.087528,0.056563,0.025598,-0.020434,0.126724,0.181706,0.069679,0.196724,0.323768,0.489415,0.460084,0.457725,0.610882,0.606202,0.488443,0.568247,0.452104,0.062673,0.006409,0.026245,0.046081,0.077789,0.160334,0.319144,0.477954,0.615023,0.666182,0.676402,0.686623,0.696843,0.707849,0.645161,0.582474,0.437781,0.385587,0.310136,0.234686,0.176876,0.119065,0.061255,0.015094,0.020548,0.018562,0.016577
39,6,-0.011994,-0.011994,-0.011994,0.024168,0.060331,0.001461,0.059594,0.117726,0.097699,0.210734,0.323768,0.432851,0.456932,0.580603,0.615591,0.606202,0.523404,0.490824,0.522923,0.088864,0.013249,0.018503,0.023757,0.039778,0.207984,0.346689,0.485393,0.615023,0.666182,0.764105,0.730474,0.696843,0.707849,0.645161,0.582474,0.439071,0.402505,0.354064,0.305622,0.213684,0.121747,0.029809,-0.014102,0.009793,-0.008120,-0.026034
39,10,0.204135,0.204135,0.204135,0.237318,0.270502,0.218482,0.217850,0.217217,0.216585,0.338492,0.460399,0.486333,0.647225,0.647896,0.648567,0.590998,0.525530,0.568797,0.592112,0.139945,0.060050,0.077188,0.094326,0.130255,0.236680,0.358803,0.480926,0.597461,0.630799,0.705122,0.695160,0.685198,0.627239,0.569279,0.527892,0.413522,0.272549,0.104868,0.206110,0.190282,0.175036,0.159790,0.127387,0.181390,0.180236,0.179082
39,11,0.061303,0.061303,0.061303,0.098262,0.135221,0.048444,0.082606,0.116769,0.150932,0.241326,0.331721,0.486333,0.424854,0.492194,0.559535,0.590998,0.480730,0.532638,0.493291,0.135609,0.062315,0.078078,0.093842,0.130255,0.253175,0.354864,0.456554,0.597461,0.630799,0.710473,0.697835,0.685198,0.614892,0.544585,0.527892,0.413522,0.407076,0.148377,0.279634,0.159225,0.122872,0.086518,0.127387,0.181390,0.089447,-0.002496
39,13,-0.006419,-0.006419,-0.006419,0.013731,-0.010423,0.040700,0.056061,0.071421,0.086782,0.177374,0.267967,0.378721,0.388995,0.421941,0.519782,0.539964,0.461256,0.438171,0.340367,0.094538,0.052318,0.070942,0.089566,0.091723,0.222840,0.329358,0.435875,0.528129,0.591181,0.683391,0.677585,0.671779,0.604724,0.537669,0.541077,0.404658,0.286601,0.174722,0.253357,0.141687,0.109893,0.078100,0.029719,0.026488,0.026488,0.026488
39,14,-0.009290,-0.009290,-0.009290,-0.009856,-0.010423,-0.052459,0.001761,0.019919,0.038077,0.153022,0.267967,0.351256,0.369568,0.391500,0.519782,0.492219,0.464745,0.385986,0.340367,0.094538,0.044380,0.066973,0.089566,0.087730,0.217678,0.323429,0.429180,0.535310,0.624084,0.654814,0.666800,0.678785,0.608227,0.537669,0.541077,0.457717,0.280243,0.169983,0.295473,0.118774,0.072081,0.025388,-0.013397,-0.037363,-0.037363,-0.037363
39,15,-0.009290,-0.009290,-0.009290,-0.009856,-0.010423,-0.052459,0.001761,0.019919,0.038077,0.153022,0.267967,0.351256,0.369568,0.391500,0.519782,0.492219,0.464745,0.385986,0.340367,0.094538,0.044380,0.066973,0.089566,0.087730,0.217678,0.323429,0.429180,0.535310,0.624084,0.654814,0.666800,0.678785,0.608227,0.537669,0.541077,0.457717,0.280243,0.169983,0.295473,0.118774,0.072081,0.025388,-0.013397,-0.037363,-0.037363,-0.037363
39,16,-0.009290,-0.009290,-0.009290,0.011555,0.032400,0.057593,0.001761,0.030436,0.059112,0.152257,0.245403,0.368489,0.352911,0.402384,0.568794,0.531985,0.390431,0.380139,0.336092,0.102310,0.004397,0.044736,0.085074,0.087730,0.207381,0.329492,0.451602,0.443154,0.617108,0.693343,0.686064,0.678785,0.555174,0.431563,0.552585,0.418544,0.280243,0.169983,0.295473,0.114162,0.080220,0.046278,0.048209,0.013181,0.009916,0.006651
39,17,-0.004762,-0.004762,-0.004762,0.000156,0.005075,-0.032750,0.014017,0.039131,0.064246,0.191919,0.319592,0.397885,0.447022,0.462340,0.568794,0.648930,0.523239,0.486762,0.336092,0.205964,0.075836,0.073720,0.071605,0.085017,0.207381,0.336794,0.466207,0.400283,0.617108,0.789598,0.734191,0.678785,0.560550,0.442314,0.635137,0.449662,0.325930,0.202198,0.275785,0.109896,0.078087,0.046278,-0.011826,-0.043678,-0.029762,-0.010912
39,18,-0.048998,-0.048998,-0.048998,-0.030773,-0.012548,-0.033205,-0.000721,0.031762,0.064246,0.180301,0.296357,0.397885,0.463204,0.462340,0.640357,0.648930,0.535714,0.508849,0.353522,0.217337,0.081153,0.076379,0.071605,0.085017,0.183242,0.324724,0.466207,0.400283,0.660434,0.714047,0.731822,0.749598,0.585515,0.421433,0.684734,0.442784,0.410211,0.263263,0.313104,0.123337,0.061200,-0.000937,-0.029551,-0.043678,-0.061963,-0.040072
39,19,-0.053912,-0.053912,-0.053912,-0.030766,-0.007620,-0.034455,0.004854,0.044163,0.083472,0.202935,0.322399,0.443179,0.596237,0.467381,0.640357,0.648930,0.532265,0.460379,0.362852,0.222003,0.081153,0.083739,0.086325,0.082614,0.183242,0.334774,0.486306,0.364201,0.660434,0.714047,0.731822,0.749598,0.585515,0.421433,0.551776,0.446184,0.410211,0.274177,0.313104,0.123337,0.062000,0.000663,-0.029551,-0.072574,-0.061963,-0.058196
39,20,-0.030700,-0.030700,-0.030700,-0.029489,-0.028278,-0.034455,-0.001566,0.055059,0.111685,0.221303,0.330920,0.390430,0.554987,0.410809,0.527546,0.622115,0.560023,0.428971,0.345702,0.117416,0.063101,0.059633,0.056164,0.138234,0.209555,0.331241,0.452926,0.328363,0.624821,0.630827,0.690212,0.749598,0.575227,0.400856,0.429999,0.446184,0.351151,0.311982,0.272814,0.121941,0.056335,-0.009271,-0.044062,-0.082556,-0.075437,-0.068318
39,21,0.099166,0.067305,0.035444,0.003583,-0.028278,-0.032193,0.093412,0.049849,0.006285,0.063593,0.120900,0.394817,0.554987,0.489071,0.526061,0.622115,0.560023,0.340888,0.345702,0.070170,-0.057328,-0.000582,0.056164,0.130215,0.206207,0.284310,0.362412,0.289096,0.543205,0.630827,0.479358,0.449929,0.360993,0.272057,0.429999,0.372572,0.351151,0.067326,0.065965,0.064604,0.100734,0.136864,0.061684,0.185041,0.062024,-0.060994
39,22,0.000066,0.000066,0.000066,0.000066,0.000066,-0.031305,0.065595,0.162494,0.224872,0.172886,0.120900,0.411248,0.526800,0.508977,0.526061,0.557925,0.405390,0.451904,0.362157,0.105281,0.033150,0.101126,0.169102,0.130215,0.206207,0.309675,0.413142,0.296872,0.543205,0.630827,0.636937,0.516076,0.389183,0.262291,0.417457,0.252050,0.297558,0.235145,0.172731,0.137782,0.175105,0.212428,0.141023,0.247263,0.198678,0.140333
39,23,0.067403,0.067403,0.067403,0.067403,0.067403,0.067105,0.128732,0.190360,0.251987,0.321087,0.390187,0.438495,0.526800,0.508977,0.558210,0.557925,0.624589,0.451904,0.537296,0.134998,0.079044,0.129632,0.180220,0.110756,0.214173,0.350378,0.486583,0.530031,0.573479,0.633968,0.581520,0.529071,0.400908,0.272744,0.417457,0.393128,0.193223,0.077227,0.123165,0.220624,0.209493,0.198361,0.174891,0.247263,0.198678,0.135384
39,24,0.067403,0.067403,0.067403,0.067403,0.067403,0.067105,0.128732,0.190360,0.251987,0.321087,0.390187,0.438495,0.526800,0.508977,0.558210,0.557925,0.624589,0.451904,0.537296,0.134998,0.079044,0.129632,0.180220,0.110756,0.214173,0.350378,0.486583,0.530031,0.573479,0.633968,0.581520,0.529071,0.400908,0.272744,0.417457,0.393128,0.193223,0.077227,0.123165,0.220624,0.209493,0.198361,0.174891,0.247263,0.198678,0.135384
39,25,0.206526,0.206526,0.206526,0.206526,0.206526,0.196401,0.182355,0.168309,0.154263,0.272225,0.390187,0.438495,0.418807,0.464272,0.558210,0.546405,0.508131,0.455284,0.537296,0.289933,0.042570,0.088428,0.134286,0.110756,0.214173,0.353931,0.493688,0.273161,0.573479,0.633968,0.581520,0.529071,0.400908,0.272744,0.467545,0.204572,0.193223,0.095351,0.123165,0.148022,0.160881,0.173741,0.150887,0.198174,0.108457,0.135384
39,26,-0.029479,-0.029479,-0.029479,-0.029479,-0.029479,-0.019473,0.038439,0.096351,0.154263,0.197330,0.240397,0.360720,0.299715,0.464272,0.434463,0.546405,0.464420,0.442832,0.381672,0.212121,0.042570,0.088428,0.134286,0.110756,0.184560,0.309431,0.434303,0.274157,0.502632,0.633968,0.533944,0.529071,0.497644,0.466217,0.434790,0.280872,0.277223,0.091777,0.161341,0.148022,0.160881,0.173741,0.107828,0.003517,0.108457,0.093497
39,29,0.002661,0.002661,0.002661,-0.026387,-0.055436,-0.066185,-0.063107,-0.060029,-0.056951,0.027815,0.112582,0.232769,0.184309,0.238571,0.127234,0.297233,0.164581,0.166407,0.246105,0.113712,-0.047630,0.023398,0.094425,0.185918,0.277411,0.350555,0.423699,0.261468,0.461402,0.474590,0.484510,0.394275,0.402481,0.410688,0.418895,0.088789,0.135861,0.093920,0.051979,0.117098,0.083961,0.050824,0.124328,-0.080196,-0.042973,0.056638
39,30,0.053095,0.053095,0.053095,0.007995,-0.037106,0.005499,0.034344,0.063190,0.092035,0.102308,0.112582,0.333188,0.303797,0.238571,0.229257,0.319102,0.318432,0.283029,0.339585,0.113712,0.075302,0.162458,0.249614,0.263513,0.277411,0.350555,0.423699,0.282976,0.461402,0.474590,0.484510,0.440477,0.440886,0.441294,0.441702,0.370156,0.135861,0.287052,0.051979,0.117098,0.158815,0.200533,0.142904,0.067633,-0.007639,0.100531
39,31,0.058706,0.058706,0.058706,0.039780,0.020854,0.009876,0.081492,0.094886,0.108281,0.177872,0.247463,0.333188,0.353212,0.331836,0.380533,0.319102,0.406945,0.374791,0.339585,0.141747,0.071331,0.161407,0.251483,0.255146,0.258809,0.317261,0.375713,0.296948,0.454338,0.545699,0.522399,0.499100,0.479967,0.460835,0.441702,0.233932,0.283276,0.287052,0.194824,0.173544,0.147457,0.121369,0.142904,0.077568,0.081696,0.100531
39,32,0.140022,0.157202,0.174383,0.154061,0.133739,0.144366,0.081492,0.154546,0.293123,0.322493,0.351864,0.420103,0.592201,0.475164,0.620065,0.452936,0.601839,0.461161,0.392381,0.176711,0.099526,0.104101,0.108675,0.184558,0.260441,0.321817,0.383192,0.401872,0.587469,0.597978,0.574794,0.551610,0.528426,0.505243,0.482059,0.355575,0.279780,0.223498,0.193922,0.103463,0.095826,0.088189,0.077599,0.077285,0.129430,0.048743
39,33,0.140022,0.157202,0.174383,0.154061,0.133739,0.144366,0.081492,0.154546,0.293123,0.322493,0.351864,0.420103,0.592201,0.475164,0.620065,0.452936,0.601839,0.461161,0.392381,0.176711,0.099526,0.104101,0.108675,0.184558,0.260441,0.321817,0.383192,0.401872,0.587469,0.597978,0.574794,0.551610,0.528426,0.505243,0.482059,0.355575,0.279780,0.223498,0.193922,0.103463,0.095826,0.088189,0.077599,0.077285,0.129430,0.048743
39,34,0.140022,0.170778,0.174383,0.215106,0.255829,0.144366,0.207881,0.292362,0.376842,0.418354,0.459865,0.517114,0.592201,0.610725,0.620065,0.676936,0.601839,0.498523,0.435339,0.243402,0.099526,0.083281,0.067035,0.163738,0.260441,0.386309,0.512177,0.506413,0.587469,0.597978,0.608252,0.658633,0.597465,0.536297,0.475129,0.355575,0.279780,0.223498,0.193922,0.158686,0.200476,0.242265,0.203691,0.221683,0.129430,0.169959
39,35,0.215135,0.180604,0.289870,0.284460,0.279050,0.208451,0.341427,0.359135,0.376842,0.395098,0.413354,0.528858,0.592201,0.630073,0.686543,0.676936,0.571404,0.479161,0.448009,0.211365,0.069181,0.065541,0.061901,0.153570,0.245239,0.393396,0.541554,0.574076,0.637931,0.624432,0.542736,0.571877,0.539628,0.507378,0.475129,0.183409,0.120584,0.127342,0.134100,0.186757,0.233160,0.279563,0.331065,0.221683,0.302000,0.297264
39,37,0.241831,0.241831,0.241831,0.260955,0.280080,0.228293,0.250992,0.296513,0.342034,0.405174,0.468313,0.557373,0.647456,0.626695,0.683576,0.644846,0.563869,0.487608,0.448009,0.208399,0.043116,0.066445,0.089774,0.053591,0.241332,0.374272,0.507212,0.636831,0.593745,0.624432,0.595836,0.567239,0.520142,0.473046,0.425949,0.266791,0.107634,0.142412,0.097052,0.191763,0.238362,0.284962,0.314024,0.343087,0.301848,0.271300
39,38,0.313915,0.313915,0.313915,0.287540,0.261166,0.209856,0.309057,0.325546,0.342034,0.405174,0.468313,0.557373,0.647456,0.626695,0.689688,0.648215,0.515901,0.495863,0.417902,0.170044,0.072299,0.061181,0.050062,0.103423,0.256271,0.408357,0.560443,0.636831,0.609822,0.577745,0.572492,0.567239,0.520142,0.473046,0.425949,0.132823,0.015963,0.164272,0.102222,0.314144,0.344062,0.373980,0.407483,0.440985,0.399122,0.258149
39,39,0.382542,0.384746,0.386951,0.374129,0.361307,0.310880,0.423338,0.419266,0.415194,0.464399,0.513603,0.561491,0.703053,0.626695,0.689688,0.648215,0.509327,0.514268,0.417902,0.201277,0.037042,0.043552,0.050062,0.103423,0.256271,0.408357,0.560443,0.659248,0.609822,0.577745,0.556265,0.534785,0.491707,0.448630,0.405552,0.024719,0.015963,0.164272,0.102222,0.352458,0.363219,0.373980,0.377324,0.350341,0.399122,0.353469
39,40,0.382542,0.389631,0.396720,0.389652,0.382584,0.357043,0.506159,0.479115,0.452072,0.475775,0.499479,0.561491,0.703053,0.644632,0.707894,0.638646,0.555652,0.485432,0.419595,0.201277,0.037042,0.075681,0.114320,-0.003360,0.260597,0.421827,0.583057,0.595798,0.608539,0.577745,0.586697,0.564871,0.511765,0.458658,0.405552,0.113256,0.049895,0.147652,0.121216,0.251270,0.307121,0.362972,0.377324,0.350341,0.376195,0.374761
39,41,0.393481,0.421278,0.449074,0.443452,0.437829,0.407624,0.506159,0.488518,0.470878,0.529065,0.587251,0.618601,0.703053,0.644632,0.707894,0.638646,0.568682,0.512277,0.432466,0.233215,0.057415,0.067141,0.076868,-0.034365,0.167481,0.367552,0.567624,0.660624,0.608539,0.618441,0.591656,0.564871,0.545749,0.526627,0.507504,0.045822,0.049895,0.147652,0.121216,0.193673,0.265322,0.336971,0.354109,0.343616,0.257537,0.403137
39,42,0.393481,0.421278,0.449074,0.443452,0.437829,0.407624,0.506159,0.488518,0.470878,0.529065,0.587251,0.618601,0.703053,0.644632,0.707894,0.638646,0.568682,0.512277,0.432466,0.233215,0.057415,0.067141,0.076868,-0.034365,0.167481,0.367552,0.567624,0.660624,0.608539,0.618441,0.591656,0.564871,0.545749,0.526627,0.507504,0.045822,0.049895,0.147652,0.121216,0.193673,0.265322,0.336971,0.354109,0.343616,0.257537,0.403137
39,43,0.288757,0.318006,0.347256,0.392542,0.437829,0.273290,0.331510,0.383500,0.435489,0.447170,0.458850,0.618601,0.583792,0.649104,0.729094,0.664795,0.568682,0.483624,0.439176,0.224982,-0.001740,-0.049177,-0.096614,-0.034365,0.110094,0.257516,0.404939,0.476640,0.548342,0.618441,0.600664,0.582887,0.557760,0.532632,0.507504,0.193312,0.128770,0.244950,0.195891,0.104379,0.145820,0.187261,0.385038,0.245783,0.099151,0.403137
39,44,0.041810,0.105565,0.169319,0.221106,0.272894,0.149382,0.331510,0.343252,0.318986,0.361828,0.404669,0.516110,0.539238,0.649104,0.729094,0.664795,0.588858,0.485972,0.439176,0.145092,-0.002459,-0.049536,-0.096614,-0.073364,0.081242,0.194467,0.307692,0.525770,0.567368,0.682656,0.604331,0.526007,0.519839,0.513672,0.507504,0.361670,0.336203,0.244950,0.208786,0.104379,0.083227,0.062076,0.074434,0.086793,0.099151,0.094004
39,45,0.041810,0.056038,0.070265,0.099570,0.128874,0.055634,0.070507,0.137662,0.204817,0.287358,0.369899,0.516110,0.565932,0.649104,0.769498,0.700403,0.637873,0.508335,0.453810,0.251074,0.037496,-0.008892,-0.055280,-0.093763,0.063450,0.211205,0.358961,0.525770,0.567368,0.682656,0.688208,0.596679,0.611545,0.626410,0.641276,0.420153,0.336203,0.280779,0.225355,0.096958,0.075211,0.053463,0.049272,0.045082,0.040892,-0.060953
39,48,0.029641,0.029641,0.034708,0.051771,0.068834,0.007183,0.309065,0.247538,0.186010,0.270980,0.355949,0.564173,0.569800,0.437810,0.635728,0.706424,0.642447,0.533867,0.441204,0.233748,0.070481,-0.097884,-0.022668,0.058746,0.140159,0.265402,0.390646,0.523913,0.657180,0.716122,0.676417,0.659647,0.649230,0.638813,0.628396,0.460846,0.394198,0.332700,0.271203,0.112821,0.103888,0.094955,0.072289,0.049623,0.026957,0.172881
39,49,0.248845,0.091316,0.228356,0.148595,0.068834,0.280610,0.309065,0.315670,0.322275,0.374508,0.426741,0.564173,0.569800,0.437810,0.580860,0.670572,0.640380,0.533867,0.441204,0.230604,0.091050,-0.020669,0.083655,0.111907,0.140159,0.365699,0.591240,0.605654,0.620069,0.626622,0.676417,0.583906,0.537565,0.491225,0.444885,0.318693,0.394198,0.274666,0.155134,0.148757,0.226428,0.304099,0.322770,0.341442,0.254676,0.172881
39,50,0.248845,0.295714,0.346350,0.350589,0.354827,0.386328,0.417334,0.436703,0.456072,0.457311,0.458551,0.564173,0.594109,0.437810,0.657622,0.670572,0.617871,0.535803,0.453736,0.248718,0.087970,-0.020669,0.083655,0.145600,0.207545,0.373402,0.539260,0.579665,0.620069,0.626622,0.606313,0.569421,0.527909,0.486397,0.444885,0.090624,0.126985,0.141059,0.155134,0.220003,0.266781,0.313559,0.292919,0.336133,0.254676,0.337992
39,51,0.248845,0.295714,0.346350,0.350589,0.354827,0.386328,0.417334,0.436703,0.456072,0.457311,0.458551,0.564173,0.594109,0.437810,0.657622,0.670572,0.617871,0.535803,0.453736,0.248718,0.087970,-0.020669,0.083655,0.145600,0.207545,0.373402,0.539260,0.579665,0.620069,0.626622,0.606313,0.569421,0.527909,0.486397,0.444885,0.090624,0.126985,0.141059,0.155134,0.220003,0.266781,0.313559,0.292919,0.336133,0.254676,0.337992
39,52,0.369593,0.310107,0.364968,0.359898,0.354827,0.367004,0.417334,0.430934,0.444535,0.475473,0.506411,0.567836,0.536641,0.435364,0.657622,0.651888,0.593017,0.523376,0.453736,0.239699,0.084166,0.086506,0.088847,0.175988,0.263129,0.398576,0.534024,0.565091,0.596157,0.626622,0.606313,0.562199,0.523094,0.483990,0.444885,0.054796,0.027120,0.059603,0.092085,0.215553,0.264556,0.313559,0.329587,0.336133,0.342843,0.332566
